NU_ANO,TP_FAIXA_ETARIA,SG_UF_PROVA,INSCRICOES,PARTICIPANTES
2019,1,AC,1879,1655
2019,1,AL,5602,5002
2019,1,AM,5069,3556
2019,1,AP,2379,2070
2019,1,BA,27978,24794
2019,1,CE,26651,24286
2019,1,DF,5416,4495
2019,1,ES,5751,5010
2019,1,GO,19839,17352
2019,1,MA,18098,15851
2019,1,MG,41820,36938
2019,1,MS,6393,5482
2019,1,MT,7952,6708
2019,1,PA,19575,17380
2019,1,PB,12974,11986
2019,1,PE,26977,23920
2019,1,PI,11266,10276
2019,1,PR,20491,17632
2019,1,RJ,20059,17303
2019,1,RN,5887,5296
2019,1,RO,3234,2804
2019,1,RR,949,772
2019,1,RS,11254,9743
2019,1,SC,9651,8456
2019,1,SE,7362,6708
2019,1,SP,71544,62411
2019,1,TO,4611,4057
2019,2,AC,3808,3437
2019,2,AL,11065,9995
2019,2,AM,13200,10907
2019,2,AP,4149,3693
2019,2,BA,48956,44058
2019,2,CE,53184,48196
2019,2,DF,13474,12277
2019,2,ES,14716,13312
2019,2,GO,31474,27775
2019,2,MA,29404,26000
2019,2,MG,82368,73279
2019,2,MS,11825,10459
2019,2,MT,14993,12978
2019,2,PA,30074,27289
2019,2,PB,17884,16620
2019,2,PE,43168,38557
2019,2,PI,16385,15144
2019,2,PR,49453,42078
2019,2,RJ,47551,42580
2019,2,RN,12463,11439
2019,2,RO,6289,5572
2019,2,RR,1695,1408
2019,2,RS,29212,25959
2019,2,SC,23803,20534
2019,2,SE,9561,8815
2019,2,SP,219723,185768
2019,2,TO,7407,6555
2019,3,AC,4906,4153
2019,3,AL,13492,11571
2019,3,AM,18061,14003
2019,3,AP,5058,4281
2019,3,BA,56564,47839
2019,3,CE,61119,50914
2019,3,DF,15907,13462
2019,3,ES,18156,15358
2019,3,GO,32640,26908
2019,3,MA,33748,28333
2019,3,MG,94912,78818
2019,3,MS,10881,8802
2019,3,MT,15340,12178
2019,3,PA,36088,31128
2019,3,PB,20057,17412
2019,3,PE,46713,38551
2019,3,PI,18818,16450
2019,3,PR,37095,28310
2019,3,RJ,61253,51608
2019,3,RN,16013,14232
2019,3,RO,9012,7461
2019,3,RR,2197,1712
2019,3,RS,41909,35285
2019,3,SC,27758,21830
2019,3,SE,10618,9239
2019,3,SP,148054,113522
2019,3,TO,7797,6385
2019,4,AC,4039,3172
2019,4,AL,10641,8460
2019,4,AM,12908,8922
2019,4,AP,4323,3338
2019,4,BA,47881,37339
2019,4,CE,36377,26588
2019,4,DF,11030,8209
2019,4,ES,12842,9444
2019,4,GO,17731,12589
2019,4,MA,26891,20974
2019,4,MG,63791,47714
2019,4,MS,6851,4886
2019,4,MT,8756,6069
2019,4,PA,29649,23687
2019,4,PB,15919,12816
2019,4,PE,31513,23938
2019,4,PI,14961,12066
2019,4,PR,21258,14684
2019,4,RJ,44397,33398
2019,4,RN,14007,11640
2019,4,RO,6093,4479
2019,4,RR,1541,1128
2019,4,RS,25749,18952
2019,4,SC,11775,7821
2019,4,SE,9069,7318
2019,4,SP,81675,56553
2019,4,TO,5488,4000
2019,5,AC,3346,2423
2019,5,AL,7967,5955
2019,5,AM,9570,6069
2019,5,AP,3518,2527
2019,5,BA,37605,27157
2019,5,CE,23121,15661
2019,5,DF,7948,5442
2019,5,ES,8867,5910
2019,5,GO,11878,7713
2019,5,MA,19954,14677
2019,5,MG,44665,31116
2019,5,MS,4684,3023
2019,5,MT,6047,3788
2019,5,PA,24174,18133
2019,5,PB,12339,9455
2019,5,PE,22147,15880
2019,5,PI,10768,8162
2019,5,PR,14101,9446
2019,5,RJ,30139,20954
2019,5,RN,11006,8566
2019,5,RO,4480,3047
2019,5,RR,1065,708
2019,5,RS,18942,12966
2019,5,SC,6639,4186
2019,5,SE,7174,5393
2019,5,SP,53196,34353
2019,5,TO,4038,2703
2019,6,AC,2655,1796
2019,6,AL,6047,4286
2019,6,AM,7564,4552
2019,6,AP,2719,1878
2019,6,BA,26359,17880
2019,6,CE,14908,9703
2019,6,DF,5892,3768
2019,6,ES,6112,3800
2019,6,GO,8436,5132
2019,6,MA,13888,9796
2019,6,MG,31224,20714
2019,6,MS,3610,2219
2019,6,MT,4406,2667
2019,6,PA,18089,12777
2019,6,PB,9259,6810
2019,6,PE,15430,10515
2019,6,PI,8031,5815
2019,6,PR,10079,6239
2019,6,RJ,19896,12966
2019,6,RN,8192,6011
2019,6,RO,3462,2176
2019,6,RR,774,490
2019,6,RS,13287,8536
2019,6,SC,4621,2760
2019,6,SE,5200,3673
2019,6,SP,37346,22588
2019,6,TO,2821,1754
2019,7,AC,2300,1510
2019,7,AL,4840,3308
2019,7,AM,6140,3540
2019,7,AP,2238,1457
2019,7,BA,21203,13784
2019,7,CE,11518,7244
2019,7,DF,4472,2758
2019,7,ES,4786,2876
2019,7,GO,6597,3935
2019,7,MA,11112,7552
2019,7,MG,25176,15873
2019,7,MS,3012,1742
2019,7,MT,3659,2083
2019,7,PA,14841,10060
2019,7,PB,7725,5466
2019,7,PE,12273,8065
2019,7,PI,6097,4243
2019,7,PR,8367,4996
2019,7,RJ,16173,9957
2019,7,RN,6647,4690
2019,7,RO,2945,1813
2019,7,RR,667,408
2019,7,RS,10573,6505
2019,7,SC,3649,2121
2019,7,SE,4219,2910
2019,7,SP,29577,17008
2019,7,TO,2228,1321
2019,8,AC,1863,1157
2019,8,AL,3954,2541
2019,8,AM,5271,2886
2019,8,AP,2005,1258
2019,8,BA,16762,10559
2019,8,CE,9099,5494
2019,8,DF,3559,2085
2019,8,ES,3703,2127
2019,8,GO,5385,2988
2019,8,MA,9060,5920
2019,8,MG,19848,12179
2019,8,MS,2485,1388
2019,8,MT,3091,1659
2019,8,PA,12653,8264
2019,8,PB,6213,4293
2019,8,PE,9874,6251
2019,8,PI,4913,3366
2019,8,PR,6695,3902
2019,8,RJ,12499,7335
2019,8,RN,5401,3655
2019,8,RO,2584,1555
2019,8,RR,511,271
2019,8,RS,8610,5160
2019,8,SC,2966,1661
2019,8,SE,3298,2196
2019,8,SP,23586,13098
2019,8,TO,1791,992
2019,9,AC,1642,1006
2019,9,AL,3417,2222
2019,9,AM,4405,2355
2019,9,AP,1645,984
2019,9,BA,13853,8374
2019,9,CE,7388,4291
2019,9,DF,3105,1740
2019,9,ES,3212,1700
2019,9,GO,4628,2498
2019,9,MA,7344,4591
2019,9,MG,16368,9599
2019,9,MS,2185,1195
2019,9,MT,2640,1454
2019,9,PA,10368,6609
2019,9,PB,5448,3609
2019,9,PE,8338,5058
2019,9,PI,3944,2579
2019,9,PR,5699,3239
2019,9,RJ,10148,5913
2019,9,RN,4894,3246
2019,9,RO,2157,1297
2019,9,RR,452,280
2019,9,RS,7115,4094
2019,9,SC,2708,1426
2019,9,SE,2796,1791
2019,9,SP,18897,10134
2019,9,TO,1463,812
2019,10,AC,1381,844
2019,10,AL,2789,1758
2019,10,AM,3799,1959
2019,10,AP,1491,872
2019,10,BA,11327,6576
2019,10,CE,5889,3335
2019,10,DF,2547,1423
2019,10,ES,2604,1357
2019,10,GO,3724,1936
2019,10,MA,5797,3546
2019,10,MG,13292,7641
2019,10,MS,1881,986
2019,10,MT,2206,1148
2019,10,PA,9038,5646
2019,10,PB,4344,2724
2019,10,PE,6573,3908
2019,10,PI,3069,1990
2019,10,PR,4701,2629
2019,10,RJ,8270,4574
2019,10,RN,3968,2558
2019,10,RO,2008,1153
2019,10,RR,375,196
2019,10,RS,6094,3441
2019,10,SC,2119,1118
2019,10,SE,2385,1480
2019,10,SP,15148,7836
2019,10,TO,1219,638
2019,11,AC,4641,2667
2019,11,AL,8584,5320
2019,11,AM,12580,6195
2019,11,AP,5021,2806
2019,11,BA,34195,19182
2019,11,CE,18963,10466
2019,11,DF,8252,4250
2019,11,ES,8546,4324
2019,11,GO,11553,6047
2019,11,MA,18207,10816
2019,11,MG,41448,22659
2019,11,MS,6503,3228
2019,11,MT,7389,3594
2019,11,PA,29311,17671
2019,11,PB,14764,9290
2019,11,PE,21182,12312
2019,11,PI,9939,6136
2019,11,PR,14755,7781
2019,11,RJ,25482,13649
2019,11,RN,12736,8063
2019,11,RO,6650,3703
2019,11,RR,1143,601
2019,11,RS,18131,9889
2019,11,SC,6645,3504
2019,11,SE,7221,4436
2019,11,SP,46530,23043
2019,11,TO,3405,1783
2019,12,AC,2829,1614
2019,12,AL,4939,2979
2019,12,AM,7808,3743
2019,12,AP,3205,1797
2019,12,BA,21116,11551
2019,12,CE,11303,6056
2019,12,DF,4954,2521
2019,12,ES,4936,2552
2019,12,GO,6536,3419
2019,12,MA,10932,6424
2019,12,MG,22407,11922
2019,12,MS,4048,2010
2019,12,MT,4490,2153
2019,12,PA,18087,10762
2019,12,PB,8694,5501
2019,12,PE,12142,6868
2019,12,PI,6020,3646
2019,12,PR,7622,4067
2019,12,RJ,14295,7478
2019,12,RN,7663,4564
2019,12,RO,4119,2331
2019,12,RR,670,352
2019,12,RS,10415,5523
2019,12,SC,3552,1840
2019,12,SE,4179,2496
2019,12,SP,26353,12896
2019,12,TO,1730,887
2019,13,AC,1804,1058
2019,13,AL,3063,1864
2019,13,AM,5602,2718
2019,13,AP,2362,1373
2019,13,BA,14416,7930
2019,13,CE,6968,3915
2019,13,DF,3717,1916
2019,13,ES,3403,1777
2019,13,GO,4298,2322
2019,13,MA,6665,4085
2019,13,MG,15629,8601
2019,13,MS,2851,1530
2019,13,MT,3198,1601
2019,13,PA,12691,7671
2019,13,PB,5544,3547
2019,13,PE,8111,4736
2019,13,PI,3622,2346
2019,13,PR,5001,2723
2019,13,RJ,10517,5691
2019,13,RN,4779,2947
2019,13,RO,2824,1612
2019,13,RR,451,214
2019,13,RS,7193,3886
2019,13,SC,2286,1206
2019,13,SE,2463,1512
2019,13,SP,18333,9083
2019,13,TO,1153,617
2019,14,AC,905,525
2019,14,AL,1710,1041
2019,14,AM,3114,1554
2019,14,AP,1320,802
2019,14,BA,8064,4679
2019,14,CE,3897,2314
2019,14,DF,2444,1351
2019,14,ES,2131,1178
2019,14,GO,2590,1494
2019,14,MA,3545,2219
2019,14,MG,9306,5330
2019,14,MS,1572,889
2019,14,MT,1910,990
2019,14,PA,7591,4762
2019,14,PB,2903,1902
2019,14,PE,4924,2970
2019,14,PI,2090,1351
2019,14,PR,2968,1653
2019,14,RJ,7037,4020
2019,14,RN,2695,1719
2019,14,RO,1531,939
2019,14,RR,249,140
2019,14,RS,4212,2386
2019,14,SC,1208,630
2019,14,SE,1409,864
2019,14,SP,11412,6023
2019,14,TO,591,353
2019,15,AC,412,266
2019,15,AL,977,603
2019,15,AM,1817,971
2019,15,AP,636,409
2019,15,BA,4736,2942
2019,15,CE,2274,1402
2019,15,DF,1629,957
2019,15,ES,1279,765
2019,15,GO,1448,821
2019,15,MA,1901,1199
2019,15,MG,5965,3593
2019,15,MS,882,490
2019,15,MT,1121,630
2019,15,PA,4098,2622
2019,15,PB,1625,1090
2019,15,PE,3094,1945
2019,15,PI,1212,798
2019,15,PR,1597,943
2019,15,RJ,5040,3104
2019,15,RN,1583,1032
2019,15,RO,729,466
2019,15,RR,137,70
2019,15,RS,2651,1581
2019,15,SC,691,421
2019,15,SE,839,556
2019,15,SP,7257,4014
2019,15,TO,300,147
2019,16,AC,165,104
2019,16,AL,462,314
2019,16,AM,761,388
2019,16,AP,331,213
2019,16,BA,2548,1558
2019,16,CE,1399,870
2019,16,DF,894,526
2019,16,ES,713,432
2019,16,GO,738,449
2019,16,MA,954,612
2019,16,MG,3595,2271
2019,16,MS,441,280
2019,16,MT,542,330
2019,16,PA,2032,1344
2019,16,PB,915,627
2019,16,PE,1653,1119
2019,16,PI,709,470
2019,16,PR,849,501
2019,16,RJ,3524,2207
2019,16,RN,825,517
2019,16,RO,327,204
2019,16,RR,42,26
2019,16,RS,1708,1070
2019,16,SC,340,190
2019,16,SE,430,285
2019,16,SP,4168,2381
2019,16,TO,121,72
2019,17,AC,45,28
2019,17,AL,211,140
2019,17,AM,335,190
2019,17,AP,137,75
2019,17,BA,1183,752
2019,17,CE,614,377
2019,17,DF,393,232
2019,17,ES,336,217
2019,17,GO,305,182
2019,17,MA,391,253
2019,17,MG,1792,1188
2019,17,MS,178,101
2019,17,MT,251,153
2019,17,PA,816,531
2019,17,PB,371,256
2019,17,PE,777,531
2019,17,PI,310,224
2019,17,PR,361,218
2019,17,RJ,2066,1363
2019,17,RN,392,264
2019,17,RO,138,85
2019,17,RR,28,13
2019,17,RS,896,527
2019,17,SC,194,111
2019,17,SE,166,113
2019,17,SP,1997,1227
2019,17,TO,60,36
2019,18,AC,16,8
2019,18,AL,46,34
2019,18,AM,104,56
2019,18,AP,48,28
2019,18,BA,473,313
2019,18,CE,199,121
2019,18,DF,136,78
2019,18,ES,117,73
2019,18,GO,125,73
2019,18,MA,124,84
2019,18,MG,697,435
2019,18,MS,72,43
2019,18,MT,98,62
2019,18,PA,292,195
2019,18,PB,137,92
2019,18,PE,290,196
2019,18,PI,119,76
2019,18,PR,142,75
2019,18,RJ,918,619
2019,18,RN,123,86
2019,18,RO,37,29
2019,18,RR,5,3
2019,18,RS,361,215
2019,18,SC,60,31
2019,18,SE,63,48
2019,18,SP,801,509
2019,18,TO,20,9
2019,19,AC,7,3
2019,19,AL,13,9
2019,19,AM,29,13
2019,19,AP,13,10
2019,19,BA,146,97
2019,19,CE,80,57
2019,19,DF,52,34
2019,19,ES,48,33
2019,19,GO,45,28
2019,19,MA,47,31
2019,19,MG,237,161
2019,19,MS,31,22
2019,19,MT,21,15
2019,19,PA,96,67
2019,19,PB,50,40
2019,19,PE,105,73
2019,19,PI,29,24
2019,19,PR,55,30
2019,19,RJ,317,209
2019,19,RN,33,23
2019,19,RO,13,8
2019,19,RR,5,5
2019,19,RS,108,73
2019,19,SC,26,14
2019,19,SE,25,19
2019,19,SP,285,173
2019,19,TO,3,3
2019,20,AC,2,1
2019,20,AL,5,5
2019,20,AM,7,2
2019,20,AP,5,3
2019,20,BA,62,35
2019,20,CE,33,14
2019,20,DF,28,17
2019,20,ES,15,13
2019,20,GO,10,5
2019,20,MA,12,7
2019,20,MG,85,52
2019,20,MS,8,4
2019,20,MT,11,5
2019,20,PA,30,22
2019,20,PB,11,5
2019,20,PE,33,23
2019,20,PI,10,3
2019,20,PR,17,9
2019,20,RJ,135,90
2019,20,RN,12,9
2019,20,RO,7,2
2019,20,RS,49,32
2019,20,SC,8,2
2019,20,SE,11,8
2019,20,SP,108,62
2019,20,TO,3,2
2020,1,AC,1482,941
2020,1,AL,4665,3320
2020,1,AM,5605,2491
2020,1,AP,1816,1059
2020,1,BA,24040,15342
2020,1,CE,23206,17007
2020,1,DF,4741,2714
2020,1,ES,4324,2697
2020,1,GO,15960,10403
2020,1,MA,15438,10214
2020,1,MG,33456,20331
2020,1,MS,5933,3656
2020,1,MT,5929,3453
2020,1,PA,17333,11268
2020,1,PB,11461,8577
2020,1,PE,24635,16840
2020,1,PI,9278,6708
2020,1,PR,16241,10564
2020,1,RJ,15612,9902
2020,1,RN,5101,3480
2020,1,RO,2796,1360
2020,1,RR,887,432
2020,1,RS,9893,6746
2020,1,SC,7797,5418
2020,1,SE,6396,4680
2020,1,SP,58200,37131
2020,1,TO,4580,2835
2020,2,AC,3540,2580
2020,2,AL,10284,7369
2020,2,AM,15706,8228
2020,2,AP,3767,2542
2020,2,BA,46013,33442
2020,2,CE,51242,34947
2020,2,DF,13776,10160
2020,2,ES,12087,8644
2020,2,GO,33221,21001
2020,2,MA,27757,18931
2020,2,MG,74376,49581
2020,2,MS,11852,7816
2020,2,MT,13233,8384
2020,2,PA,28824,20524
2020,2,PB,17666,13637
2020,2,PE,42507,29915
2020,2,PI,14892,11130
2020,2,PR,47509,31512
2020,2,RJ,44890,31577
2020,2,RN,11212,8336
2020,2,RO,6087,3282
2020,2,RR,1887,1101
2020,2,RS,25879,18128
2020,2,SC,20441,13197
2020,2,SE,9356,7095
2020,2,SP,178933,109777
2020,2,TO,8467,5283
2020,3,AC,4863,3061
2020,3,AL,13774,8773
2020,3,AM,23212,10034
2020,3,AP,4908,2941
2020,3,BA,59181,39019
2020,3,CE,62811,35156
2020,3,DF,16973,11026
2020,3,ES,17993,11147
2020,3,GO,40558,20828
2020,3,MA,32507,19667
2020,3,MG,89613,53050
2020,3,MS,10917,5478
2020,3,MT,16143,8820
2020,3,PA,36911,23718
2020,3,PB,19740,13173
2020,3,PE,48854,28208
2020,3,PI,17612,11644
2020,3,PR,38950,20636
2020,3,RJ,58717,36111
2020,3,RN,15645,10920
2020,3,RO,9613,4368
2020,3,RR,2714,1335
2020,3,RS,40680,25232
2020,3,SC,26964,13902
2020,3,SE,10801,7201
2020,3,SP,157902,79810
2020,3,TO,9159,4786
2020,4,AC,4169,2145
2020,4,AL,11339,6474
2020,4,AM,16891,5590
2020,4,AP,4449,2212
2020,4,BA,49506,27483
2020,4,CE,36659,17103
2020,4,DF,11954,6164
2020,4,ES,12334,5993
2020,4,GO,22944,9447
2020,4,MA,27124,14207
2020,4,MG,62737,30839
2020,4,MS,7648,3143
2020,4,MT,9975,4217
2020,4,PA,32926,18087
2020,4,PB,16606,9676
2020,4,PE,34548,17238
2020,4,PI,15057,8503
2020,4,PR,22713,9930
2020,4,RJ,43739,22198
2020,4,RN,13394,8350
2020,4,RO,6925,2567
2020,4,RR,1863,732
2020,4,RS,27739,14070
2020,4,SC,11779,4886
2020,4,SE,9297,5197
2020,4,SP,88307,37961
2020,4,TO,6828,2974
2020,5,AC,3386,1544
2020,5,AL,8997,4662
2020,5,AM,13260,3829
2020,5,AP,3753,1653
2020,5,BA,40666,19128
2020,5,CE,24881,10597
2020,5,DF,9199,4152
2020,5,ES,8974,3663
2020,5,GO,14932,5343
2020,5,MA,21718,9981
2020,5,MG,47841,20533
2020,5,MS,6031,2062
2020,5,MT,7227,2643
2020,5,PA,26650,12725
2020,5,PB,13173,6758
2020,5,PE,24610,11312
2020,5,PI,11772,5916
2020,5,PR,16072,6184
2020,5,RJ,33554,14641
2020,5,RN,11506,6249
2020,5,RO,5207,1690
2020,5,RR,1358,514
2020,5,RS,20832,9058
2020,5,SC,7912,2878
2020,5,SE,7984,3972
2020,5,SP,63161,23497
2020,5,TO,4950,1886
2020,6,AC,2955,1197
2020,6,AL,7055,3288
2020,6,AM,10253,2712
2020,6,AP,3140,1214
2020,6,BA,32126,13318
2020,6,CE,17451,7081
2020,6,DF,7293,2901
2020,6,ES,6690,2325
2020,6,GO,11197,3629
2020,6,MA,16735,7071
2020,6,MG,36594,14108
2020,6,MS,4522,1353
2020,6,MT,5375,1790
2020,6,PA,22278,9622
2020,6,PB,10610,4929
2020,6,PE,18869,8077
2020,6,PI,8951,4004
2020,6,PR,12350,4324
2020,6,RJ,25231,9621
2020,6,RN,9119,4458
2020,6,RO,4274,1214
2020,6,RR,1099,361
2020,6,RS,16040,6099
2020,6,SC,5819,1847
2020,6,SE,6285,2852
2020,6,SP,47561,15767
2020,6,TO,3862,1341
2020,7,AC,2463,932
2020,7,AL,5489,2414
2020,7,AM,8511,2258
2020,7,AP,2612,927
2020,7,BA,23761,8748
2020,7,CE,13179,5039
2020,7,DF,6086,2153
2020,7,ES,5189,1717
2020,7,GO,8934,2618
2020,7,MA,12518,4898
2020,7,MG,28116,9982
2020,7,MS,3722,1033
2020,7,MT,4437,1267
2020,7,PA,17351,6953
2020,7,PB,8475,3736
2020,7,PE,14387,5734
2020,7,PI,7057,2829
2020,7,PR,10032,3271
2020,7,RJ,18703,6504
2020,7,RN,7393,3259
2020,7,RO,3369,908
2020,7,RR,847,262
2020,7,RS,12386,4381
2020,7,SC,4559,1366
2020,7,SE,4624,1974
2020,7,SP,37558,11431
2020,7,TO,2951,878
2020,8,AC,2240,781
2020,8,AL,4910,2001
2020,8,AM,7591,1897
2020,8,AP,2328,760
2020,8,BA,20695,7165
2020,8,CE,11264,3990
2020,8,DF,4999,1693
2020,8,ES,4463,1338
2020,8,GO,7441,2088
2020,8,MA,10740,3958
2020,8,MG,24565,7971
2020,8,MS,3366,827
2020,8,MT,4050,1083
2020,8,PA,15392,5795
2020,8,PB,7460,3075
2020,8,PE,12194,4550
2020,8,PI,5923,2297
2020,8,PR,8717,2668
2020,8,RJ,16791,5482
2020,8,RN,6344,2643
2020,8,RO,3074,781
2020,8,RR,747,194
2020,8,RS,10719,3607
2020,8,SC,4062,1074
2020,8,SE,3962,1583
2020,8,SP,33233,9219
2020,8,TO,2542,725
2020,9,AC,1844,627
2020,9,AL,4103,1640
2020,9,AM,6644,1520
2020,9,AP,2134,668
2020,9,BA,16907,5355
2020,9,CE,9859,3302
2020,9,DF,4430,1385
2020,9,ES,3574,1028
2020,9,GO,6404,1611
2020,9,MA,9168,3258
2020,9,MG,20476,6244
2020,9,MS,3021,718
2020,9,MT,3630,968
2020,9,PA,13713,4969
2020,9,PB,6422,2542
2020,9,PE,10536,3681
2020,9,PI,5106,1809
2020,9,PR,7663,2200
2020,9,RJ,13846,4156
2020,9,RN,5457,2194
2020,9,RO,2859,689
2020,9,RR,615,165
2020,9,RS,9204,2902
2020,9,SC,3537,929
2020,9,SE,3371,1221
2020,9,SP,28031,7375
2020,9,TO,2135,588
2020,10,AC,1639,537
2020,10,AL,3669,1421
2020,10,AM,5680,1274
2020,10,AP,1772,571
2020,10,BA,14650,4451
2020,10,CE,8698,2738
2020,10,DF,3904,1112
2020,10,ES,3121,828
2020,10,GO,5605,1443
2020,10,MA,7617,2575
2020,10,MG,17822,5124
2020,10,MS,2615,595
2020,10,MT,3218,754
2020,10,PA,11725,3976
2020,10,PB,5782,2156
2020,10,PE,9026,3046
2020,10,PI,4287,1453
2020,10,PR,6690,1791
2020,10,RJ,11986,3438
2020,10,RN,5106,1859
2020,10,RO,2478,597
2020,10,RR,531,131
2020,10,RS,8117,2413
2020,10,SC,3203,817
2020,10,SE,2914,1001
2020,10,SP,23742,5766
2020,10,TO,1747,425
2020,11,AC,5513,1742
2020,11,AL,11928,4285
2020,11,AM,19817,4098
2020,11,AP,6304,1810
2020,11,BA,46412,12971
2020,11,CE,26924,8077
2020,11,DF,12602,3349
2020,11,ES,10179,2532
2020,11,GO,17911,4341
2020,11,MA,23471,7398
2020,11,MG,57086,15454
2020,11,MS,9568,2076
2020,11,MT,10985,2461
2020,11,PA,40807,13204
2020,11,PB,19163,6954
2020,11,PE,29223,9213
2020,11,PI,13693,4373
2020,11,PR,22069,5775
2020,11,RJ,38189,10264
2020,11,RN,16266,5733
2020,11,RO,8946,1999
2020,11,RR,1808,413
2020,11,RS,25946,7178
2020,11,SC,10612,2593
2020,11,SE,9613,3265
2020,11,SP,74857,17138
2020,11,TO,5550,1384
2020,12,AC,3355,1023
2020,12,AL,6943,2497
2020,12,AM,11957,2450
2020,12,AP,4062,1165
2020,12,BA,28332,7687
2020,12,CE,16682,5007
2020,12,DF,7336,1827
2020,12,ES,6120,1478
2020,12,GO,10267,2509
2020,12,MA,14720,4577
2020,12,MG,31569,8240
2020,12,MS,5920,1330
2020,12,MT,6830,1528
2020,12,PA,25672,8241
2020,12,PB,12022,4361
2020,12,PE,17837,5510
2020,12,PI,8810,2848
2020,12,PR,12329,3233
2020,12,RJ,21272,5591
2020,12,RN,10213,3473
2020,12,RO,5740,1318
2020,12,RR,1044,226
2020,12,RS,15323,4081
2020,12,SC,5919,1412
2020,12,SE,5596,1814
2020,12,SP,43099,9552
2020,12,TO,2839,738
2020,13,AC,2260,730
2020,13,AL,4470,1639
2020,13,AM,8464,1799
2020,13,AP,2946,971
2020,13,BA,20316,5687
2020,13,CE,10190,3324
2020,13,DF,5391,1508
2020,13,ES,4410,1111
2020,13,GO,6953,1743
2020,13,MA,9176,2988
2020,13,MG,21786,5840
2020,13,MS,4221,922
2020,13,MT,4783,1086
2020,13,PA,18291,6256
2020,13,PB,7592,2825
2020,13,PE,11954,3904
2020,13,PI,5408,1793
2020,13,PR,8106,2132
2020,13,RJ,15769,4304
2020,13,RN,6661,2321
2020,13,RO,3892,929
2020,13,RR,729,154
2020,13,RS,10984,3071
2020,13,SC,3898,945
2020,13,SE,3661,1232
2020,13,SP,30880,6967
2020,13,TO,1836,480
2020,14,AC,1205,438
2020,14,AL,2438,947
2020,14,AM,5053,1003
2020,14,AP,1709,528
2020,14,BA,11769,3466
2020,14,CE,5749,2042
2020,14,DF,3759,1197
2020,14,ES,2861,793
2020,14,GO,4276,1201
2020,14,MA,5028,1766
2020,14,MG,13631,3877
2020,14,MS,2549,650
2020,14,MT,2967,771
2020,14,PA,11271,4020
2020,14,PB,4245,1634
2020,14,PE,7506,2578
2020,14,PI,3348,1153
2020,14,PR,4905,1330
2020,14,RJ,11053,3385
2020,14,RN,3728,1386
2020,14,RO,2269,560
2020,14,RR,401,101
2020,14,RS,6665,1915
2020,14,SC,2277,589
2020,14,SE,2082,727
2020,14,SP,20068,4806
2020,14,TO,983,258
2020,15,AC,583,195
2020,15,AL,1362,521
2020,15,AM,2768,604
2020,15,AP,917,336
2020,15,BA,6825,2111
2020,15,CE,3475,1255
2020,15,DF,2347,751
2020,15,ES,1787,574
2020,15,GO,2462,727
2020,15,MA,2510,945
2020,15,MG,8595,2733
2020,15,MS,1449,362
2020,15,MT,1601,421
2020,15,PA,6516,2424
2020,15,PB,2419,982
2020,15,PE,4621,1724
2020,15,PI,1817,700
2020,15,PR,2858,826
2020,15,RJ,7965,2626
2020,15,RN,2081,762
2020,15,RO,1239,316
2020,15,RR,203,46
2020,15,RS,4214,1289
2020,15,SC,1321,363
2020,15,SE,1200,435
2020,15,SP,12488,3300
2020,15,TO,456,107
2020,16,AC,222,57
2020,16,AL,711,281
2020,16,AM,1249,274
2020,16,AP,398,130
2020,16,BA,3738,1163
2020,16,CE,1949,699
2020,16,DF,1302,406
2020,16,ES,1014,313
2020,16,GO,1244,363
2020,16,MA,1239,480
2020,16,MG,5086,1600
2020,16,MS,741,213
2020,16,MT,822,208
2020,16,PA,3227,1228
2020,16,PB,1269,495
2020,16,PE,2503,971
2020,16,PI,1008,378
2020,16,PR,1489,453
2020,16,RJ,5365,1857
2020,16,RN,1169,427
2020,16,RO,541,110
2020,16,RR,92,17
2020,16,RS,2486,771
2020,16,SC,627,190
2020,16,SE,648,243
2020,16,SP,7194,1923
2020,16,TO,206,68
2020,17,AC,73,26
2020,17,AL,312,125
2020,17,AM,538,95
2020,17,AP,172,51
2020,17,BA,1773,540
2020,17,CE,978,333
2020,17,DF,566,167
2020,17,ES,445,147
2020,17,GO,524,151
2020,17,MA,548,205
2020,17,MG,2541,816
2020,17,MS,308,89
2020,17,MT,345,93
2020,17,PA,1310,458
2020,17,PB,570,235
2020,17,PE,1190,449
2020,17,PI,461,149
2020,17,PR,622,169
2020,17,RJ,2917,1027
2020,17,RN,558,201
2020,17,RO,198,42
2020,17,RR,41,9
2020,17,RS,1340,422
2020,17,SC,286,84
2020,17,SE,277,105
2020,17,SP,3414,948
2020,17,TO,76,19
2020,18,AC,18,4
2020,18,AL,64,30
2020,18,AM,172,26
2020,18,AP,52,18
2020,18,BA,666,198
2020,18,CE,336,117
2020,18,DF,182,60
2020,18,ES,172,65
2020,18,GO,149,54
2020,18,MA,179,70
2020,18,MG,887,278
2020,18,MS,127,43
2020,18,MT,117,33
2020,18,PA,513,183
2020,18,PB,212,78
2020,18,PE,398,149
2020,18,PI,131,45
2020,18,PR,220,70
2020,18,RJ,1279,413
2020,18,RN,201,70
2020,18,RO,62,17
2020,18,RR,11,2
2020,18,RS,481,173
2020,18,SC,101,29
2020,18,SE,83,28
2020,18,SP,1298,376
2020,18,TO,33,8
2020,19,AC,12,3
2020,19,AL,31,12
2020,19,AM,42,7
2020,19,AP,16,7
2020,19,BA,250,67
2020,19,CE,112,44
2020,19,DF,70,18
2020,19,ES,60,14
2020,19,GO,71,18
2020,19,MA,62,17
2020,19,MG,302,96
2020,19,MS,30,8
2020,19,MT,49,10
2020,19,PA,132,41
2020,19,PB,55,17
2020,19,PE,126,48
2020,19,PI,56,24
2020,19,PR,79,36
2020,19,RJ,417,140
2020,19,RN,51,15
2020,19,RO,20,5
2020,19,RR,7,4
2020,19,RS,149,43
2020,19,SC,27,8
2020,19,SE,44,16
2020,19,SP,417,115
2020,19,TO,6,0
2020,20,AC,2,0
2020,20,AL,7,4
2020,20,AM,13,1
2020,20,AP,8,5
2020,20,BA,65,20
2020,20,CE,35,12
2020,20,DF,22,8
2020,20,ES,15,6
2020,20,GO,16,3
2020,20,MA,17,6
2020,20,MG,132,35
2020,20,MS,8,3
2020,20,MT,11,4
2020,20,PA,41,9
2020,20,PB,23,6
2020,20,PE,45,14
2020,20,PI,11,1
2020,20,PR,21,4
2020,20,RJ,185,72
2020,20,RN,20,6
2020,20,RO,5,1
2020,20,RR,1,0
2020,20,RS,53,11
2020,20,SC,12,2
2020,20,SE,11,4
2020,20,SP,149,44
2020,20,TO,3,0
2021,1,AC,1152,948
2021,1,AL,4224,3614
2021,1,AM,3663,2528
2021,1,AP,1131,957
2021,1,BA,18592,16179
2021,1,CE,17197,14888
2021,1,DF,4200,3377
2021,1,ES,4021,3401
2021,1,GO,13876,11591
2021,1,MA,11039,9324
2021,1,MG,26494,22435
2021,1,MS,4683,3821
2021,1,MT,5086,4126
2021,1,PA,13904,11649
2021,1,PB,10848,9477
2021,1,PE,18797,15985
2021,1,PI,7686,6812
2021,1,PR,14722,12298
2021,1,RJ,14796,12580
2021,1,RN,4583,3998
2021,1,RO,2091,1667
2021,1,RR,546,407
2021,1,RS,9132,7731
2021,1,SC,8231,6962
2021,1,SE,5864,5086
2021,1,SP,44371,38161
2021,1,TO,3389,2837
2021,2,AC,2621,2193
2021,2,AL,7704,6715
2021,2,AM,13888,9531
2021,2,AP,2442,2038
2021,2,BA,35737,30714
2021,2,CE,46470,36941
2021,2,DF,11126,9689
2021,2,ES,10332,8822
2021,2,GO,30196,22698
2021,2,MA,20463,17086
2021,2,MG,58295,48429
2021,2,MS,10152,8289
2021,2,MT,10268,8335
2021,2,PA,21887,18741
2021,2,PB,15581,13568
2021,2,PE,34167,28894
2021,2,PI,12392,11001
2021,2,PR,40982,33510
2021,2,RJ,38763,33556
2021,2,RN,9158,8185
2021,2,RO,4830,3789
2021,2,RR,1169,898
2021,2,RS,24154,20647
2021,2,SC,19271,15741
2021,2,SE,7842,6975
2021,2,SP,124843,104693
2021,2,TO,6051,4830
2021,3,AC,3562,2731
2021,3,AL,9982,8049
2021,3,AM,20822,12505
2021,3,AP,3582,2727
2021,3,BA,46255,35939
2021,3,CE,56902,39636
2021,3,DF,14066,11050
2021,3,ES,15575,12261
2021,3,GO,35390,22542
2021,3,MA,24334,18664
2021,3,MG,66865,51363
2021,3,MS,7343,5213
2021,3,MT,12109,8865
2021,3,PA,28187,22193
2021,3,PB,16299,12934
2021,3,PE,39020,29350
2021,3,PI,14052,11565
2021,3,PR,27870,19346
2021,3,RJ,47183,37265
2021,3,RN,12605,10734
2021,3,RO,7128,4759
2021,3,RR,1830,1266
2021,3,RS,32283,25477
2021,3,SC,21944,15875
2021,3,SE,8824,7155
2021,3,SP,118902,90441
2021,3,TO,6451,4533
2021,4,AC,2499,1657
2021,4,AL,7019,5078
2021,4,AM,11335,5328
2021,4,AP,2435,1598
2021,4,BA,36906,25320
2021,4,CE,27539,16130
2021,4,DF,8034,5346
2021,4,ES,8091,5251
2021,4,GO,15861,8658
2021,4,MA,15785,10680
2021,4,MG,39026,26679
2021,4,MS,3978,2397
2021,4,MT,6055,3709
2021,4,PA,21164,14826
2021,4,PB,11441,8166
2021,4,PE,22193,14898
2021,4,PI,9970,7380
2021,4,PR,13871,8459
2021,4,RJ,29466,19940
2021,4,RN,10072,7903
2021,4,RO,3639,2087
2021,4,RR,1053,616
2021,4,RS,18906,12932
2021,4,SC,7678,4682
2021,4,SE,6131,4418
2021,4,SP,50961,33637
2021,4,TO,3581,2191
2021,5,AC,1725,1042
2021,5,AL,4913,3249
2021,5,AM,6817,2894
2021,5,AP,1728,1025
2021,5,BA,25511,15919
2021,5,CE,15275,8325
2021,5,DF,4890,3117
2021,5,ES,4775,2768
2021,5,GO,8172,4264
2021,5,MA,10774,6674
2021,5,MG,24498,15094
2021,5,MS,2605,1408
2021,5,MT,3633,1947
2021,5,PA,15741,9959
2021,5,PB,8147,5295
2021,5,PE,14408,9019
2021,5,PI,7100,4738
2021,5,PR,8010,4512
2021,5,RJ,18859,11402
2021,5,RN,7121,5043
2021,5,RO,2258,1155
2021,5,RR,588,322
2021,5,RS,12097,7644
2021,5,SC,4177,2356
2021,5,SE,4492,2914
2021,5,SP,30040,17991
2021,5,TO,2336,1318
2021,6,AC,1227,683
2021,6,AL,3551,2151
2021,6,AM,4744,1846
2021,6,AP,1339,711
2021,6,BA,17774,10288
2021,6,CE,9628,5066
2021,6,DF,3509,2067
2021,6,ES,3289,1712
2021,6,GO,5156,2569
2021,6,MA,7877,4534
2021,6,MG,17873,10305
2021,6,MS,1779,906
2021,6,MT,2555,1254
2021,6,PA,11320,6553
2021,6,PB,5721,3515
2021,6,PE,9856,5731
2021,6,PI,4884,3066
2021,6,PR,5767,3057
2021,6,RJ,13706,7634
2021,6,RN,5455,3505
2021,6,RO,1613,761
2021,6,RR,452,226
2021,6,RS,8416,4801
2021,6,SC,2873,1518
2021,6,SE,3269,1978
2021,6,SP,21868,12232
2021,6,TO,1585,807
2021,7,AC,978,517
2021,7,AL,2712,1579
2021,7,AM,3504,1329
2021,7,AP,1080,548
2021,7,BA,13072,7125
2021,7,CE,6577,3371
2021,7,DF,2674,1455
2021,7,ES,2442,1179
2021,7,GO,3784,1780
2021,7,MA,5694,3036
2021,7,MG,13287,7332
2021,7,MS,1343,636
2021,7,MT,1814,800
2021,7,PA,9046,4843
2021,7,PB,4384,2616
2021,7,PE,7513,4149
2021,7,PI,3477,1976
2021,7,PR,4404,2222
2021,7,RJ,10029,5182
2021,7,RN,4122,2529
2021,7,RO,1258,535
2021,7,RR,324,176
2021,7,RS,6117,3284
2021,7,SC,2155,1004
2021,7,SE,2511,1421
2021,7,SP,16580,8660
2021,7,TO,1171,591
2021,8,AC,808,390
2021,8,AL,2016,1161
2021,8,AM,2860,1100
2021,8,AP,862,361
2021,8,BA,9251,4717
2021,8,CE,5009,2545
2021,8,DF,2164,1121
2021,8,ES,1880,854
2021,8,GO,2870,1274
2021,8,MA,4104,2126
2021,8,MG,10120,5286
2021,8,MS,1132,509
2021,8,MT,1462,636
2021,8,PA,6963,3565
2021,8,PB,3399,1881
2021,8,PE,5679,2984
2021,8,PI,2579,1424
2021,8,PR,3552,1745
2021,8,RJ,7430,3640
2021,8,RN,3198,1933
2021,8,RO,1002,401
2021,8,RR,256,141
2021,8,RS,4793,2426
2021,8,SC,1709,812
2021,8,SE,1891,1017
2021,8,SP,12734,6266
2021,8,TO,857,389
2021,9,AC,657,302
2021,9,AL,1744,901
2021,9,AM,2528,895
2021,9,AP,717,313
2021,9,BA,7746,3682
2021,9,CE,4193,2047
2021,9,DF,1822,899
2021,9,ES,1622,717
2021,9,GO,2467,1046
2021,9,MA,3449,1700
2021,9,MG,8474,4194
2021,9,MS,993,403
2021,9,MT,1281,519
2021,9,PA,6186,2990
2021,9,PB,2962,1559
2021,9,PE,4801,2434
2021,9,PI,2099,1119
2021,9,PR,2981,1395
2021,9,RJ,6510,3071
2021,9,RN,2651,1446
2021,9,RO,890,375
2021,9,RR,232,106
2021,9,RS,3944,1927
2021,9,SC,1486,649
2021,9,SE,1521,804
2021,9,SP,11082,5164
2021,9,TO,704,322
2021,10,AC,519,221
2021,10,AL,1418,686
2021,10,AM,2182,762
2021,10,AP,623,268
2021,10,BA,6078,2845
2021,10,CE,3582,1575
2021,10,DF,1494,689
2021,10,ES,1300,571
2021,10,GO,2086,833
2021,10,MA,2945,1370
2021,10,MG,6852,3222
2021,10,MS,847,356
2021,10,MT,1211,487
2021,10,PA,5262,2417
2021,10,PB,2450,1246
2021,10,PE,4113,2035
2021,10,PI,1777,888
2021,10,PR,2583,1178
2021,10,RJ,5205,2339
2021,10,RN,2239,1206
2021,10,RO,759,312
2021,10,RR,176,72
2021,10,RS,3290,1582
2021,10,SC,1342,562
2021,10,SE,1254,602
2021,10,SP,9053,3935
2021,10,TO,559,240
2021,11,AC,1844,794
2021,11,AL,4645,2239
2021,11,AM,7083,2375
2021,11,AP,2118,861
2021,11,BA,19346,8416
2021,11,CE,11052,4769
2021,11,DF,4868,2091
2021,11,ES,4022,1605
2021,11,GO,6830,2596
2021,11,MA,8814,3966
2021,11,MG,22214,9625
2021,11,MS,2859,1050
2021,11,MT,3900,1543
2021,11,PA,17606,7896
2021,11,PB,8162,4070
2021,11,PE,12813,6154
2021,11,PI,5409,2543
2021,11,PR,8268,3458
2021,11,RJ,16551,7080
2021,11,RN,7729,3931
2021,11,RO,2801,1039
2021,11,RR,617,253
2021,11,RS,10416,4669
2021,11,SC,4271,1740
2021,11,SE,4110,1964
2021,11,SP,27284,11265
2021,11,TO,1942,788
2021,12,AC,1139,486
2021,12,AL,2743,1300
2021,12,AM,3982,1262
2021,12,AP,1384,564
2021,12,BA,10683,4627
2021,12,CE,6662,2836
2021,12,DF,2890,1258
2021,12,ES,2493,980
2021,12,GO,3817,1425
2021,12,MA,5168,2211
2021,12,MG,12142,5181
2021,12,MS,1790,655
2021,12,MT,2585,1037
2021,12,PA,10351,4688
2021,12,PB,5016,2465
2021,12,PE,7484,3509
2021,12,PI,3293,1493
2021,12,PR,4613,1937
2021,12,RJ,9058,3826
2021,12,RN,4677,2268
2021,12,RO,1829,695
2021,12,RR,321,142
2021,12,RS,5940,2671
2021,12,SC,2292,943
2021,12,SE,2338,1080
2021,12,SP,15112,5958
2021,12,TO,944,382
2021,13,AC,803,349
2021,13,AL,1852,916
2021,13,AM,2863,948
2021,13,AP,1064,450
2021,13,BA,8175,3619
2021,13,CE,4430,1885
2021,13,DF,2181,1015
2021,13,ES,1701,677
2021,13,GO,2824,1063
2021,13,MA,3488,1585
2021,13,MG,8435,3658
2021,13,MS,1339,493
2021,13,MT,1864,780
2021,13,PA,7819,3622
2021,13,PB,3445,1770
2021,13,PE,5275,2468
2021,13,PI,2237,1023
2021,13,PR,2913,1271
2021,13,RJ,6826,3032
2021,13,RN,3173,1547
2021,13,RO,1274,505
2021,13,RR,251,106
2021,13,RS,4451,1969
2021,13,SC,1467,617
2021,13,SE,1634,813
2021,13,SP,10664,4267
2021,13,TO,625,268
2021,14,AC,461,231
2021,14,AL,999,494
2021,14,AM,1705,544
2021,14,AP,655,273
2021,14,BA,5115,2378
2021,14,CE,2624,1177
2021,14,DF,1526,740
2021,14,ES,1123,512
2021,14,GO,1733,689
2021,14,MA,2000,953
2021,14,MG,5636,2582
2021,14,MS,789,321
2021,14,MT,1093,443
2021,14,PA,4941,2468
2021,14,PB,2007,1025
2021,14,PE,3322,1674
2021,14,PI,1476,773
2021,14,PR,1813,811
2021,14,RJ,4937,2309
2021,14,RN,1926,1002
2021,14,RO,749,315
2021,14,RR,131,60
2021,14,RS,2816,1259
2021,14,SC,878,380
2021,14,SE,965,490
2021,14,SP,6983,2963
2021,14,TO,351,144
2021,15,AC,199,99
2021,15,AL,578,315
2021,15,AM,980,390
2021,15,AP,338,169
2021,15,BA,2893,1427
2021,15,CE,1644,801
2021,15,DF,998,495
2021,15,ES,734,326
2021,15,GO,1014,434
2021,15,MA,1057,529
2021,15,MG,3535,1711
2021,15,MS,455,209
2021,15,MT,655,282
2021,15,PA,3025,1558
2021,15,PB,1105,605
2021,15,PE,2026,1049
2021,15,PI,789,445
2021,15,PR,969,439
2021,15,RJ,3748,1893
2021,15,RN,1033,542
2021,15,RO,406,184
2021,15,RR,57,30
2021,15,RS,1759,860
2021,15,SC,528,239
2021,15,SE,593,332
2021,15,SP,4495,2069
2021,15,TO,195,87
2021,16,AC,103,51
2021,16,AL,297,151
2021,16,AM,494,191
2021,16,AP,158,88
2021,16,BA,1694,859
2021,16,CE,941,443
2021,16,DF,584,334
2021,16,ES,413,223
2021,16,GO,474,208
2021,16,MA,553,291
2021,16,MG,2227,1170
2021,16,MS,223,95
2021,16,MT,279,143
2021,16,PA,1538,823
2021,16,PB,599,348
2021,16,PE,1210,672
2021,16,PI,413,239
2021,16,PR,570,278
2021,16,RJ,2542,1407
2021,16,RN,599,328
2021,16,RO,155,74
2021,16,RR,29,10
2021,16,RS,1088,540
2021,16,SC,265,117
2021,16,SE,307,165
2021,16,SP,2719,1281
2021,16,TO,90,52
2021,17,AC,30,16
2021,17,AL,144,81
2021,17,AM,232,94
2021,17,AP,76,28
2021,17,BA,855,451
2021,17,CE,537,271
2021,17,DF,317,179
2021,17,ES,235,115
2021,17,GO,224,107
2021,17,MA,246,122
2021,17,MG,1210,670
2021,17,MS,117,53
2021,17,MT,151,85
2021,17,PA,655,354
2021,17,PB,289,170
2021,17,PE,637,353
2021,17,PI,219,116
2021,17,PR,265,126
2021,17,RJ,1661,906
2021,17,RN,312,155
2021,17,RO,83,33
2021,17,RR,19,8
2021,17,RS,583,310
2021,17,SC,130,63
2021,17,SE,148,90
2021,17,SP,1397,702
2021,17,TO,32,16
2021,18,AC,5,5
2021,18,AL,32,19
2021,18,AM,59,23
2021,18,AP,27,14
2021,18,BA,333,188
2021,18,CE,161,75
2021,18,DF,110,53
2021,18,ES,90,49
2021,18,GO,102,47
2021,18,MA,78,44
2021,18,MG,427,234
2021,18,MS,37,26
2021,18,MT,65,33
2021,18,PA,276,156
2021,18,PB,107,67
2021,18,PE,226,126
2021,18,PI,87,45
2021,18,PR,73,38
2021,18,RJ,731,401
2021,18,RN,125,77
2021,18,RO,25,14
2021,18,RR,3,2
2021,18,RS,199,99
2021,18,SC,36,21
2021,18,SE,65,35
2021,18,SP,617,323
2021,18,TO,6,2
2021,19,AC,3,3
2021,19,AL,7,3
2021,19,AM,30,12
2021,19,AP,10,3
2021,19,BA,123,69
2021,19,CE,62,33
2021,19,DF,32,19
2021,19,ES,33,19
2021,19,GO,29,16
2021,19,MA,28,15
2021,19,MG,138,81
2021,19,MS,19,9
2021,19,MT,14,4
2021,19,PA,82,43
2021,19,PB,25,15
2021,19,PE,58,31
2021,19,PI,26,14
2021,19,PR,38,22
2021,19,RJ,246,141
2021,19,RN,27,21
2021,19,RO,10,3
2021,19,RS,74,36
2021,19,SC,25,12
2021,19,SE,24,18
2021,19,SP,175,100
2021,19,TO,4,2
2021,20,AC,1,0
2021,20,AL,4,2
2021,20,AM,7,3
2021,20,AP,5,1
2021,20,BA,55,31
2021,20,CE,32,9
2021,20,DF,16,11
2021,20,ES,10,6
2021,20,GO,10,4
2021,20,MA,9,5
2021,20,MG,81,46
2021,20,MS,7,6
2021,20,MT,5,3
2021,20,PA,25,13
2021,20,PB,15,8
2021,20,PE,18,12
2021,20,PI,4,1
2021,20,PR,18,13
2021,20,RJ,100,59
2021,20,RN,15,10
2021,20,RO,1,1
2021,20,RR,2,0
2021,20,RS,26,18
2021,20,SC,7,1
2021,20,SE,13,6
2021,20,SP,74,41
2022,1,AC,1225,954
2022,1,AL,4592,3838
2022,1,AM,4200,2688
2022,1,AP,1407,1130
2022,1,BA,21444,17932
2022,1,CE,19858,16803
2022,1,DF,4684,3630
2022,1,ES,4383,3373
2022,1,GO,16985,13719
2022,1,MA,12861,10569
2022,1,MG,27464,22657
2022,1,MS,5242,4007
2022,1,MT,5813,4434
2022,1,PA,16440,13615
2022,1,PB,10980,9443
2022,1,PE,19356,16049
2022,1,PI,8446,7324
2022,1,PR,16766,13319
2022,1,RJ,16521,13516
2022,1,RN,4756,3961
2022,1,RO,2477,1914
2022,1,RR,726,523
2022,1,RS,9289,7366
2022,1,SC,8340,6601
2022,1,SE,6541,5617
2022,1,SP,49338,39939
2022,1,TO,3471,2828
2022,2,AC,3339,2717
2022,2,AL,10151,8285
2022,2,AM,14274,9327
2022,2,AP,2937,2381
2022,2,BA,42092,35361
2022,2,CE,51400,42283
2022,2,DF,12628,10700
2022,2,ES,11414,9416
2022,2,GO,34797,26297
2022,2,MA,24857,20108
2022,2,MG,61417,50917
2022,2,MS,11719,9241
2022,2,MT,13180,10252
2022,2,PA,27968,23472
2022,2,PB,17609,15052
2022,2,PE,37215,30788
2022,2,PI,14509,12587
2022,2,PR,47231,36513
2022,2,RJ,45740,38195
2022,2,RN,11495,9981
2022,2,RO,5622,4339
2022,2,RR,1381,966
2022,2,RS,26593,21906
2022,2,SC,21197,16829
2022,2,SE,9510,8264
2022,2,SP,144120,114687
2022,2,TO,6883,5289
2022,3,AC,4214,3099
2022,3,AL,13196,9815
2022,3,AM,20051,11550
2022,3,AP,3870,2936
2022,3,BA,51469,40167
2022,3,CE,61138,45104
2022,3,DF,14980,11681
2022,3,ES,17328,13383
2022,3,GO,38816,24920
2022,3,MA,27886,20645
2022,3,MG,70493,53906
2022,3,MS,8763,5865
2022,3,MT,14968,10418
2022,3,PA,34672,26748
2022,3,PB,18221,14203
2022,3,PE,41459,30563
2022,3,PI,15957,12910
2022,3,PR,31702,21410
2022,3,RJ,57398,43772
2022,3,RN,14997,12524
2022,3,RO,8530,5788
2022,3,RR,2090,1353
2022,3,RS,37944,28884
2022,3,SC,25599,18228
2022,3,SE,10492,8517
2022,3,SP,152772,110284
2022,3,TO,6857,4682
2022,4,AC,2842,1893
2022,4,AL,8264,5671
2022,4,AM,9827,4575
2022,4,AP,2844,1898
2022,4,BA,35241,25037
2022,4,CE,27481,17045
2022,4,DF,8128,5394
2022,4,ES,8034,5137
2022,4,GO,15318,8468
2022,4,MA,17263,11565
2022,4,MG,37127,25679
2022,4,MS,4122,2432
2022,4,MT,5944,3475
2022,4,PA,25129,17304
2022,4,PB,12053,8472
2022,4,PE,22639,14963
2022,4,PI,10867,7837
2022,4,PR,14044,8534
2022,4,RJ,33149,22290
2022,4,RN,11124,8500
2022,4,RO,3436,1921
2022,4,RR,1099,615
2022,4,RS,18740,12572
2022,4,SC,7431,4544
2022,4,SE,7244,5219
2022,4,SP,55359,36208
2022,4,TO,3366,2045
2022,5,AC,1895,1149
2022,5,AL,5339,3451
2022,5,AM,5760,2570
2022,5,AP,1903,1139
2022,5,BA,24641,16088
2022,5,CE,15254,8984
2022,5,DF,4686,2906
2022,5,ES,4365,2513
2022,5,GO,8062,4183
2022,5,MA,10489,6515
2022,5,MG,22886,14433
2022,5,MS,2555,1356
2022,5,MT,3409,1786
2022,5,PA,16967,10747
2022,5,PB,8481,5506
2022,5,PE,13687,8628
2022,5,PI,7227,4753
2022,5,PR,7980,4590
2022,5,RJ,19636,11913
2022,5,RN,8065,5701
2022,5,RO,2002,1078
2022,5,RR,621,323
2022,5,RS,12105,7451
2022,5,SC,4004,2199
2022,5,SE,4870,3238
2022,5,SP,28755,17205
2022,5,TO,2035,1103
2022,6,AC,1349,754
2022,6,AL,3685,2246
2022,6,AM,3913,1755
2022,6,AP,1360,740
2022,6,BA,16894,10397
2022,6,CE,9071,5135
2022,6,DF,3161,1867
2022,6,ES,2868,1532
2022,6,GO,4853,2448
2022,6,MA,7119,4155
2022,6,MG,15420,9175
2022,6,MS,1745,850
2022,6,MT,2361,1093
2022,6,PA,12572,7320
2022,6,PB,5924,3648
2022,6,PE,9463,5715
2022,6,PI,5034,3124
2022,6,PR,5082,2773
2022,6,RJ,12811,7264
2022,6,RN,5701,3726
2022,6,RO,1372,706
2022,6,RR,373,196
2022,6,RS,7846,4454
2022,6,SC,2539,1345
2022,6,SE,3403,2191
2022,6,SP,18714,10473
2022,6,TO,1349,710
2022,7,AC,1061,579
2022,7,AL,2724,1595
2022,7,AM,3135,1269
2022,7,AP,1097,571
2022,7,BA,12272,7069
2022,7,CE,6401,3494
2022,7,DF,2243,1249
2022,7,ES,2202,1104
2022,7,GO,3299,1625
2022,7,MA,5321,2983
2022,7,MG,11656,6568
2022,7,MS,1298,616
2022,7,MT,1614,775
2022,7,PA,9193,5223
2022,7,PB,4222,2540
2022,7,PE,6659,3816
2022,7,PI,3637,2124
2022,7,PR,3950,2044
2022,7,RJ,9655,5193
2022,7,RN,4381,2732
2022,7,RO,1049,495
2022,7,RR,316,156
2022,7,RS,5830,3061
2022,7,SC,2020,994
2022,7,SE,2605,1592
2022,7,SP,14522,7594
2022,7,TO,898,454
2022,8,AC,882,447
2022,8,AL,2187,1234
2022,8,AM,2401,997
2022,8,AP,868,446
2022,8,BA,9107,5031
2022,8,CE,4807,2542
2022,8,DF,1799,956
2022,8,ES,1631,772
2022,8,GO,2489,1195
2022,8,MA,4029,2166
2022,8,MG,8851,4762
2022,8,MS,1058,493
2022,8,MT,1320,598
2022,8,PA,7339,3909
2022,8,PB,3256,1875
2022,8,PE,5212,2847
2022,8,PI,2667,1473
2022,8,PR,3163,1585
2022,8,RJ,7249,3711
2022,8,RN,3511,2096
2022,8,RO,777,365
2022,8,RR,240,125
2022,8,RS,4503,2345
2022,8,SC,1564,736
2022,8,SE,1930,1135
2022,8,SP,11285,5643
2022,8,TO,724,348
2022,9,AC,679,335
2022,9,AL,1705,923
2022,9,AM,2092,787
2022,9,AP,664,326
2022,9,BA,6779,3557
2022,9,CE,3644,1840
2022,9,DF,1434,734
2022,9,ES,1305,599
2022,9,GO,2014,878
2022,9,MA,3018,1560
2022,9,MG,6643,3417
2022,9,MS,890,392
2022,9,MT,1055,451
2022,9,PA,5706,2982
2022,9,PB,2590,1453
2022,9,PE,4162,2197
2022,9,PI,2063,1103
2022,9,PR,2484,1213
2022,9,RJ,5405,2715
2022,9,RN,2775,1572
2022,9,RO,672,291
2022,9,RR,214,87
2022,9,RS,3514,1731
2022,9,SC,1215,544
2022,9,SE,1462,836
2022,9,SP,8626,4110
2022,9,TO,528,234
2022,10,AC,608,282
2022,10,AL,1477,795
2022,10,AM,1742,661
2022,10,AP,573,278
2022,10,BA,5530,2825
2022,10,CE,3180,1571
2022,10,DF,1173,617
2022,10,ES,1089,503
2022,10,GO,1560,696
2022,10,MA,2450,1229
2022,10,MG,5564,2831
2022,10,MS,765,302
2022,10,MT,933,400
2022,10,PA,4890,2426
2022,10,PB,2248,1222
2022,10,PE,3422,1739
2022,10,PI,1616,866
2022,10,PR,2106,988
2022,10,RJ,4616,2151
2022,10,RN,2266,1210
2022,10,RO,634,321
2022,10,RR,139,51
2022,10,RS,2903,1393
2022,10,SC,1075,485
2022,10,SE,1222,678
2022,10,SP,7373,3471
2022,10,TO,410,185
2022,11,AC,1871,825
2022,11,AL,4487,2351
2022,11,AM,5582,2033
2022,11,AP,1908,815
2022,11,BA,15845,7796
2022,11,CE,9884,4701
2022,11,DF,3725,1666
2022,11,ES,3374,1419
2022,11,GO,5190,2107
2022,11,MA,7331,3496
2022,11,MG,16746,8032
2022,11,MS,2501,932
2022,11,MT,3267,1272
2022,11,PA,16049,7739
2022,11,PB,7120,3747
2022,11,PE,10532,5170
2022,11,PI,4891,2386
2022,11,PR,6639,2882
2022,11,RJ,13956,6276
2022,11,RN,7637,4046
2022,11,RO,2100,924
2022,11,RR,497,199
2022,11,RS,8910,4171
2022,11,SC,3327,1421
2022,11,SE,3681,1882
2022,11,SP,21327,9316
2022,11,TO,1323,555
2022,12,AC,1062,480
2022,12,AL,2409,1204
2022,12,AM,3100,1071
2022,12,AP,1195,544
2022,12,BA,8333,3988
2022,12,CE,5303,2510
2022,12,DF,2076,887
2022,12,ES,1969,867
2022,12,GO,3029,1174
2022,12,MA,4000,1949
2022,12,MG,8884,3988
2022,12,MS,1452,537
2022,12,MT,1996,789
2022,12,PA,9225,4421
2022,12,PB,4157,2159
2022,12,PE,5609,2645
2022,12,PI,2880,1393
2022,12,PR,3599,1566
2022,12,RJ,7211,3184
2022,12,RN,4296,2220
2022,12,RO,1296,551
2022,12,RR,306,123
2022,12,RS,4832,2164
2022,12,SC,1780,771
2022,12,SE,1949,988
2022,12,SP,11036,4651
2022,12,TO,650,259
2022,13,AC,753,363
2022,13,AL,1665,872
2022,13,AM,2140,821
2022,13,AP,936,465
2022,13,BA,6312,2997
2022,13,CE,3765,1779
2022,13,DF,1639,723
2022,13,ES,1393,629
2022,13,GO,2143,830
2022,13,MA,2855,1367
2022,13,MG,6185,2845
2022,13,MS,1108,448
2022,13,MT,1503,630
2022,13,PA,6731,3280
2022,13,PB,2870,1516
2022,13,PE,4009,1973
2022,13,PI,2017,991
2022,13,PR,2352,1063
2022,13,RJ,5315,2408
2022,13,RN,3021,1548
2022,13,RO,934,380
2022,13,RR,190,70
2022,13,RS,3559,1609
2022,13,SC,1159,478
2022,13,SE,1441,752
2022,13,SP,7736,3336
2022,13,TO,431,166
2022,14,AC,459,209
2022,14,AL,953,506
2022,14,AM,1348,481
2022,14,AP,592,300
2022,14,BA,4169,2096
2022,14,CE,2346,1122
2022,14,DF,1245,597
2022,14,ES,1024,467
2022,14,GO,1456,591
2022,14,MA,1700,888
2022,14,MG,4348,2081
2022,14,MS,689,302
2022,14,MT,990,413
2022,14,PA,4605,2394
2022,14,PB,1704,889
2022,14,PE,2649,1361
2022,14,PI,1256,683
2022,14,PR,1502,700
2022,14,RJ,4327,2065
2022,14,RN,1972,1042
2022,14,RO,544,242
2022,14,RR,101,49
2022,14,RS,2423,1119
2022,14,SC,714,320
2022,14,SE,872,470
2022,14,SP,5502,2460
2022,14,TO,245,101
2022,15,AC,218,112
2022,15,AL,592,335
2022,15,AM,773,342
2022,15,AP,272,148
2022,15,BA,2429,1314
2022,15,CE,1342,660
2022,15,DF,875,473
2022,15,ES,591,284
2022,15,GO,840,367
2022,15,MA,905,463
2022,15,MG,2701,1332
2022,15,MS,379,153
2022,15,MT,533,273
2022,15,PA,2687,1458
2022,15,PB,902,495
2022,15,PE,1737,930
2022,15,PI,685,377
2022,15,PR,871,416
2022,15,RJ,3146,1620
2022,15,RN,1008,559
2022,15,RO,305,159
2022,15,RR,84,31
2022,15,RS,1508,747
2022,15,SC,424,210
2022,15,SE,547,315
2022,15,SP,3577,1715
2022,15,TO,135,51
2022,16,AC,91,51
2022,16,AL,314,186
2022,16,AM,362,145
2022,16,AP,153,80
2022,16,BA,1356,746
2022,16,CE,786,419
2022,16,DF,507,287
2022,16,ES,392,203
2022,16,GO,419,188
2022,16,MA,502,284
2022,16,MG,1703,896
2022,16,MS,231,104
2022,16,MT,286,146
2022,16,PA,1412,798
2022,16,PB,512,293
2022,16,PE,1008,536
2022,16,PI,353,209
2022,16,PR,484,232
2022,16,RJ,2264,1196
2022,16,RN,578,334
2022,16,RO,129,58
2022,16,RR,32,13
2022,16,RS,922,484
2022,16,SC,224,107
2022,16,SE,309,188
2022,16,SP,2271,1082
2022,16,TO,88,44
2022,17,AC,34,20
2022,17,AL,144,81
2022,17,AM,173,83
2022,17,AP,60,34
2022,17,BA,775,433
2022,17,CE,462,256
2022,17,DF,273,130
2022,17,ES,222,105
2022,17,GO,221,101
2022,17,MA,207,122
2022,17,MG,1023,567
2022,17,MS,111,56
2022,17,MT,135,58
2022,17,PA,688,392
2022,17,PB,247,136
2022,17,PE,494,280
2022,17,PI,201,110
2022,17,PR,283,137
2022,17,RJ,1447,798
2022,17,RN,296,160
2022,17,RO,63,35
2022,17,RR,17,7
2022,17,RS,547,256
2022,17,SC,123,55
2022,17,SE,152,100
2022,17,SP,1261,622
2022,17,TO,29,15
2022,18,AC,9,3
2022,18,AL,42,23
2022,18,AM,77,42
2022,18,AP,25,16
2022,18,BA,311,178
2022,18,CE,166,87
2022,18,DF,94,46
2022,18,ES,77,37
2022,18,GO,84,45
2022,18,MA,86,47
2022,18,MG,412,226
2022,18,MS,33,23
2022,18,MT,62,31
2022,18,PA,218,139
2022,18,PB,96,49
2022,18,PE,191,111
2022,18,PI,60,41
2022,18,PR,106,60
2022,18,RJ,651,363
2022,18,RN,114,66
2022,18,RO,21,12
2022,18,RR,4,0
2022,18,RS,217,92
2022,18,SC,42,21
2022,18,SE,48,36
2022,18,SP,561,291
2022,18,TO,10,5
2022,19,AC,8,7
2022,19,AL,12,8
2022,19,AM,27,16
2022,19,AP,6,4
2022,19,BA,129,73
2022,19,CE,59,35
2022,19,DF,29,17
2022,19,ES,29,18
2022,19,GO,34,11
2022,19,MA,28,18
2022,19,MG,175,90
2022,19,MS,20,11
2022,19,MT,7,5
2022,19,PA,94,57
2022,19,PB,36,20
2022,19,PE,67,37
2022,19,PI,24,16
2022,19,PR,35,12
2022,19,RJ,294,174
2022,19,RN,39,27
2022,19,RO,4,3
2022,19,RR,4,3
2022,19,RS,83,50
2022,19,SC,9,6
2022,19,SE,25,14
2022,19,SP,221,118
2022,19,TO,7,2
2022,20,AC,2,1
2022,20,AL,7,6
2022,20,AM,9,6
2022,20,AP,4,1
2022,20,BA,38,25
2022,20,CE,30,17
2022,20,DF,22,12
2022,20,ES,10,6
2022,20,GO,13,9
2022,20,MA,9,4
2022,20,MG,83,41
2022,20,MS,2,1
2022,20,MT,5,0
2022,20,PA,36,21
2022,20,PB,10,6
2022,20,PE,25,13
2022,20,PI,10,3
2022,20,PR,17,9
2022,20,RJ,99,50
2022,20,RN,17,12
2022,20,RO,2,1
2022,20,RS,27,17
2022,20,SC,5,2
2022,20,SE,9,5
2022,20,SP,86,47
2022,20,TO,1,0
2023,1,AC,1409,1129
2023,1,AL,5455,4539
2023,1,AM,4554,2818
2023,1,AP,1721,1406
2023,1,BA,25344,21202
2023,1,CE,23849,20913
2023,1,DF,5511,4409
2023,1,ES,5015,4057
2023,1,GO,18679,15251
2023,1,MA,15711,12900
2023,1,MG,33053,27535
2023,1,MS,5803,4677
2023,1,MT,6162,4915
2023,1,PA,18367,15298
2023,1,PB,12959,11203
2023,1,PE,22875,19238
2023,1,PI,10164,8727
2023,1,PR,19189,15826
2023,1,RJ,18750,15096
2023,1,RN,5395,4698
2023,1,RO,2829,2303
2023,1,RR,1023,766
2023,1,RS,9864,8145
2023,1,SC,8952,7433
2023,1,SE,7035,6058
2023,1,SP,53711,44628
2023,1,TO,4055,3346
2023,2,AC,3262,2649
2023,2,AL,11814,9665
2023,2,AM,14121,9580
2023,2,AP,3480,2971
2023,2,BA,47094,40164
2023,2,CE,52271,44718
2023,2,DF,13132,11303
2023,2,ES,12680,10545
2023,2,GO,36103,27487
2023,2,MA,29571,24147
2023,2,MG,64291,53968
2023,2,MS,11709,9570
2023,2,MT,13520,10670
2023,2,PA,31109,26595
2023,2,PB,19848,17159
2023,2,PE,40439,34211
2023,2,PI,17258,15017
2023,2,PR,52054,41268
2023,2,RJ,48122,39899
2023,2,RN,12185,10801
2023,2,RO,6258,5061
2023,2,RR,1472,1093
2023,2,RS,27416,23134
2023,2,SC,22161,18071
2023,2,SE,10503,9221
2023,2,SP,144489,116041
2023,2,TO,7438,5790
2023,3,AC,4841,3555
2023,3,AL,17492,13026
2023,3,AM,22310,13488
2023,3,AP,4531,3627
2023,3,BA,58859,47020
2023,3,CE,64975,50302
2023,3,DF,16435,13199
2023,3,ES,19167,14906
2023,3,GO,40946,26630
2023,3,MA,35113,26166
2023,3,MG,83349,64507
2023,3,MS,9332,6735
2023,3,MT,16744,12119
2023,3,PA,38670,31084
2023,3,PB,21763,17173
2023,3,PE,46108,35277
2023,3,PI,19640,15899
2023,3,PR,36749,25778
2023,3,RJ,60592,46049
2023,3,RN,17230,14712
2023,3,RO,9434,6744
2023,3,RR,2417,1692
2023,3,RS,39991,31792
2023,3,SC,27873,20371
2023,3,SE,11931,9752
2023,3,SP,170931,125762
2023,3,TO,7624,5461
2023,4,AC,2798,1810
2023,4,AL,10070,6814
2023,4,AM,10206,5151
2023,4,AP,3063,2117
2023,4,BA,39610,28269
2023,4,CE,25819,17073
2023,4,DF,7789,5319
2023,4,ES,8836,5852
2023,4,GO,14040,8085
2023,4,MA,20329,13781
2023,4,MG,40209,28250
2023,4,MS,4251,2629
2023,4,MT,6202,3816
2023,4,PA,25967,18550
2023,4,PB,13549,9609
2023,4,PE,23900,16447
2023,4,PI,12015,8605
2023,4,PR,14411,9105
2023,4,RJ,35045,23191
2023,4,RN,12089,9543
2023,4,RO,3399,2055
2023,4,RR,1089,692
2023,4,RS,19049,13234
2023,4,SC,8282,5138
2023,4,SE,7635,5608
2023,4,SP,58490,39433
2023,4,TO,3450,2154
2023,5,AC,2015,1168
2023,5,AL,6743,4354
2023,5,AM,6176,2895
2023,5,AP,2260,1424
2023,5,BA,27367,17955
2023,5,CE,14477,9030
2023,5,DF,4993,3280
2023,5,ES,4769,2942
2023,5,GO,7840,4382
2023,5,MA,12987,8275
2023,5,MG,25520,16865
2023,5,MS,2530,1458
2023,5,MT,3461,1956
2023,5,PA,18385,11973
2023,5,PB,9427,6246
2023,5,PE,15232,9807
2023,5,PI,7768,5099
2023,5,PR,8048,4932
2023,5,RJ,21650,13159
2023,5,RN,8738,6481
2023,5,RO,1966,1112
2023,5,RR,675,411
2023,5,RS,11647,7538
2023,5,SC,4187,2397
2023,5,SE,5185,3545
2023,5,SP,31201,19473
2023,5,TO,2136,1202
2023,6,AC,1415,784
2023,6,AL,4592,2859
2023,6,AM,4498,2042
2023,6,AP,1584,899
2023,6,BA,20357,12417
2023,6,CE,9475,5743
2023,6,DF,3398,2058
2023,6,ES,3339,1804
2023,6,GO,4931,2666
2023,6,MA,8474,5119
2023,6,MG,17506,10683
2023,6,MS,1869,978
2023,6,MT,2322,1187
2023,6,PA,12875,7780
2023,6,PB,6913,4360
2023,6,PE,10384,6394
2023,6,PI,5456,3303
2023,6,PR,5485,3130
2023,6,RJ,14224,8058
2023,6,RN,6315,4353
2023,6,RO,1432,748
2023,6,RR,435,249
2023,6,RS,8034,4898
2023,6,SC,2897,1597
2023,6,SE,3613,2279
2023,6,SP,20223,11642
2023,6,TO,1355,704
2023,7,AC,1073,549
2023,7,AL,3377,1975
2023,7,AM,3618,1562
2023,7,AP,1369,675
2023,7,BA,15392,8911
2023,7,CE,6740,3918
2023,7,DF,2492,1429
2023,7,ES,2437,1272
2023,7,GO,3597,1853
2023,7,MA,6412,3627
2023,7,MG,13216,7721
2023,7,MS,1435,712
2023,7,MT,1753,839
2023,7,PA,10131,5830
2023,7,PB,5342,3263
2023,7,PE,7992,4722
2023,7,PI,4033,2385
2023,7,PR,4051,2204
2023,7,RJ,10329,5527
2023,7,RN,4945,3255
2023,7,RO,1119,567
2023,7,RR,312,167
2023,7,RS,5688,3312
2023,7,SC,2166,1103
2023,7,SE,2852,1738
2023,7,SP,14949,8155
2023,7,TO,1064,543
2023,8,AC,884,450
2023,8,AL,2739,1519
2023,8,AM,3023,1240
2023,8,AP,1155,561
2023,8,BA,12445,6821
2023,8,CE,5398,2946
2023,8,DF,2023,1087
2023,8,ES,2077,1019
2023,8,GO,2863,1350
2023,8,MA,5308,2860
2023,8,MG,10645,5979
2023,8,MS,1109,514
2023,8,MT,1383,643
2023,8,PA,7988,4354
2023,8,PB,4129,2411
2023,8,PE,6277,3528
2023,8,PI,3177,1780
2023,8,PR,3269,1724
2023,8,RJ,8790,4399
2023,8,RN,3965,2493
2023,8,RO,995,488
2023,8,RR,294,137
2023,8,RS,4698,2509
2023,8,SC,1857,928
2023,8,SE,2186,1251
2023,8,SP,12425,6387
2023,8,TO,711,343
2023,9,AC,826,397
2023,9,AL,2325,1249
2023,9,AM,2539,1002
2023,9,AP,956,470
2023,9,BA,9869,5191
2023,9,CE,4371,2373
2023,9,DF,1655,839
2023,9,ES,1670,786
2023,9,GO,2294,1053
2023,9,MA,4177,2122
2023,9,MG,8386,4455
2023,9,MS,982,453
2023,9,MT,1180,515
2023,9,PA,6750,3473
2023,9,PB,3339,1912
2023,9,PE,5227,2809
2023,9,PI,2383,1239
2023,9,PR,2763,1383
2023,9,RJ,7098,3362
2023,9,RN,3279,1975
2023,9,RO,847,402
2023,9,RR,226,122
2023,9,RS,4029,2057
2023,9,SC,1513,689
2023,9,SE,1819,1050
2023,9,SP,10168,5000
2023,9,TO,688,311
2023,10,AC,641,292
2023,10,AL,1897,1003
2023,10,AM,2227,877
2023,10,AP,811,345
2023,10,BA,7580,3736
2023,10,CE,3462,1762
2023,10,DF,1437,701
2023,10,ES,1428,613
2023,10,GO,1863,829
2023,10,MA,3163,1565
2023,10,MG,6707,3544
2023,10,MS,806,344
2023,10,MT,1059,482
2023,10,PA,5536,2730
2023,10,PB,2766,1525
2023,10,PE,4178,2126
2023,10,PI,1986,1014
2023,10,PR,2185,1086
2023,10,RJ,5372,2534
2023,10,RN,2761,1619
2023,10,RO,723,333
2023,10,RR,167,72
2023,10,RS,3109,1569
2023,10,SC,1230,547
2023,10,SE,1400,782
2023,10,SP,8135,3845
2023,10,TO,498,235
2023,11,AC,2130,934
2023,11,AL,6521,3179
2023,11,AM,8090,2994
2023,11,AP,2904,1240
2023,11,BA,24223,11382
2023,11,CE,12611,6042
2023,11,DF,4776,2204
2023,11,ES,4448,1935
2023,11,GO,6183,2635
2023,11,MA,10338,4960
2023,11,MG,21811,10438
2023,11,MS,2831,1150
2023,11,MT,3611,1505
2023,11,PA,20437,9631
2023,11,PB,9704,5104
2023,11,PE,13932,6799
2023,11,PI,6238,3017
2023,11,PR,7673,3525
2023,11,RJ,18472,7978
2023,11,RN,9449,5055
2023,11,RO,2749,1210
2023,11,RR,604,243
2023,11,RS,10035,4793
2023,11,SC,4413,1949
2023,11,SE,4612,2382
2023,11,SP,25932,11485
2023,11,TO,1565,658
2023,12,AC,1154,522
2023,12,AL,3542,1716
2023,12,AM,4266,1452
2023,12,AP,1815,856
2023,12,BA,12151,5640
2023,12,CE,6763,3114
2023,12,DF,2821,1247
2023,12,ES,2510,1046
2023,12,GO,3442,1402
2023,12,MA,5548,2658
2023,12,MG,11683,5296
2023,12,MS,1694,677
2023,12,MT,2205,914
2023,12,PA,11888,5484
2023,12,PB,5450,2737
2023,12,PE,7625,3681
2023,12,PI,3441,1632
2023,12,PR,4065,1751
2023,12,RJ,9778,4099
2023,12,RN,5188,2757
2023,12,RO,1622,685
2023,12,RR,368,164
2023,12,RS,5459,2526
2023,12,SC,2246,937
2023,12,SE,2452,1247
2023,12,SP,13339,5640
2023,12,TO,866,341
2023,13,AC,856,385
2023,13,AL,2614,1279
2023,13,AM,3193,1157
2023,13,AP,1441,744
2023,13,BA,9575,4445
2023,13,CE,4819,2340
2023,13,DF,2224,1014
2023,13,ES,1945,855
2023,13,GO,2596,1043
2023,13,MA,3881,1912
2023,13,MG,7910,3629
2023,13,MS,1266,505
2023,13,MT,1710,736
2023,13,PA,8591,4138
2023,13,PB,4102,2114
2023,13,PE,5595,2811
2023,13,PI,2547,1265
2023,13,PR,2643,1210
2023,13,RJ,6976,2984
2023,13,RN,3820,2048
2023,13,RO,1190,567
2023,13,RR,235,110
2023,13,RS,3923,1814
2023,13,SC,1483,614
2023,13,SE,1708,886
2023,13,SP,9549,4098
2023,13,TO,535,232
2023,14,AC,538,254
2023,14,AL,1661,828
2023,14,AM,1929,719
2023,14,AP,917,441
2023,14,BA,6592,3118
2023,14,CE,3030,1459
2023,14,DF,1753,819
2023,14,ES,1408,607
2023,14,GO,1669,736
2023,14,MA,2372,1157
2023,14,MG,5744,2710
2023,14,MS,893,401
2023,14,MT,1218,523
2023,14,PA,5814,2866
2023,14,PB,2457,1256
2023,14,PE,3935,1984
2023,14,PI,1699,812
2023,14,PR,1767,811
2023,14,RJ,5977,2639
2023,14,RN,2520,1428
2023,14,RO,735,356
2023,14,RR,173,78
2023,14,RS,2900,1386
2023,14,SC,912,402
2023,14,SE,1182,603
2023,14,SP,7029,3086
2023,14,TO,311,137
2023,15,AC,266,140
2023,15,AL,912,453
2023,15,AM,1207,500
2023,15,AP,431,219
2023,15,BA,3771,1894
2023,15,CE,1816,899
2023,15,DF,1181,636
2023,15,ES,931,436
2023,15,GO,1050,490
2023,15,MA,1256,649
2023,15,MG,3734,1851
2023,15,MS,487,214
2023,15,MT,703,322
2023,15,PA,3461,1791
2023,15,PB,1396,765
2023,15,PE,2436,1254
2023,15,PI,906,466
2023,15,PR,1074,505
2023,15,RJ,4307,2067
2023,15,RN,1369,766
2023,15,RO,395,190
2023,15,RR,73,39
2023,15,RS,1807,877
2023,15,SC,538,236
2023,15,SE,704,378
2023,15,SP,4421,2024
2023,15,TO,159,69
2023,16,AC,105,49
2023,16,AL,574,281
2023,16,AM,569,255
2023,16,AP,240,119
2023,16,BA,2171,1096
2023,16,CE,1084,565
2023,16,DF,708,378
2023,16,ES,566,297
2023,16,GO,570,254
2023,16,MA,649,318
2023,16,MG,2425,1235
2023,16,MS,265,120
2023,16,MT,395,205
2023,16,PA,1870,963
2023,16,PB,780,420
2023,16,PE,1486,790
2023,16,PI,525,265
2023,16,PR,593,288
2023,16,RJ,3116,1524
2023,16,RN,788,426
2023,16,RO,192,100
2023,16,RR,38,19
2023,16,RS,1171,580
2023,16,SC,304,159
2023,16,SE,383,212
2023,16,SP,2953,1378
2023,16,TO,99,54
2023,17,AC,41,22
2023,17,AL,282,126
2023,17,AM,255,116
2023,17,AP,81,38
2023,17,BA,1159,588
2023,17,CE,615,309
2023,17,DF,402,209
2023,17,ES,312,161
2023,17,GO,273,123
2023,17,MA,297,167
2023,17,MG,1447,792
2023,17,MS,114,58
2023,17,MT,170,83
2023,17,PA,856,475
2023,17,PB,392,225
2023,17,PE,762,423
2023,17,PI,272,157
2023,17,PR,289,138
2023,17,RJ,2127,1087
2023,17,RN,416,240
2023,17,RO,95,51
2023,17,RR,25,10
2023,17,RS,664,343
2023,17,SC,167,87
2023,17,SE,220,126
2023,17,SP,1670,801
2023,17,TO,36,19
2023,18,AC,11,6
2023,18,AL,105,65
2023,18,AM,95,43
2023,18,AP,24,10
2023,18,BA,449,270
2023,18,CE,248,127
2023,18,DF,151,83
2023,18,ES,120,66
2023,18,GO,109,53
2023,18,MA,115,66
2023,18,MG,569,337
2023,18,MS,52,31
2023,18,MT,83,38
2023,18,PA,289,171
2023,18,PB,131,76
2023,18,PE,322,182
2023,18,PI,84,49
2023,18,PR,136,75
2023,18,RJ,966,527
2023,18,RN,175,103
2023,18,RO,47,22
2023,18,RR,10,4
2023,18,RS,304,161
2023,18,SC,50,26
2023,18,SE,85,48
2023,18,SP,751,388
2023,18,TO,22,11
2023,19,AC,5,3
2023,19,AL,36,22
2023,19,AM,29,13
2023,19,AP,17,14
2023,19,BA,191,109
2023,19,CE,99,47
2023,19,DF,65,35
2023,19,ES,46,25
2023,19,GO,43,20
2023,19,MA,40,22
2023,19,MG,246,147
2023,19,MS,24,12
2023,19,MT,19,8
2023,19,PA,134,83
2023,19,PB,48,37
2023,19,PE,120,72
2023,19,PI,26,15
2023,19,PR,44,28
2023,19,RJ,432,222
2023,19,RN,59,38
2023,19,RO,11,5
2023,19,RR,1,0
2023,19,RS,96,46
2023,19,SC,26,12
2023,19,SE,17,12
2023,19,SP,282,145
2023,19,TO,5,2
2023,20,AC,4,1
2023,20,AL,9,1
2023,20,AM,11,5
2023,20,AP,7,1
2023,20,BA,69,29
2023,20,CE,38,20
2023,20,DF,29,18
2023,20,ES,20,11
2023,20,GO,19,9
2023,20,MA,15,11
2023,20,MG,124,73
2023,20,MS,3,1
2023,20,MT,12,5
2023,20,PA,44,24
2023,20,PB,16,8
2023,20,PE,34,19
2023,20,PI,21,15
2023,20,PR,18,9
2023,20,RJ,173,101
2023,20,RN,20,14
2023,20,RR,2,2
2023,20,RS,35,21
2023,20,SC,6,4
2023,20,SE,18,11
2023,20,SP,119,69
2023,20,TO,1,0
