NU_ANO,Q006,SG_UF_PROVA,INSCRICOES,PARTICIPANTES
2019,A,AC,3224,2084
2019,A,AL,6791,4811
2019,A,AM,8733,5157
2019,A,AP,2840,1866
2019,A,BA,29858,20638
2019,A,CE,19117,13788
2019,A,DF,2536,1515
2019,A,ES,2844,1711
2019,A,GO,3687,2339
2019,A,MA,19327,14128
2019,A,MG,12584,8116
2019,A,MS,1777,1069
2019,A,MT,1888,1129
2019,A,PA,19160,13464
2019,A,PB,11491,8596
2019,A,PE,19944,13746
2019,A,PI,12877,9874
2019,A,PR,3061,1788
2019,A,RJ,10898,6807
2019,A,RN,7343,5326
2019,A,RO,2154,1355
2019,A,RR,611,385
2019,A,RS,3927,2402
2019,A,SC,1271,737
2019,A,SE,6168,4507
2019,A,SP,15710,9274
2019,A,TO,2249,1476
2019,B,AC,14927,10354
2019,B,AL,35294,25760
2019,B,AM,41168,25097
2019,B,AP,17084,11599
2019,B,BA,148527,105239
2019,B,CE,127477,94214
2019,B,DF,14662,9392
2019,B,ES,18115,11793
2019,B,GO,31149,20806
2019,B,MA,90350,66830
2019,B,MG,96750,66086
2019,B,MS,12733,7893
2019,B,MT,14300,8848
2019,B,PA,107411,77986
2019,B,PB,55979,42636
2019,B,PE,104131,75250
2019,B,PI,50523,38828
2019,B,PR,19215,12066
2019,B,RJ,57565,37885
2019,B,RN,41211,30544
2019,B,RO,13557,8839
2019,B,RR,3642,2291
2019,B,RS,26184,17174
2019,B,SC,7798,4738
2019,B,SE,30574,22691
2019,B,SP,78933,47883
2019,B,TO,13966,9595
2019,C,AC,10296,7256
2019,C,AL,23031,16970
2019,C,AM,36049,22195
2019,C,AP,11637,7942
2019,C,BA,104984,74239
2019,C,CE,78891,58148
2019,C,DF,24194,15935
2019,C,ES,28813,19181
2019,C,GO,49376,33961
2019,C,MA,57892,42626
2019,C,MG,141105,97162
2019,C,MS,20498,13249
2019,C,MT,24634,15855
2019,C,PA,78111,56927
2019,C,PB,37668,28456
2019,C,PE,71023,52197
2019,C,PI,28326,21628
2019,C,PR,48315,31292
2019,C,RJ,89871,61136
2019,C,RN,30170,22325
2019,C,RO,18560,12355
2019,C,RR,3638,2310
2019,C,RS,53924,35663
2019,C,SC,21743,13934
2019,C,SE,19362,14448
2019,C,SP,186457,118776
2019,C,TO,12876,8819
2019,D,AC,2541,1879
2019,D,AL,6567,5051
2019,D,AM,8732,5737
2019,D,AP,2556,1833
2019,D,BA,29558,21952
2019,D,CE,17656,13292
2019,D,DF,9375,6437
2019,D,ES,11882,8282
2019,D,GO,20738,14858
2019,D,MA,13796,10392
2019,D,MG,62841,45368
2019,D,MS,8531,5850
2019,D,MT,10862,7241
2019,D,PA,20652,15398
2019,D,PB,10951,8496
2019,D,PE,20312,15546
2019,D,PI,8090,6402
2019,D,PR,28262,19412
2019,D,RJ,37949,27248
2019,D,RN,9897,7499
2019,D,RO,6232,4373
2019,D,RR,990,683
2019,D,RS,28751,19967
2019,D,SC,14164,9711
2019,D,SE,5580,4366
2019,D,SP,98167,66695
2019,D,TO,3979,2896
2019,E,AC,2311,1658
2019,E,AL,4964,3820
2019,E,AM,8126,5377
2019,E,AP,2386,1778
2019,E,BA,25516,19032
2019,E,CE,16139,12486
2019,E,DF,9052,6413
2019,E,ES,11786,8368
2019,E,GO,18976,14070
2019,E,MA,12233,9234
2019,E,MG,61058,44799
2019,E,MS,7843,5554
2019,E,MT,10228,6980
2019,E,PA,17391,13106
2019,E,PB,9128,7082
2019,E,PE,17385,13448
2019,E,PI,6352,5034
2019,E,PR,28031,20148
2019,E,RJ,34579,25332
2019,E,RN,8463,6510
2019,E,RO,5927,4270
2019,E,RR,1030,732
2019,E,RS,26961,19197
2019,E,SC,14762,10576
2019,E,SE,4418,3420
2019,E,SP,106819,74859
2019,E,TO,3690,2697
2019,F,AC,912,686
2019,F,AL,2395,1947
2019,F,AM,2680,1841
2019,F,AP,929,712
2019,F,BA,10419,8224
2019,F,CE,6270,5065
2019,F,DF,3962,2913
2019,F,ES,5364,4107
2019,F,GO,8585,6769
2019,F,MA,4628,3690
2019,F,MG,29078,22219
2019,F,MS,3480,2645
2019,F,MT,4626,3328
2019,F,PA,7248,5579
2019,F,PB,4032,3279
2019,F,PE,7285,5875
2019,F,PI,3029,2466
2019,F,PR,15480,11566
2019,F,RJ,17327,13173
2019,F,RN,3911,3129
2019,F,RO,2545,1910
2019,F,RR,442,331
2019,F,RS,14949,11136
2019,F,SC,8993,6705
2019,F,SE,2067,1690
2019,F,SP,53970,39937
2019,F,TO,1644,1271
2019,G,AC,1231,974
2019,G,AL,2863,2355
2019,G,AM,3822,2697
2019,G,AP,1361,1039
2019,G,BA,13540,10772
2019,G,CE,8279,6586
2019,G,DF,5314,4013
2019,G,ES,7254,5653
2019,G,GO,10515,8346
2019,G,MA,5904,4722
2019,G,MG,39441,30728
2019,G,MS,4319,3340
2019,G,MT,5987,4466
2019,G,PA,9092,7167
2019,G,PB,5178,4265
2019,G,PE,9461,7699
2019,G,PI,3707,3038
2019,G,PR,20009,15303
2019,G,RJ,21781,16823
2019,G,RN,4995,4109
2019,G,RO,3231,2499
2019,G,RR,614,473
2019,G,RS,19391,14709
2019,G,SC,12691,9656
2019,G,SE,2562,2105
2019,G,SP,77242,59081
2019,G,TO,2129,1672
2019,H,AC,806,619
2019,H,AL,2072,1748
2019,H,AM,2294,1668
2019,H,AP,912,731
2019,H,BA,8653,7061
2019,H,CE,4937,4053
2019,H,DF,4011,3124
2019,H,ES,4134,3294
2019,H,GO,6809,5616
2019,H,MA,3904,3128
2019,H,MG,23951,19345
2019,H,MS,2854,2232
2019,H,MT,3785,2941
2019,H,PA,5673,4582
2019,H,PB,3137,2609
2019,H,PE,6256,5201
2019,H,PI,2495,2084
2019,H,PR,12919,10158
2019,H,RJ,15302,12160
2019,H,RN,3339,2783
2019,H,RO,1869,1468
2019,H,RR,427,311
2019,H,RS,12237,9536
2019,H,SC,8113,6359
2019,H,SE,1862,1555
2019,H,SP,48755,39257
2019,H,TO,1399,1142
2019,I,AC,611,487
2019,I,AL,1450,1213
2019,I,AM,1652,1233
2019,I,AP,764,626
2019,I,BA,6172,5144
2019,I,CE,3825,3220
2019,I,DF,3474,2728
2019,I,ES,3098,2536
2019,I,GO,5137,4265
2019,I,MA,2824,2320
2019,I,MG,17615,14435
2019,I,MS,2125,1732
2019,I,MT,3089,2449
2019,I,PA,4248,3543
2019,I,PB,2343,1986
2019,I,PE,4597,3879
2019,I,PI,1638,1410
2019,I,PR,9369,7599
2019,I,RJ,11480,9242
2019,I,RN,2460,2081
2019,I,RO,1407,1144
2019,I,RR,367,284
2019,I,RS,8730,7013
2019,I,SC,6081,4946
2019,I,SE,1420,1220
2019,I,SP,36631,30356
2019,I,TO,1043,864
2019,J,AC,383,302
2019,J,AL,858,733
2019,J,AM,953,719
2019,J,AP,443,373
2019,J,BA,3576,3031
2019,J,CE,2191,1857
2019,J,DF,2318,1841
2019,J,ES,1685,1346
2019,J,GO,2898,2372
2019,J,MA,1544,1245
2019,J,MG,9515,7883
2019,J,MS,1222,1038
2019,J,MT,1686,1346
2019,J,PA,2368,1976
2019,J,PB,1275,1068
2019,J,PE,2624,2205
2019,J,PI,987,838
2019,J,PR,5364,4393
2019,J,RJ,7273,5921
2019,J,RN,1339,1142
2019,J,RO,711,578
2019,J,RR,227,179
2019,J,RS,4697,3759
2019,J,SC,3124,2536
2019,J,SE,887,752
2019,J,SP,20046,16831
2019,J,TO,593,491
2019,K,AC,262,223
2019,K,AL,621,526
2019,K,AM,685,517
2019,K,AP,337,265
2019,K,BA,2430,2025
2019,K,CE,1532,1289
2019,K,DF,1995,1608
2019,K,ES,1230,1033
2019,K,GO,1988,1679
2019,K,MA,1054,887
2019,K,MG,6961,5843
2019,K,MS,855,722
2019,K,MT,1155,929
2019,K,PA,1568,1323
2019,K,PB,943,801
2019,K,PE,1851,1575
2019,K,PI,675,580
2019,K,PR,3711,3094
2019,K,RJ,5397,4432
2019,K,RN,983,802
2019,K,RO,519,419
2019,K,RR,161,136
2019,K,RS,3291,2684
2019,K,SC,2297,1906
2019,K,SE,574,508
2019,K,SP,14485,12328
2019,K,TO,466,385
2019,L,AC,204,168
2019,L,AL,455,381
2019,L,AM,460,344
2019,L,AP,252,208
2019,L,BA,1818,1526
2019,L,CE,1189,1014
2019,L,DF,1685,1313
2019,L,ES,910,774
2019,L,GO,1582,1344
2019,L,MA,736,596
2019,L,MG,5280,4373
2019,L,MS,645,536
2019,L,MT,920,725
2019,L,PA,1154,963
2019,L,PB,781,659
2019,L,PE,1412,1201
2019,L,PI,538,442
2019,L,PR,2796,2272
2019,L,RJ,4274,3508
2019,L,RN,764,638
2019,L,RO,339,286
2019,L,RR,127,107
2019,L,RS,2569,2087
2019,L,SC,1685,1405
2019,L,SE,418,370
2019,L,SP,10882,9300
2019,L,TO,312,256
2019,M,AC,195,161
2019,M,AL,427,359
2019,M,AM,476,334
2019,M,AP,256,210
2019,M,BA,1804,1479
2019,M,CE,1129,960
2019,M,DF,1731,1393
2019,M,ES,888,738
2019,M,GO,1494,1255
2019,M,MA,734,598
2019,M,MG,5139,4340
2019,M,MS,658,540
2019,M,MT,881,721
2019,M,PA,1071,900
2019,M,PB,702,585
2019,M,PE,1508,1286
2019,M,PI,525,449
2019,M,PR,2755,2277
2019,M,RJ,4178,3403
2019,M,RN,746,640
2019,M,RO,324,263
2019,M,RR,111,91
2019,M,RS,2346,1889
2019,M,SC,1417,1176
2019,M,SE,435,369
2019,M,SP,11036,9403
2019,M,TO,334,279
2019,N,AC,225,173
2019,N,AL,582,483
2019,N,AM,677,476
2019,N,AP,273,229
2019,N,BA,2603,2159
2019,N,CE,1734,1448
2019,N,DF,2643,2081
2019,N,ES,1214,1004
2019,N,GO,2040,1765
2019,N,MA,995,815
2019,N,MG,7181,6036
2019,N,MS,915,767
2019,N,MT,1254,1031
2019,N,PA,1442,1197
2019,N,PB,1077,917
2019,N,PE,1999,1694
2019,N,PI,778,651
2019,N,PR,3767,3099
2019,N,RJ,5950,4871
2019,N,RN,1129,931
2019,N,RO,409,330
2019,N,RR,169,144
2019,N,RS,3297,2721
2019,N,SC,2108,1755
2019,N,SE,614,542
2019,N,SP,16137,13966
2019,N,TO,433,360
2019,O,AC,198,157
2019,O,AL,519,447
2019,O,AM,576,417
2019,O,AP,241,195
2019,O,BA,1976,1630
2019,O,CE,1462,1249
2019,O,DF,2663,2073
2019,O,ES,1008,825
2019,O,GO,1633,1400
2019,O,MA,788,641
2019,O,MG,5798,4792
2019,O,MS,733,625
2019,O,MT,999,808
2019,O,PA,1035,865
2019,O,PB,895,775
2019,O,PE,1686,1433
2019,O,PI,665,545
2019,O,PR,2958,2463
2019,O,RJ,5014,4131
2019,O,RN,914,734
2019,O,RO,312,240
2019,O,RR,141,121
2019,O,RS,2538,2078
2019,O,SC,1628,1381
2019,O,SE,526,441
2019,O,SP,12854,11083
2019,O,TO,442,366
2019,P,AC,149,115
2019,P,AL,406,347
2019,P,AM,462,350
2019,P,AP,157,133
2019,P,BA,1801,1469
2019,P,CE,1384,1158
2019,P,DF,2656,2073
2019,P,ES,915,727
2019,P,GO,1412,1196
2019,P,MA,599,497
2019,P,MG,4660,3906
2019,P,MS,513,425
2019,P,MT,786,647
2019,P,PA,854,724
2019,P,PB,727,614
2019,P,PE,1560,1311
2019,P,PI,483,392
2019,P,PR,2375,1939
2019,P,RJ,4650,3861
2019,P,RN,760,622
2019,P,RO,265,190
2019,P,RR,116,101
2019,P,RS,2050,1646
2019,P,SC,1325,1109
2019,P,SE,454,385
2019,P,SP,11404,9871
2019,P,TO,330,278
2019,Q,AC,170,131
2019,Q,AL,529,456
2019,Q,AM,599,420
2019,Q,AP,175,135
2019,Q,BA,2192,1779
2019,Q,CE,1772,1477
2019,Q,DF,3578,2689
2019,Q,ES,1133,886
2019,Q,GO,1961,1625
2019,Q,MA,766,621
2019,Q,MG,5668,4652
2019,Q,MS,692,562
2019,Q,MT,1041,821
2019,Q,PA,1115,920
2019,Q,PB,869,717
2019,Q,PE,2283,1870
2019,Q,PI,624,504
2019,Q,PR,2919,2286
2019,Q,RJ,6228,5085
2019,Q,RN,895,742
2019,Q,RO,278,217
2019,Q,RR,143,118
2019,Q,RS,2627,2162
2019,Q,SC,1499,1232
2019,Q,SE,567,491
2019,Q,SP,16462,13782
2019,Q,TO,364,279
2020,A,AC,5252,2034
2020,A,AL,12219,5074
2020,A,AM,20907,5209
2020,A,AP,5556,1942
2020,A,BA,56890,22967
2020,A,CE,33499,14275
2020,A,DF,5952,2005
2020,A,ES,5410,1661
2020,A,GO,9947,2961
2020,A,MA,33493,13924
2020,A,MG,25002,8086
2020,A,MS,4234,1149
2020,A,MT,4762,1269
2020,A,PA,39394,16305
2020,A,PB,20249,9458
2020,A,PE,38771,15606
2020,A,PI,20823,9662
2020,A,PR,7520,2097
2020,A,RJ,24029,7602
2020,A,RN,12779,5564
2020,A,RO,4869,1320
2020,A,RR,1433,384
2020,A,RS,9887,2996
2020,A,SC,3285,832
2020,A,SE,11314,5055
2020,A,SP,36383,9620
2020,A,TO,5352,1722
2020,B,AC,18436,7899
2020,B,AL,45617,21425
2020,B,AM,73869,20647
2020,B,AP,22481,8840
2020,B,BA,197766,85493
2020,B,CE,166823,75563
2020,B,DF,29670,10993
2020,B,ES,28277,10282
2020,B,GO,62452,21397
2020,B,MA,113476,51489
2020,B,MG,146696,54702
2020,B,MS,23139,7047
2020,B,MT,25579,8074
2020,B,PA,152662,67507
2020,B,PB,71456,35407
2020,B,PE,138900,62584
2020,B,PI,61221,29301
2020,B,PR,38418,12699
2020,B,RJ,103034,37018
2020,B,RN,52876,24960
2020,B,RO,23247,6601
2020,B,RR,6266,1975
2020,B,RS,49991,18023
2020,B,SC,16004,4758
2020,B,SE,39601,18583
2020,B,SP,153064,46817
2020,B,TO,23198,8446
2020,C,AC,6627,2899
2020,C,AL,16759,8411
2020,C,AM,28865,8899
2020,C,AP,7301,2951
2020,C,BA,74702,33558
2020,C,CE,49627,24072
2020,C,DF,21490,8540
2020,C,ES,21672,8456
2020,C,GO,46448,17532
2020,C,MA,37733,17711
2020,C,MG,112231,44585
2020,C,MS,18117,6045
2020,C,MT,21082,7275
2020,C,PA,57567,26291
2020,C,PB,26339,13472
2020,C,PE,51493,24759
2020,C,PI,19462,9508
2020,C,PR,45504,16752
2020,C,RJ,76017,30449
2020,C,RN,21327,10339
2020,C,RO,14838,4479
2020,C,RR,2999,1038
2020,C,RS,50648,19587
2020,C,SC,21176,7005
2020,C,SE,13059,6512
2020,C,SP,166166,56564
2020,C,TO,10640,4262
2020,D,AC,3594,1655
2020,D,AL,9547,5202
2020,D,AM,14560,4935
2020,D,AP,3614,1508
2020,D,BA,43491,20942
2020,D,CE,27436,14183
2020,D,DF,14228,6105
2020,D,ES,15585,6657
2020,D,GO,32289,13571
2020,D,MA,20260,10118
2020,D,MG,90902,38752
2020,D,MS,12993,4914
2020,D,MT,15631,5910
2020,D,PA,31031,14937
2020,D,PB,16151,8707
2020,D,PE,29808,15296
2020,D,PI,11688,6127
2020,D,PR,39754,16376
2020,D,RJ,51541,22526
2020,D,RN,14207,7215
2020,D,RO,9697,3214
2020,D,RR,1924,689
2020,D,RS,39045,16513
2020,D,SC,19185,7512
2020,D,SE,7999,4261
2020,D,SP,140423,53690
2020,D,TO,6564,2836
2020,E,AC,1457,747
2020,E,AL,3695,2157
2020,E,AM,5621,2068
2020,E,AP,1479,679
2020,E,BA,17032,9006
2020,E,CE,10276,5808
2020,E,DF,6362,2886
2020,E,ES,7810,3726
2020,E,GO,14375,6887
2020,E,MA,7605,4130
2020,E,MG,43590,20851
2020,E,MS,5495,2361
2020,E,MT,7179,3032
2020,E,PA,12096,6220
2020,E,PB,6234,3611
2020,E,PE,12116,6760
2020,E,PI,4403,2508
2020,E,PR,21617,10131
2020,E,RJ,25197,12324
2020,E,RN,6002,3348
2020,E,RO,4043,1485
2020,E,RR,847,340
2020,E,RS,21415,10218
2020,E,SC,11586,5146
2020,E,SE,3003,1689
2020,E,SP,76112,32864
2020,E,TO,2699,1329
2020,F,AC,1536,765
2020,F,AL,3670,2310
2020,F,AM,5230,2106
2020,F,AP,1645,796
2020,F,BA,17007,9607
2020,F,CE,10142,6040
2020,F,DF,6612,3318
2020,F,ES,7829,4063
2020,F,GO,13707,7230
2020,F,MA,7780,4442
2020,F,MG,45624,23185
2020,F,MS,5608,2622
2020,F,MT,7323,3474
2020,F,PA,12347,6625
2020,F,PB,6313,3903
2020,F,PE,11793,7076
2020,F,PI,4897,2972
2020,F,PR,23571,11851
2020,F,RJ,25673,13634
2020,F,RN,6112,3553
2020,F,RO,4186,1658
2020,F,RR,973,427
2020,F,RS,22154,11092
2020,F,SC,13212,6284
2020,F,SE,3143,1976
2020,F,SP,84394,39820
2020,F,TO,3000,1567
2020,G,AC,1042,587
2020,G,AL,2616,1777
2020,G,AM,3562,1559
2020,G,AP,1184,650
2020,G,BA,11367,7073
2020,G,CE,7063,4574
2020,G,DF,4804,2703
2020,G,ES,5354,3087
2020,G,GO,8892,5230
2020,G,MA,5101,3155
2020,G,MG,32098,17998
2020,G,MS,3680,1972
2020,G,MT,4957,2599
2020,G,PA,8185,4683
2020,G,PB,4338,2808
2020,G,PE,8301,5277
2020,G,PI,3384,2195
2020,G,PR,17078,9592
2020,G,RJ,18227,10554
2020,G,RN,4472,2812
2020,G,RO,2736,1216
2020,G,RR,661,322
2020,G,RS,16222,9121
2020,G,SC,10372,5580
2020,G,SE,2316,1539
2020,G,SP,62584,33491
2020,G,TO,1984,1178
2020,H,AC,848,481
2020,H,AL,1832,1300
2020,H,AM,2378,1093
2020,H,AP,936,526
2020,H,BA,7564,4964
2020,H,CE,4612,3174
2020,H,DF,3982,2293
2020,H,ES,3409,2081
2020,H,GO,5844,3717
2020,H,MA,3604,2339
2020,H,MG,20700,12446
2020,H,MS,2585,1502
2020,H,MT,3491,1949
2020,H,PA,5326,3289
2020,H,PB,2833,1949
2020,H,PE,5680,3846
2020,H,PI,2093,1424
2020,H,PR,11347,6763
2020,H,RJ,13218,8127
2020,H,RN,3044,1989
2020,H,RO,1719,837
2020,H,RR,487,250
2020,H,RS,10793,6353
2020,H,SC,7045,4087
2020,H,SE,1709,1198
2020,H,SP,42863,25352
2020,H,TO,1374,868
2020,I,AC,463,261
2020,I,AL,1102,786
2020,I,AM,1277,624
2020,I,AP,518,306
2020,I,BA,4271,2889
2020,I,CE,2647,1908
2020,I,DF,2774,1735
2020,I,ES,1953,1292
2020,I,GO,3512,2333
2020,I,MA,1966,1354
2020,I,MG,11705,7382
2020,I,MS,1557,993
2020,I,MT,2025,1223
2020,I,PA,3062,1970
2020,I,PB,1521,1069
2020,I,PE,3166,2230
2020,I,PI,1190,844
2020,I,PR,6578,4223
2020,I,RJ,8208,5299
2020,I,RN,1800,1239
2020,I,RO,953,492
2020,I,RR,287,162
2020,I,RS,5947,3727
2020,I,SC,3974,2456
2020,I,SE,1000,719
2020,I,SP,24676,15592
2020,I,TO,769,506
2020,J,AC,285,168
2020,J,AL,597,442
2020,J,AM,699,358
2020,J,AP,351,212
2020,J,BA,2472,1728
2020,J,CE,1548,1116
2020,J,DF,1944,1240
2020,J,ES,1184,800
2020,J,GO,2020,1441
2020,J,MA,1063,738
2020,J,MG,6770,4423
2020,J,MS,899,576
2020,J,MT,1114,717
2020,J,PA,1628,1090
2020,J,PB,912,653
2020,J,PE,1944,1334
2020,J,PI,723,507
2020,J,PR,3711,2488
2020,J,RJ,5218,3439
2020,J,RN,1057,743
2020,J,RO,490,273
2020,J,RR,166,110
2020,J,RS,3419,2219
2020,J,SC,2295,1498
2020,J,SE,605,425
2020,J,SP,14718,9651
2020,J,TO,460,326
2020,K,AC,195,125
2020,K,AL,487,360
2020,K,AM,562,295
2020,K,AP,262,165
2020,K,BA,1886,1281
2020,K,CE,1213,840
2020,K,DF,1771,1163
2020,K,ES,906,618
2020,K,GO,1539,1066
2020,K,MA,771,567
2020,K,MG,5367,3594
2020,K,MS,642,398
2020,K,MT,883,561
2020,K,PA,1257,856
2020,K,PB,778,563
2020,K,PE,1585,1111
2020,K,PI,508,345
2020,K,PR,2970,2007
2020,K,RJ,4165,2774
2020,K,RN,832,554
2020,K,RO,342,194
2020,K,RR,128,77
2020,K,RS,2560,1695
2020,K,SC,1683,1097
2020,K,SE,514,360
2020,K,SP,11442,7631
2020,K,TO,308,215
2020,L,AC,155,100
2020,L,AL,340,248
2020,L,AM,401,210
2020,L,AP,183,106
2020,L,BA,1448,987
2020,L,CE,950,703
2020,L,DF,1394,905
2020,L,ES,712,476
2020,L,GO,1117,739
2020,L,MA,607,426
2020,L,MG,3938,2602
2020,L,MS,518,326
2020,L,MT,663,446
2020,L,PA,902,607
2020,L,PB,600,430
2020,L,PE,1152,823
2020,L,PI,386,264
2020,L,PR,2153,1476
2020,L,RJ,3150,2103
2020,L,RN,589,412
2020,L,RO,271,138
2020,L,RR,111,63
2020,L,RS,1964,1312
2020,L,SC,1312,832
2020,L,SE,329,237
2020,L,SP,8783,6068
2020,L,TO,257,169
2020,M,AC,204,123
2020,M,AL,458,340
2020,M,AM,574,287
2020,M,AP,242,168
2020,M,BA,1865,1288
2020,M,CE,1293,900
2020,M,DF,2113,1376
2020,M,ES,921,588
2020,M,GO,1483,1047
2020,M,MA,802,552
2020,M,MG,5231,3474
2020,M,MS,765,479
2020,M,MT,892,574
2020,M,PA,1219,776
2020,M,PB,799,569
2020,M,PE,1626,1123
2020,M,PI,545,364
2020,M,PR,2829,1947
2020,M,RJ,4509,3053
2020,M,RN,868,609
2020,M,RO,332,164
2020,M,RR,117,74
2020,M,RS,2627,1741
2020,M,SC,1628,1114
2020,M,SE,477,340
2020,M,SP,12320,8242
2020,M,TO,368,265
2020,N,AC,169,99
2020,N,AL,450,332
2020,N,AM,529,268
2020,N,AP,231,139
2020,N,BA,1843,1255
2020,N,CE,1409,995
2020,N,DF,2055,1322
2020,N,ES,944,615
2020,N,GO,1520,1062
2020,N,MA,724,503
2020,N,MG,5002,3332
2020,N,MS,662,435
2020,N,MT,870,550
2020,N,PA,945,623
2020,N,PB,833,574
2020,N,PE,1570,1098
2020,N,PI,525,344
2020,N,PR,2854,1978
2020,N,RJ,4468,2947
2020,N,RN,795,526
2020,N,RO,289,131
2020,N,RR,148,101
2020,N,RS,2475,1675
2020,N,SC,1535,1035
2020,N,SE,491,372
2020,N,SP,11431,7629
2020,N,TO,339,226
2020,O,AC,141,94
2020,O,AL,411,292
2020,O,AM,489,240
2020,O,AP,201,129
2020,O,BA,1659,1093
2020,O,CE,1116,779
2020,O,DF,2265,1450
2020,O,ES,816,533
2020,O,GO,1294,911
2020,O,MA,567,406
2020,O,MG,4532,2998
2020,O,MS,571,359
2020,O,MT,799,530
2020,O,PA,887,587
2020,O,PB,705,506
2020,O,PE,1383,976
2020,O,PI,471,309
2020,O,PR,2453,1622
2020,O,RJ,4194,2843
2020,O,RN,743,494
2020,O,RO,217,102
2020,O,RR,95,57
2020,O,RS,2250,1519
2020,O,SC,1310,857
2020,O,SE,456,320
2020,O,SP,10719,7191
2020,O,TO,323,246
2020,P,AC,128,75
2020,P,AL,437,293
2020,P,AM,445,236
2020,P,AP,152,93
2020,P,BA,1571,1028
2020,P,CE,1286,905
2020,P,DF,2401,1520
2020,P,ES,792,519
2020,P,GO,1268,843
2020,P,MA,603,411
2020,P,MG,4193,2679
2020,P,MS,550,352
2020,P,MT,736,480
2020,P,PA,860,548
2020,P,PB,663,460
2020,P,PE,1512,1034
2020,P,PI,447,291
2020,P,PR,2322,1577
2020,P,RJ,4296,2873
2020,P,RN,758,536
2020,P,RO,227,124
2020,P,RR,95,57
2020,P,RS,2036,1320
2020,P,SC,1206,812
2020,P,SE,378,265
2020,P,SP,10765,7085
2020,P,TO,318,224
2020,Q,AC,139,85
2020,Q,AL,480,333
2020,Q,AM,562,239
2020,Q,AP,146,92
2020,Q,BA,1902,1169
2020,Q,CE,1630,1073
2020,Q,DF,3353,2032
2020,Q,ES,955,553
2020,Q,GO,1637,1065
2020,Q,MA,679,456
2020,Q,MG,4942,3008
2020,Q,MS,609,373
2020,Q,MT,925,575
2020,Q,PA,939,571
2020,Q,PB,762,523
2020,Q,PE,2072,1376
2020,Q,PI,521,338
2020,Q,PR,2532,1599
2020,Q,RJ,5543,3575
2020,Q,RN,840,557
2020,Q,RO,185,85
2020,Q,RR,99,59
2020,Q,RS,2441,1556
2020,Q,SC,1376,866
2020,Q,SE,499,338
2020,Q,SP,15039,8903
2020,Q,TO,288,183
2021,A,AC,1767,907
2021,A,AL,4891,2986
2021,A,AM,9926,4099
2021,A,AP,1746,908
2021,A,BA,25669,14672
2021,A,CE,22151,13083
2021,A,DF,2327,1229
2021,A,ES,2024,1028
2021,A,GO,3986,1882
2021,A,MA,14658,8905
2021,A,MG,9586,4876
2021,A,MS,1222,566
2021,A,MT,1512,691
2021,A,PA,16749,9644
2021,A,PB,10621,6585
2021,A,PE,18831,11156
2021,A,PI,10064,6573
2021,A,PR,2448,1204
2021,A,RJ,10216,5034
2021,A,RN,5965,3722
2021,A,RO,1496,668
2021,A,RR,425,193
2021,A,RS,3384,1661
2021,A,SC,1102,501
2021,A,SE,5506,3424
2021,A,SP,11968,5726
2021,A,TO,1874,976
2021,B,AC,7809,4550
2021,B,AL,21652,13637
2021,B,AM,39029,17132
2021,B,AP,8850,4800
2021,B,BA,104677,63387
2021,B,CE,107960,64488
2021,B,DF,12968,7074
2021,B,ES,13243,7392
2021,B,GO,30562,15290
2021,B,MA,53916,34245
2021,B,MG,62068,35297
2021,B,MS,8303,4217
2021,B,MT,9828,5012
2021,B,PA,76478,46370
2021,B,PB,41349,27061
2021,B,PE,77805,48915
2021,B,PI,32910,22256
2021,B,PR,15163,7980
2021,B,RJ,49641,27394
2021,B,RN,28922,19023
2021,B,RO,8310,3997
2021,B,RR,2315,1230
2021,B,RS,21733,12050
2021,B,SC,6685,3355
2021,B,SE,21368,13841
2021,B,SP,59888,31461
2021,B,TO,9406,5279
2021,C,AC,3549,2148
2021,C,AL,9624,6351
2021,C,AM,16081,7976
2021,C,AP,3808,2165
2021,C,BA,45781,28881
2021,C,CE,34122,22047
2021,C,DF,11155,6568
2021,C,ES,12355,7258
2021,C,GO,28767,15203
2021,C,MA,21471,13881
2021,C,MG,58150,34640
2021,C,MS,7857,4325
2021,C,MT,10277,5563
2021,C,PA,34800,21637
2021,C,PB,16434,11136
2021,C,PE,32846,21854
2021,C,PI,12434,8482
2021,C,PR,22544,12886
2021,C,RJ,43318,25708
2021,C,RN,13423,8884
2021,C,RO,6650,3377
2021,C,RR,1346,704
2021,C,RS,26423,15389
2021,C,SC,10862,6026
2021,C,SE,8812,6013
2021,C,SP,77586,44477
2021,C,TO,5468,3259
2021,D,AC,2145,1391
2021,D,AL,6207,4344
2021,D,AM,8658,4707
2021,D,AP,1989,1190
2021,D,BA,28745,19475
2021,D,CE,18994,13307
2021,D,DF,8020,5093
2021,D,ES,9639,6091
2021,D,GO,22313,13023
2021,D,MA,12751,8647
2021,D,MG,50772,32302
2021,D,MS,6857,4138
2021,D,MT,8493,4945
2021,D,PA,19582,12863
2021,D,PB,10994,7793
2021,D,PE,20308,14260
2021,D,PI,7793,5673
2021,D,PR,22476,13854
2021,D,RJ,31965,20529
2021,D,RN,9457,6489
2021,D,RO,4949,2717
2021,D,RR,976,557
2021,D,RS,23122,14546
2021,D,SC,11548,6969
2021,D,SE,5364,3799
2021,D,SP,74445,46537
2021,D,TO,3916,2469
2021,E,AC,910,612
2021,E,AL,2516,1879
2021,E,AM,3384,1950
2021,E,AP,813,547
2021,E,BA,11976,8814
2021,E,CE,7434,5512
2021,E,DF,3682,2438
2021,E,ES,5082,3430
2021,E,GO,10524,6813
2021,E,MA,5186,3689
2021,E,MG,26023,17687
2021,E,MS,3192,2046
2021,E,MT,4251,2702
2021,E,PA,7779,5327
2021,E,PB,4340,3230
2021,E,PE,8109,6073
2021,E,PI,3176,2461
2021,E,PR,12915,8642
2021,E,RJ,15736,10713
2021,E,RN,3954,2902
2021,E,RO,2271,1406
2021,E,RR,436,268
2021,E,RS,12800,8687
2021,E,SC,7220,4746
2021,E,SE,2143,1638
2021,E,SP,42385,28575
2021,E,TO,1706,1170
2021,F,AC,948,654
2021,F,AL,2712,2095
2021,F,AM,3169,1992
2021,F,AP,943,667
2021,F,BA,12420,9346
2021,F,CE,7190,5625
2021,F,DF,4147,2980
2021,F,ES,5303,3755
2021,F,GO,10548,7416
2021,F,MA,5325,3978
2021,F,MG,28781,20631
2021,F,MS,3572,2472
2021,F,MT,5021,3394
2021,F,PA,8031,5769
2021,F,PB,4365,3452
2021,F,PE,8343,6500
2021,F,PI,3451,2704
2021,F,PR,15700,10822
2021,F,RJ,17561,12623
2021,F,RN,4307,3327
2021,F,RO,2581,1670
2021,F,RR,498,338
2021,F,RS,14386,10179
2021,F,SC,9021,6169
2021,F,SE,2299,1799
2021,F,SP,50745,36224
2021,F,TO,1986,1468
2021,G,AC,788,577
2021,G,AL,2213,1761
2021,G,AM,2436,1613
2021,G,AP,761,520
2021,G,BA,9735,7734
2021,G,CE,5784,4620
2021,G,DF,3374,2435
2021,G,ES,4270,3199
2021,G,GO,7923,5982
2021,G,MA,3986,3042
2021,G,MG,24466,18339
2021,G,MS,2774,2033
2021,G,MT,3969,2825
2021,G,PA,6268,4703
2021,G,PB,3537,2865
2021,G,PE,6646,5346
2021,G,PI,2730,2266
2021,G,PR,13801,10043
2021,G,RJ,14286,10790
2021,G,RN,3616,2816
2021,G,RO,2002,1399
2021,G,RR,451,315
2021,G,RS,12571,9324
2021,G,SC,8834,6421
2021,G,SE,1960,1565
2021,G,SP,44901,33898
2021,G,TO,1627,1216
2021,H,AC,605,455
2021,H,AL,1744,1427
2021,H,AM,1923,1329
2021,H,AP,743,558
2021,H,BA,7275,5924
2021,H,CE,4276,3544
2021,H,DF,3343,2515
2021,H,ES,3176,2426
2021,H,GO,5905,4638
2021,H,MA,3048,2391
2021,H,MG,17825,14033
2021,H,MS,2158,1675
2021,H,MT,3282,2436
2021,H,PA,4734,3695
2021,H,PB,2559,2106
2021,H,PE,4957,4088
2021,H,PI,1990,1661
2021,H,PR,10215,7697
2021,H,RJ,11938,9259
2021,H,RN,2779,2202
2021,H,RO,1432,1042
2021,H,RR,372,273
2021,H,RS,9605,7487
2021,H,SC,6890,5199
2021,H,SE,1537,1243
2021,H,SP,35799,28455
2021,H,TO,1274,991
2021,I,AC,422,326
2021,I,AL,1105,911
2021,I,AM,1072,756
2021,I,AP,476,358
2021,I,BA,4428,3637
2021,I,CE,2538,2126
2021,I,DF,2410,1849
2021,I,ES,1936,1545
2021,I,GO,3548,2869
2021,I,MA,1763,1419
2021,I,MG,10862,8757
2021,I,MS,1407,1115
2021,I,MT,2023,1536
2021,I,PA,2686,2158
2021,I,PB,1577,1279
2021,I,PE,3115,2602
2021,I,PI,1251,1080
2021,I,PR,6388,4978
2021,I,RJ,7934,6327
2021,I,RN,1773,1440
2021,I,RO,805,606
2021,I,RR,294,211
2021,I,RS,5665,4471
2021,I,SC,4344,3330
2021,I,SE,1062,882
2021,I,SP,22236,18220
2021,I,TO,778,632
2021,J,AC,253,198
2021,J,AL,659,555
2021,J,AM,709,522
2021,J,AP,282,224
2021,J,BA,2574,2151
2021,J,CE,1491,1246
2021,J,DF,1741,1400
2021,J,ES,1187,957
2021,J,GO,2102,1707
2021,J,MA,1032,816
2021,J,MG,6559,5406
2021,J,MS,846,700
2021,J,MT,1197,914
2021,J,PA,1661,1358
2021,J,PB,959,813
2021,J,PE,1917,1613
2021,J,PI,765,650
2021,J,PR,3808,3037
2021,J,RJ,5118,4133
2021,J,RN,1105,920
2021,J,RO,472,367
2021,J,RR,168,124
2021,J,RS,3536,2817
2021,J,SC,2566,2033
2021,J,SE,609,522
2021,J,SP,13742,11407
2021,J,TO,434,344
2021,K,AC,180,131
2021,K,AL,535,448
2021,K,AM,528,393
2021,K,AP,260,190
2021,K,BA,2060,1707
2021,K,CE,1148,962
2021,K,DF,1553,1249
2021,K,ES,877,733
2021,K,GO,1698,1407
2021,K,MA,769,632
2021,K,MG,5030,4141
2021,K,MS,705,581
2021,K,MT,914,720
2021,K,PA,1224,1018
2021,K,PB,751,636
2021,K,PE,1511,1290
2021,K,PI,543,464
2021,K,PR,3080,2457
2021,K,RJ,4138,3349
2021,K,RN,805,668
2021,K,RO,328,253
2021,K,RR,133,107
2021,K,RS,2678,2158
2021,K,SC,1966,1583
2021,K,SE,471,397
2021,K,SP,10816,9151
2021,K,TO,389,332
2021,L,AC,179,139
2021,L,AL,452,385
2021,L,AM,477,356
2021,L,AP,217,152
2021,L,BA,1752,1470
2021,L,CE,1054,879
2021,L,DF,1483,1185
2021,L,ES,751,618
2021,L,GO,1451,1218
2021,L,MA,694,568
2021,L,MG,4544,3781
2021,L,MS,528,427
2021,L,MT,834,652
2021,L,PA,1061,847
2021,L,PB,716,602
2021,L,PE,1322,1118
2021,L,PI,462,392
2021,L,PR,2595,2078
2021,L,RJ,3695,3048
2021,L,RN,675,569
2021,L,RO,280,220
2021,L,RR,131,104
2021,L,RS,2350,1896
2021,L,SC,1616,1343
2021,L,SE,406,336
2021,L,SP,9364,7939
2021,L,TO,299,238
2021,M,AC,244,199
2021,M,AL,604,500
2021,M,AM,619,464
2021,M,AP,257,208
2021,M,BA,2431,2035
2021,M,CE,1550,1307
2021,M,DF,2285,1816
2021,M,ES,1090,929
2021,M,GO,2106,1775
2021,M,MA,971,801
2021,M,MG,6310,5244
2021,M,MS,861,722
2021,M,MT,1261,1017
2021,M,PA,1408,1173
2021,M,PB,1029,884
2021,M,PE,1827,1570
2021,M,PI,616,526
2021,M,PR,3741,3008
2021,M,RJ,5564,4534
2021,M,RN,1068,897
2021,M,RO,393,314
2021,M,RR,163,131
2021,M,RS,3278,2711
2021,M,SC,2403,1960
2021,M,SE,631,511
2021,M,SP,14197,12237
2021,M,TO,456,376
2021,N,AC,152,127
2021,N,AL,354,309
2021,N,AM,423,309
2021,N,AP,151,119
2021,N,BA,1569,1313
2021,N,CE,1096,952
2021,N,DF,1708,1377
2021,N,ES,728,598
2021,N,GO,1171,987
2021,N,MA,547,450
2021,N,MG,3900,3269
2021,N,MS,513,439
2021,N,MT,728,593
2021,N,PA,855,695
2021,N,PB,627,549
2021,N,PE,1226,1045
2021,N,PI,428,350
2021,N,PR,2289,1858
2021,N,RJ,3632,2970
2021,N,RN,696,598
2021,N,RO,213,175
2021,N,RR,85,60
2021,N,RS,2104,1728
2021,N,SC,1332,1087
2021,N,SE,401,345
2021,N,SP,8657,7497
2021,N,TO,280,229
2021,O,AC,133,104
2021,O,AL,444,381
2021,O,AM,449,328
2021,O,AP,192,153
2021,O,BA,1576,1328
2021,O,CE,1128,962
2021,O,DF,2048,1666
2021,O,ES,814,693
2021,O,GO,1292,1112
2021,O,MA,568,461
2021,O,MG,4234,3552
2021,O,MS,577,487
2021,O,MT,788,636
2021,O,PA,865,681
2021,O,PB,705,611
2021,O,PE,1325,1132
2021,O,PI,437,361
2021,O,PR,2315,1843
2021,O,RJ,3998,3298
2021,O,RN,756,626
2021,O,RO,192,151
2021,O,RR,97,86
2021,O,RS,2197,1846
2021,O,SC,1429,1174
2021,O,SE,394,339
2021,O,SP,9882,8569
2021,O,TO,334,282
2021,P,AC,123,97
2021,P,AL,410,348
2021,P,AM,426,304
2021,P,AP,149,126
2021,P,BA,1594,1307
2021,P,CE,1192,1015
2021,P,DF,2270,1804
2021,P,ES,746,626
2021,P,GO,1299,1087
2021,P,MA,536,434
2021,P,MG,4040,3426
2021,P,MS,512,422
2021,P,MT,785,650
2021,P,PA,824,654
2021,P,PB,654,548
2021,P,PE,1497,1266
2021,P,PI,434,362
2021,P,PR,2264,1798
2021,P,RJ,4259,3539
2021,P,RN,709,607
2021,P,RO,202,174
2021,P,RR,72,63
2021,P,RS,2134,1854
2021,P,SC,1368,1139
2021,P,SE,428,375
2021,P,SP,9867,8513
2021,P,TO,323,264
2021,Q,AC,129,103
2021,Q,AL,462,386
2021,Q,AM,469,330
2021,Q,AP,137,112
2021,Q,BA,1932,1612
2021,Q,CE,1409,1148
2021,Q,DF,2987,2327
2021,Q,ES,960,770
2021,Q,GO,1720,1435
2021,Q,MA,684,556
2021,Q,MG,4679,3916
2021,Q,MS,606,490
2021,Q,MT,922,745
2021,Q,PA,973,765
2021,Q,PB,785,650
2021,Q,PE,2031,1699
2021,Q,PI,485,400
2021,Q,PR,2540,1930
2021,Q,RJ,5348,4415
2021,Q,RN,809,673
2021,Q,RO,225,168
2021,Q,RR,94,77
2021,Q,RS,2518,2078
2021,Q,SC,1579,1259
2021,Q,SE,405,334
2021,Q,SP,13475,11262
2021,Q,TO,323,274
2022,A,AC,2067,1118
2022,A,AL,5802,3337
2022,A,AM,8576,3500
2022,A,AP,1810,986
2022,A,BA,26602,16580
2022,A,CE,18871,12115
2022,A,DF,2190,1185
2022,A,ES,1838,982
2022,A,GO,4128,1950
2022,A,MA,15563,9542
2022,A,MG,8530,4692
2022,A,MS,1436,613
2022,A,MT,1503,681
2022,A,PA,20674,12240
2022,A,PB,10691,6902
2022,A,PE,18144,11014
2022,A,PI,11085,7307
2022,A,PR,2351,1175
2022,A,RJ,10585,5536
2022,A,RN,7019,4447
2022,A,RO,1380,688
2022,A,RR,427,174
2022,A,RS,3334,1716
2022,A,SC,1078,495
2022,A,SE,6018,3880
2022,A,SP,11159,5563
2022,A,TO,1614,850
2022,B,AC,9407,5548
2022,B,AL,26488,16818
2022,B,AM,35744,16739
2022,B,AP,10183,5918
2022,B,BA,110028,72072
2022,B,CE,115739,75525
2022,B,DF,13461,7952
2022,B,ES,13798,7978
2022,B,GO,33816,18027
2022,B,MA,60391,39379
2022,B,MG,61388,37131
2022,B,MS,9703,5052
2022,B,MT,10766,5777
2022,B,PA,89149,56530
2022,B,PB,44973,29896
2022,B,PE,81587,52355
2022,B,PI,36718,25158
2022,B,PR,17499,9616
2022,B,RJ,59437,34384
2022,B,RN,34558,23207
2022,B,RO,8832,4691
2022,B,RR,2473,1230
2022,B,RS,23726,13668
2022,B,SC,7124,3758
2022,B,SE,25591,17588
2022,B,SP,70958,39149
2022,B,TO,9332,5346
2022,C,AC,3754,2383
2022,C,AL,10828,7306
2022,C,AM,14341,7265
2022,C,AP,3598,2232
2022,C,BA,44093,29946
2022,C,CE,35263,24609
2022,C,DF,10513,6457
2022,C,ES,12128,7446
2022,C,GO,28467,16467
2022,C,MA,21112,14325
2022,C,MG,55003,35135
2022,C,MS,8580,4851
2022,C,MT,10604,5967
2022,C,PA,35104,22977
2022,C,PB,15938,11125
2022,C,PE,30660,21189
2022,C,PI,12450,8810
2022,C,PR,24448,14104
2022,C,RJ,45428,28330
2022,C,RN,14269,9783
2022,C,RO,6173,3608
2022,C,RR,1366,755
2022,C,RS,27583,16633
2022,C,SC,11500,6540
2022,C,SE,8961,6407
2022,C,SP,87038,51953
2022,C,TO,5076,3101
2022,D,AC,2059,1337
2022,D,AL,6288,4478
2022,D,AM,7260,4108
2022,D,AP,1849,1205
2022,D,BA,26210,18747
2022,D,CE,18212,13620
2022,D,DF,7362,4792
2022,D,ES,9397,6147
2022,D,GO,21218,13398
2022,D,MA,11552,8128
2022,D,MG,45754,30780
2022,D,MS,6495,4077
2022,D,MT,8613,5094
2022,D,PA,18235,12608
2022,D,PB,9747,7211
2022,D,PE,17713,12823
2022,D,PI,7470,5562
2022,D,PR,22166,13951
2022,D,RJ,32549,21778
2022,D,RN,9214,6555
2022,D,RO,4402,2713
2022,D,RR,970,546
2022,D,RS,22419,14404
2022,D,SC,11355,7012
2022,D,SE,5008,3760
2022,D,SP,77303,49670
2022,D,TO,3446,2300
2022,E,AC,1331,904
2022,E,AL,3449,2601
2022,E,AM,4018,2403
2022,E,AP,1107,774
2022,E,BA,14596,11040
2022,E,CE,9525,7363
2022,E,DF,4844,3334
2022,E,ES,6361,4474
2022,E,GO,13976,9424
2022,E,MA,6636,4957
2022,E,MG,31523,22489
2022,E,MS,4327,2858
2022,E,MT,6175,3972
2022,E,PA,10484,7559
2022,E,PB,5238,4063
2022,E,PE,9810,7416
2022,E,PI,4193,3269
2022,E,PR,17911,11953
2022,E,RJ,20964,14779
2022,E,RN,5115,3834
2022,E,RO,2903,1861
2022,E,RR,633,382
2022,E,RS,16898,11451
2022,E,SC,9674,6423
2022,E,SE,2756,2179
2022,E,SP,59833,41083
2022,E,TO,2424,1682
2022,F,AC,652,465
2022,F,AL,1834,1412
2022,F,AM,1922,1143
2022,F,AP,573,418
2022,F,BA,7704,5897
2022,F,CE,4979,3922
2022,F,DF,2510,1797
2022,F,ES,3405,2425
2022,F,GO,7143,5020
2022,F,MA,3276,2495
2022,F,MG,18868,13893
2022,F,MS,2343,1638
2022,F,MT,3501,2399
2022,F,PA,5494,4071
2022,F,PB,2927,2329
2022,F,PE,5182,4027
2022,F,PI,2232,1790
2022,F,PR,11063,7697
2022,F,RJ,11655,8693
2022,F,RN,2913,2214
2022,F,RO,1585,1093
2022,F,RR,370,222
2022,F,RS,10337,7339
2022,F,SC,6544,4554
2022,F,SE,1519,1224
2022,F,SP,36265,26102
2022,F,TO,1295,924
2022,G,AC,777,567
2022,G,AL,2264,1793
2022,G,AM,2221,1439
2022,G,AP,750,552
2022,G,BA,9254,7275
2022,G,CE,5689,4557
2022,G,DF,3394,2505
2022,G,ES,4307,3204
2022,G,GO,8376,6221
2022,G,MA,3874,3013
2022,G,MG,22658,17093
2022,G,MS,2797,2004
2022,G,MT,4264,2987
2022,G,PA,6091,4635
2022,G,PB,3341,2644
2022,G,PE,6224,4966
2022,G,PI,2692,2186
2022,G,PR,13761,9911
2022,G,RJ,14325,10737
2022,G,RN,3436,2696
2022,G,RO,1908,1357
2022,G,RR,461,312
2022,G,RS,12602,9224
2022,G,SC,8796,6378
2022,G,SE,1926,1581
2022,G,SP,46642,34847
2022,G,TO,1489,1128
2022,H,AC,851,616
2022,H,AL,2217,1766
2022,H,AM,2158,1453
2022,H,AP,889,696
2022,H,BA,8668,6940
2022,H,CE,5431,4442
2022,H,DF,4112,3139
2022,H,ES,3869,2974
2022,H,GO,7752,5909
2022,H,MA,3610,2851
2022,H,MG,20621,16152
2022,H,MS,2799,2105
2022,H,MT,4450,3226
2022,H,PA,6076,4726
2022,H,PB,3184,2574
2022,H,PE,5838,4778
2022,H,PI,2481,2031
2022,H,PR,13348,9962
2022,H,RJ,14830,11431
2022,H,RN,3539,2806
2022,H,RO,1807,1321
2022,H,RR,487,336
2022,H,RS,11543,8613
2022,H,SC,8836,6664
2022,H,SE,1914,1595
2022,H,SP,45952,35616
2022,H,TO,1489,1144
2022,I,AC,367,293
2022,I,AL,923,760
2022,I,AM,895,589
2022,I,AP,391,299
2022,I,BA,3425,2779
2022,I,CE,2197,1816
2022,I,DF,2124,1642
2022,I,ES,1600,1268
2022,I,GO,3275,2585
2022,I,MA,1440,1148
2022,I,MG,8717,6967
2022,I,MS,1121,871
2022,I,MT,1777,1268
2022,I,PA,2408,1905
2022,I,PB,1318,1093
2022,I,PE,2516,2022
2022,I,PI,980,811
2022,I,PR,5374,4175
2022,I,RJ,6632,5227
2022,I,RN,1496,1220
2022,I,RO,692,514
2022,I,RR,223,151
2022,I,RS,4715,3632
2022,I,SC,3730,2871
2022,I,SE,926,766
2022,I,SP,19108,15237
2022,I,TO,546,435
2022,J,AC,242,189
2022,J,AL,578,484
2022,J,AM,579,409
2022,J,AP,274,212
2022,J,BA,2479,2031
2022,J,CE,1497,1229
2022,J,DF,1717,1363
2022,J,ES,1064,836
2022,J,GO,2111,1685
2022,J,MA,1015,801
2022,J,MG,5989,4915
2022,J,MS,844,661
2022,J,MT,1211,925
2022,J,PA,1577,1265
2022,J,PB,938,764
2022,J,PE,1723,1458
2022,J,PI,741,603
2022,J,PR,3652,2883
2022,J,RJ,4881,3923
2022,J,RN,1073,861
2022,J,RO,446,336
2022,J,RR,145,98
2022,J,RS,3299,2568
2022,J,SC,2504,1943
2022,J,SE,578,478
2022,J,SP,13431,10889
2022,J,TO,396,306
2022,K,AC,164,141
2022,K,AL,454,362
2022,K,AM,440,282
2022,K,AP,201,157
2022,K,BA,1661,1362
2022,K,CE,1095,911
2022,K,DF,1299,1040
2022,K,ES,790,617
2022,K,GO,1513,1200
2022,K,MA,679,536
2022,K,MG,4261,3494
2022,K,MS,570,450
2022,K,MT,854,641
2022,K,PA,1101,895
2022,K,PB,672,558
2022,K,PE,1285,1053
2022,K,PI,473,400
2022,K,PR,2627,2041
2022,K,RJ,3674,3012
2022,K,RN,780,634
2022,K,RO,313,224
2022,K,RR,142,109
2022,K,RS,2269,1788
2022,K,SC,1739,1371
2022,K,SE,409,341
2022,K,SP,9218,7591
2022,K,TO,314,238
2022,L,AC,200,157
2022,L,AL,537,421
2022,L,AM,555,366
2022,L,AP,224,177
2022,L,BA,2214,1795
2022,L,CE,1481,1198
2022,L,DF,1743,1362
2022,L,ES,982,784
2022,L,GO,2019,1618
2022,L,MA,847,658
2022,L,MG,5449,4474
2022,L,MS,784,629
2022,L,MT,1146,860
2022,L,PA,1431,1159
2022,L,PB,901,740
2022,L,PE,1545,1292
2022,L,PI,567,479
2022,L,PR,3513,2763
2022,L,RJ,4887,3938
2022,L,RN,934,768
2022,L,RO,352,261
2022,L,RR,145,112
2022,L,RS,2836,2254
2022,L,SC,2200,1743
2022,L,SE,556,462
2022,L,SP,12829,10611
2022,L,TO,418,326
2022,M,AC,210,160
2022,M,AL,527,449
2022,M,AM,547,374
2022,M,AP,219,174
2022,M,BA,2030,1641
2022,M,CE,1444,1178
2022,M,DF,1947,1530
2022,M,ES,935,735
2022,M,GO,1898,1553
2022,M,MA,806,636
2022,M,MG,5210,4277
2022,M,MS,708,573
2022,M,MT,1117,861
2022,M,PA,1284,1041
2022,M,PB,830,700
2022,M,PE,1581,1305
2022,M,PI,567,474
2022,M,PR,3169,2450
2022,M,RJ,4699,3798
2022,M,RN,921,743
2022,M,RO,300,227
2022,M,RR,174,134
2022,M,RS,2627,2079
2022,M,SC,1900,1492
2022,M,SE,523,451
2022,M,SP,11969,9951
2022,M,TO,388,314
2022,N,AC,138,113
2022,N,AL,402,329
2022,N,AM,389,274
2022,N,AP,159,114
2022,N,BA,1440,1183
2022,N,CE,1077,880
2022,N,DF,1532,1235
2022,N,ES,756,584
2022,N,GO,1220,993
2022,N,MA,485,381
2022,N,MG,3662,3022
2022,N,MS,523,420
2022,N,MT,766,603
2022,N,PA,827,652
2022,N,PB,657,548
2022,N,PE,1183,966
2022,N,PI,413,340
2022,N,PR,2168,1741
2022,N,RJ,3540,2877
2022,N,RN,665,525
2022,N,RO,225,178
2022,N,RR,116,94
2022,N,RS,1898,1519
2022,N,SC,1281,1027
2022,N,SE,368,309
2022,N,SP,8640,7226
2022,N,TO,294,232
2022,O,AC,146,114
2022,O,AL,456,380
2022,O,AM,417,275
2022,O,AP,188,143
2022,O,BA,1608,1312
2022,O,CE,1144,897
2022,O,DF,1970,1527
2022,O,ES,844,662
2022,O,GO,1435,1172
2022,O,MA,516,396
2022,O,MG,3996,3303
2022,O,MS,561,469
2022,O,MT,805,625
2022,O,PA,880,730
2022,O,PB,608,501
2022,O,PE,1309,1078
2022,O,PI,439,362
2022,O,PR,2405,1909
2022,O,RJ,3900,3192
2022,O,RN,670,545
2022,O,RO,208,159
2022,O,RR,107,79
2022,O,RS,2056,1657
2022,O,SC,1460,1170
2022,O,SE,426,327
2022,O,SP,10174,8598
2022,O,TO,306,244
2022,P,AC,119,95
2022,P,AL,390,328
2022,P,AM,417,279
2022,P,AP,128,100
2022,P,BA,1370,1097
2022,P,CE,1205,946
2022,P,DF,1990,1590
2022,P,ES,702,550
2022,P,GO,1333,1099
2022,P,MA,456,362
2022,P,MG,3526,2953
2022,P,MS,458,363
2022,P,MT,766,602
2022,P,PA,813,664
2022,P,PB,596,515
2022,P,PE,1295,1048
2022,P,PI,375,303
2022,P,PR,2153,1675
2022,P,RJ,3810,3060
2022,P,RN,714,583
2022,P,RO,178,148
2022,P,RR,94,72
2022,P,RS,1805,1445
2022,P,SC,1301,1086
2022,P,SE,372,315
2022,P,SP,9376,7758
2022,P,TO,290,246
2022,Q,AC,117,80
2022,Q,AL,508,401
2022,Q,AM,507,321
2022,Q,AP,131,95
2022,Q,BA,1784,1413
2022,Q,CE,1528,1179
2022,Q,DF,2693,2122
2022,Q,ES,924,701
2022,Q,GO,1942,1531
2022,Q,MA,658,525
2022,Q,MG,4626,3673
2022,Q,MS,634,487
2022,Q,MT,1063,811
2022,Q,PA,993,788
2022,Q,PB,679,561
2022,Q,PE,2000,1571
2022,Q,PI,524,425
2022,Q,PR,2788,2040
2022,Q,RJ,5094,4159
2022,Q,RN,733,596
2022,Q,RO,265,204
2022,Q,RR,101,84
2022,Q,RS,2348,1882
2022,Q,SC,1769,1369
2022,Q,SE,461,374
2022,Q,SP,14547,11408
2022,Q,TO,323,260
2023,A,AC,2332,1207
2023,A,AL,8712,4915
2023,A,AM,10137,4378
2023,A,AP,2522,1310
2023,A,BA,37701,22665
2023,A,CE,21324,14056
2023,A,DF,3161,1636
2023,A,ES,2410,1165
2023,A,GO,4885,2320
2023,A,MA,20997,12953
2023,A,MG,11736,6494
2023,A,MS,1702,838
2023,A,MT,1800,884
2023,A,PA,25239,15192
2023,A,PB,14775,9470
2023,A,PE,23821,14610
2023,A,PI,14340,9432
2023,A,PR,3242,1565
2023,A,RJ,15772,7507
2023,A,RN,9297,6005
2023,A,RO,1859,917
2023,A,RR,452,213
2023,A,RS,4335,2219
2023,A,SC,1446,681
2023,A,SE,7548,4907
2023,A,SP,14697,7083
2023,A,TO,1811,977
2023,B,AC,10259,5919
2023,B,AL,37426,22907
2023,B,AM,42947,20379
2023,B,AP,12629,7435
2023,B,BA,143089,92542
2023,B,CE,125018,87088
2023,B,DF,16816,10053
2023,B,ES,16975,9887
2023,B,GO,37667,20720
2023,B,MA,80193,52604
2023,B,MG,78086,47951
2023,B,MS,10548,5881
2023,B,MT,12176,6835
2023,B,PA,105019,67013
2023,B,PB,57591,38587
2023,B,PE,98111,64821
2023,B,PI,46623,31820
2023,B,PR,21724,12375
2023,B,RJ,75923,42628
2023,B,RN,41488,28868
2023,B,RO,10453,5897
2023,B,RR,2963,1587
2023,B,RS,26957,15967
2023,B,SC,9046,4877
2023,B,SE,29884,20591
2023,B,SP,84975,47544
2023,B,TO,10685,6335
2023,C,AC,3927,2408
2023,C,AL,13393,8880
2023,C,AM,15850,8055
2023,C,AP,4720,2906
2023,C,BA,52921,35178
2023,C,CE,36639,25783
2023,C,DF,11438,7185
2023,C,ES,14278,8865
2023,C,GO,29644,17627
2023,C,MA,25508,17163
2023,C,MG,65089,41716
2023,C,MS,8902,5319
2023,C,MT,11309,6557
2023,C,PA,38307,25261
2023,C,PB,18799,13018
2023,C,PE,34215,23584
2023,C,PI,13929,9696
2023,C,PR,27082,16532
2023,C,RJ,49671,30124
2023,C,RN,15899,11075
2023,C,RO,6960,4229
2023,C,RR,1600,937
2023,C,RS,28448,17675
2023,C,SC,12738,7388
2023,C,SE,9840,6975
2023,C,SP,94094,56719
2023,C,TO,5742,3590
2023,D,AC,2229,1455
2023,D,AL,7259,5232
2023,D,AM,8025,4487
2023,D,AP,2359,1598
2023,D,BA,28746,20444
2023,D,CE,17997,13412
2023,D,DF,7344,4806
2023,D,ES,10436,6852
2023,D,GO,20811,13316
2023,D,MA,12867,9114
2023,D,MG,50968,34761
2023,D,MS,6446,4121
2023,D,MT,8819,5550
2023,D,PA,19179,13427
2023,D,PB,10211,7595
2023,D,PE,18579,13603
2023,D,PI,7651,5657
2023,D,PR,24116,15747
2023,D,RJ,33342,21961
2023,D,RN,9632,7108
2023,D,RO,4611,2912
2023,D,RR,1014,625
2023,D,RS,22760,15329
2023,D,SC,12470,7951
2023,D,SE,5245,3909
2023,D,SP,80448,52307
2023,D,TO,3802,2597
2023,E,AC,1344,937
2023,E,AL,3966,3040
2023,E,AM,4031,2382
2023,E,AP,1350,904
2023,E,BA,15761,11864
2023,E,CE,9795,7575
2023,E,DF,4984,3476
2023,E,ES,7189,4966
2023,E,GO,13951,9578
2023,E,MA,7140,5362
2023,E,MG,35355,25383
2023,E,MS,4461,2998
2023,E,MT,6413,4180
2023,E,PA,11193,8195
2023,E,PB,5520,4247
2023,E,PE,10367,8006
2023,E,PI,4313,3431
2023,E,PR,19277,13472
2023,E,RJ,21955,15396
2023,E,RN,5598,4283
2023,E,RO,3009,2074
2023,E,RR,717,466
2023,E,RS,17144,12148
2023,E,SC,10355,6973
2023,E,SE,2838,2253
2023,E,SP,63504,44189
2023,E,TO,2464,1738
2023,F,AC,713,486
2023,F,AL,2068,1631
2023,F,AM,2165,1394
2023,F,AP,787,556
2023,F,BA,8547,6659
2023,F,CE,5252,4202
2023,F,DF,2830,2026
2023,F,ES,4140,3004
2023,F,GO,7613,5462
2023,F,MA,3658,2818
2023,F,MG,20897,15660
2023,F,MS,2498,1817
2023,F,MT,3989,2716
2023,F,PA,5651,4280
2023,F,PB,3129,2514
2023,F,PE,5720,4622
2023,F,PI,2356,1902
2023,F,PR,12133,8821
2023,F,RJ,12389,9090
2023,F,RN,2962,2345
2023,F,RO,1720,1222
2023,F,RR,385,281
2023,F,RS,10504,7773
2023,F,SC,7117,5027
2023,F,SE,1536,1248
2023,F,SP,39147,28595
2023,F,TO,1438,1056
2023,G,AC,1037,798
2023,G,AL,3168,2586
2023,G,AM,3179,2164
2023,G,AP,1308,995
2023,G,BA,12042,9721
2023,G,CE,7734,6315
2023,G,DF,4754,3626
2023,G,ES,5750,4365
2023,G,GO,10836,8195
2023,G,MA,5313,4196
2023,G,MG,30870,24036
2023,G,MS,3795,2867
2023,G,MT,5715,4155
2023,G,PA,8167,6360
2023,G,PB,4393,3621
2023,G,PE,8173,6712
2023,G,PI,3422,2861
2023,G,PR,19116,14497
2023,G,RJ,19315,14598
2023,G,RN,4621,3719
2023,G,RO,2647,1992
2023,G,RR,693,531
2023,G,RS,16169,12274
2023,G,SC,11856,8817
2023,G,SE,2468,2044
2023,G,SP,62723,48076
2023,G,TO,2063,1592
2023,H,AC,620,471
2023,H,AL,1657,1374
2023,H,AM,1610,1090
2023,H,AP,760,593
2023,H,BA,6209,5107
2023,H,CE,4086,3424
2023,H,DF,3171,2448
2023,H,ES,2972,2359
2023,H,GO,5681,4340
2023,H,MA,2600,2132
2023,H,MG,16022,12750
2023,H,MS,2139,1683
2023,H,MT,3213,2374
2023,H,PA,4134,3331
2023,H,PB,2314,1937
2023,H,PE,4297,3540
2023,H,PI,1773,1504
2023,H,PR,10006,7731
2023,H,RJ,10556,8187
2023,H,RN,2564,2123
2023,H,RO,1331,987
2023,H,RR,360,276
2023,H,RS,8466,6661
2023,H,SC,6573,5092
2023,H,SE,1412,1187
2023,H,SP,33686,26895
2023,H,TO,1067,836
2023,I,AC,339,257
2023,I,AL,988,829
2023,I,AM,942,658
2023,I,AP,502,400
2023,I,BA,3735,3139
2023,I,CE,2497,2090
2023,I,DF,2249,1811
2023,I,ES,1786,1431
2023,I,GO,3327,2639
2023,I,MA,1586,1279
2023,I,MG,9886,8084
2023,I,MS,1256,1014
2023,I,MT,1956,1451
2023,I,PA,2452,1999
2023,I,PB,1344,1126
2023,I,PE,2724,2262
2023,I,PI,1054,907
2023,I,PR,5850,4698
2023,I,RJ,7092,5590
2023,I,RN,1630,1374
2023,I,RO,815,633
2023,I,RR,258,204
2023,I,RS,5108,4123
2023,I,SC,4094,3178
2023,I,SE,892,756
2023,I,SP,20960,16976
2023,I,TO,648,524
2023,J,AC,336,257
2023,J,AL,833,722
2023,J,AM,814,577
2023,J,AP,435,345
2023,J,BA,3148,2615
2023,J,CE,2153,1825
2023,J,DF,2323,1881
2023,J,ES,1612,1298
2023,J,GO,2940,2404
2023,J,MA,1396,1147
2023,J,MG,8364,6880
2023,J,MS,1153,935
2023,J,MT,1690,1315
2023,J,PA,2195,1825
2023,J,PB,1248,1049
2023,J,PE,2363,2002
2023,J,PI,814,695
2023,J,PR,5140,4168
2023,J,RJ,6521,5184
2023,J,RN,1373,1150
2023,J,RO,617,503
2023,J,RR,243,185
2023,J,RS,4245,3410
2023,J,SC,3411,2733
2023,J,SE,812,701
2023,J,SP,18450,15437
2023,J,TO,550,444
2023,K,AC,260,205
2023,K,AL,634,542
2023,K,AM,657,450
2023,K,AP,360,265
2023,K,BA,2519,2143
2023,K,CE,1747,1471
2023,K,DF,2009,1656
2023,K,ES,1191,964
2023,K,GO,2412,1975
2023,K,MA,1077,894
2023,K,MG,6311,5279
2023,K,MS,878,746
2023,K,MT,1507,1163
2023,K,PA,1757,1478
2023,K,PB,1052,904
2023,K,PE,1917,1617
2023,K,PI,680,583
2023,K,PR,3971,3214
2023,K,RJ,5177,4202
2023,K,RN,1183,992
2023,K,RO,475,389
2023,K,RR,193,156
2023,K,RS,3224,2646
2023,K,SC,2521,2047
2023,K,SE,649,546
2023,K,SP,14798,12395
2023,K,TO,472,375
2023,L,AC,158,121
2023,L,AL,446,378
2023,L,AM,411,318
2023,L,AP,218,183
2023,L,BA,1716,1441
2023,L,CE,1159,998
2023,L,DF,1437,1168
2023,L,ES,799,660
2023,L,GO,1594,1326
2023,L,MA,642,520
2023,L,MG,4263,3577
2023,L,MS,664,542
2023,L,MT,933,730
2023,L,PA,1113,939
2023,L,PB,684,579
2023,L,PE,1288,1099
2023,L,PI,474,405
2023,L,PR,2694,2152
2023,L,RJ,3717,3006
2023,L,RN,739,620
2023,L,RO,305,243
2023,L,RR,132,103
2023,L,RS,2196,1819
2023,L,SC,1617,1315
2023,L,SE,393,347
2023,L,SP,9492,8009
2023,L,TO,312,256
2023,M,AC,138,109
2023,M,AL,399,349
2023,M,AM,386,272
2023,M,AP,164,131
2023,M,BA,1361,1141
2023,M,CE,1028,853
2023,M,DF,1391,1133
2023,M,ES,689,561
2023,M,GO,1260,1064
2023,M,MA,523,436
2023,M,MG,3637,3055
2023,M,MS,496,413
2023,M,MT,743,603
2023,M,PA,845,715
2023,M,PB,626,546
2023,M,PE,1072,916
2023,M,PI,380,326
2023,M,PR,2157,1785
2023,M,RJ,3301,2662
2023,M,RN,690,591
2023,M,RO,222,186
2023,M,RR,104,80
2023,M,RS,1849,1535
2023,M,SC,1466,1208
2023,M,SE,361,300
2023,M,SP,8089,6912
2023,M,TO,249,199
2023,N,AC,158,127
2023,N,AL,462,395
2023,N,AM,456,337
2023,N,AP,211,185
2023,N,BA,1703,1423
2023,N,CE,1291,1100
2023,N,DF,1845,1518
2023,N,ES,868,712
2023,N,GO,1524,1296
2023,N,MA,563,473
2023,N,MG,4310,3622
2023,N,MS,632,523
2023,N,MT,864,702
2023,N,PA,1045,879
2023,N,PB,783,666
2023,N,PE,1396,1156
2023,N,PI,474,397
2023,N,PR,2652,2145
2023,N,RJ,4068,3329
2023,N,RN,769,647
2023,N,RO,288,239
2023,N,RR,143,117
2023,N,RS,2122,1759
2023,N,SC,1665,1376
2023,N,SE,407,340
2023,N,SP,10532,8951
2023,N,TO,334,275
2023,O,AC,142,112
2023,O,AL,443,379
2023,O,AM,419,323
2023,O,AP,218,159
2023,O,BA,1646,1353
2023,O,CE,1294,1099
2023,O,DF,2116,1723
2023,O,ES,786,652
2023,O,GO,1477,1245
2023,O,MA,531,456
2023,O,MG,4199,3541
2023,O,MS,587,494
2023,O,MT,903,747
2023,O,PA,976,810
2023,O,PB,654,561
2023,O,PE,1428,1218
2023,O,PI,469,416
2023,O,PR,2434,1998
2023,O,RJ,4222,3410
2023,O,RN,733,617
2023,O,RO,258,204
2023,O,RR,136,107
2023,O,RS,2120,1790
2023,O,SC,1604,1351
2023,O,SE,420,370
2023,O,SP,10647,9056
2023,O,TO,356,305
2023,P,AC,121,100
2023,P,AL,395,351
2023,P,AM,410,313
2023,P,AP,122,95
2023,P,BA,1522,1263
2023,P,CE,1258,1038
2023,P,DF,2187,1785
2023,P,ES,803,674
2023,P,GO,1420,1173
2023,P,MA,492,398
2023,P,MG,3771,3190
2023,P,MS,549,453
2023,P,MT,787,648
2023,P,PA,880,754
2023,P,PB,635,540
2023,P,PE,1326,1119
2023,P,PI,364,315
2023,P,PR,2144,1754
2023,P,RJ,3931,3241
2023,P,RN,764,653
2023,P,RO,197,167
2023,P,RR,110,91
2023,P,RS,1872,1596
2023,P,SC,1392,1173
2023,P,SE,381,336
2023,P,SP,9980,8470
2023,P,TO,292,241
2023,Q,AC,161,130
2023,Q,AL,511,443
2023,Q,AM,477,332
2023,Q,AP,142,117
2023,Q,BA,1902,1559
2023,Q,CE,1688,1371
2023,Q,DF,2920,2336
2023,Q,ES,1040,820
2023,Q,GO,2068,1671
2023,Q,MA,670,537
2023,Q,MG,4811,4036
2023,Q,MS,749,595
2023,Q,MT,1095,871
2023,Q,PA,1010,835
2023,Q,PB,753,643
2023,Q,PE,2062,1687
2023,Q,PI,523,414
2023,Q,PR,2768,2122
2023,Q,RJ,5344,4387
2023,Q,RN,764,635
2023,Q,RO,271,205
2023,Q,RR,136,111
2023,Q,RS,2400,2011
2023,Q,SC,1892,1513
2023,Q,SE,454,379
2023,Q,SP,14545,11866
2023,Q,TO,333,272
