ANO,TP_FAIXA_ETARIA,UF,QTD
2019,1,AC,1879
2019,1,AL,5602
2019,1,AM,5069
2019,1,AP,2379
2019,1,BA,27978
2019,1,CE,26651
2019,1,DF,5416
2019,1,ES,5751
2019,1,GO,19839
2019,1,MA,18098
2019,1,MG,41820
2019,1,MS,6393
2019,1,MT,7952
2019,1,PA,19575
2019,1,PB,12974
2019,1,PE,26977
2019,1,PI,11266
2019,1,PR,20491
2019,1,RJ,20059
2019,1,RN,5887
2019,1,RO,3234
2019,1,RR,949
2019,1,RS,11254
2019,1,SC,9651
2019,1,SE,7362
2019,1,SP,71544
2019,1,TO,4611
2019,2,AC,3808
2019,2,AL,11065
2019,2,AM,13200
2019,2,AP,4149
2019,2,BA,48956
2019,2,CE,53184
2019,2,DF,13474
2019,2,ES,14716
2019,2,GO,31474
2019,2,MA,29404
2019,2,MG,82368
2019,2,MS,11825
2019,2,MT,14993
2019,2,PA,30074
2019,2,PB,17884
2019,2,PE,43168
2019,2,PI,16385
2019,2,PR,49453
2019,2,RJ,47551
2019,2,RN,12463
2019,2,RO,6289
2019,2,RR,1695
2019,2,RS,29212
2019,2,SC,23803
2019,2,SE,9561
2019,2,SP,219723
2019,2,TO,7407
2019,3,AC,4906
2019,3,AL,13492
2019,3,AM,18061
2019,3,AP,5058
2019,3,BA,56564
2019,3,CE,61119
2019,3,DF,15907
2019,3,ES,18156
2019,3,GO,32640
2019,3,MA,33748
2019,3,MG,94912
2019,3,MS,10881
2019,3,MT,15340
2019,3,PA,36088
2019,3,PB,20057
2019,3,PE,46713
2019,3,PI,18818
2019,3,PR,37095
2019,3,RJ,61253
2019,3,RN,16013
2019,3,RO,9012
2019,3,RR,2197
2019,3,RS,41909
2019,3,SC,27758
2019,3,SE,10618
2019,3,SP,148054
2019,3,TO,7797
2019,4,AC,4039
2019,4,AL,10641
2019,4,AM,12908
2019,4,AP,4323
2019,4,BA,47881
2019,4,CE,36377
2019,4,DF,11030
2019,4,ES,12842
2019,4,GO,17731
2019,4,MA,26891
2019,4,MG,63791
2019,4,MS,6851
2019,4,MT,8756
2019,4,PA,29649
2019,4,PB,15919
2019,4,PE,31513
2019,4,PI,14961
2019,4,PR,21258
2019,4,RJ,44397
2019,4,RN,14007
2019,4,RO,6093
2019,4,RR,1541
2019,4,RS,25749
2019,4,SC,11775
2019,4,SE,9069
2019,4,SP,81675
2019,4,TO,5488
2019,5,AC,3346
2019,5,AL,7967
2019,5,AM,9570
2019,5,AP,3518
2019,5,BA,37605
2019,5,CE,23121
2019,5,DF,7948
2019,5,ES,8867
2019,5,GO,11878
2019,5,MA,19954
2019,5,MG,44665
2019,5,MS,4684
2019,5,MT,6047
2019,5,PA,24174
2019,5,PB,12339
2019,5,PE,22147
2019,5,PI,10768
2019,5,PR,14101
2019,5,RJ,30139
2019,5,RN,11006
2019,5,RO,4480
2019,5,RR,1065
2019,5,RS,18942
2019,5,SC,6639
2019,5,SE,7174
2019,5,SP,53196
2019,5,TO,4038
2019,6,AC,2655
2019,6,AL,6047
2019,6,AM,7564
2019,6,AP,2719
2019,6,BA,26359
2019,6,CE,14908
2019,6,DF,5892
2019,6,ES,6112
2019,6,GO,8436
2019,6,MA,13888
2019,6,MG,31224
2019,6,MS,3610
2019,6,MT,4406
2019,6,PA,18089
2019,6,PB,9259
2019,6,PE,15430
2019,6,PI,8031
2019,6,PR,10079
2019,6,RJ,19896
2019,6,RN,8192
2019,6,RO,3462
2019,6,RR,774
2019,6,RS,13287
2019,6,SC,4621
2019,6,SE,5200
2019,6,SP,37346
2019,6,TO,2821
2019,6,AC,2300
2019,6,AL,4840
2019,6,AM,6140
2019,6,AP,2238
2019,6,BA,21203
2019,6,CE,11518
2019,6,DF,4472
2019,6,ES,4786
2019,6,GO,6597
2019,6,MA,11112
2019,6,MG,25176
2019,6,MS,3012
2019,6,MT,3659
2019,6,PA,14841
2019,6,PB,7725
2019,6,PE,12273
2019,6,PI,6097
2019,6,PR,8367
2019,6,RJ,16173
2019,6,RN,6647
2019,6,RO,2945
2019,6,RR,667
2019,6,RS,10573
2019,6,SC,3649
2019,6,SE,4219
2019,6,SP,29577
2019,6,TO,2228
2019,6,AC,1863
2019,6,AL,3954
2019,6,AM,5271
2019,6,AP,2005
2019,6,BA,16762
2019,6,CE,9099
2019,6,DF,3559
2019,6,ES,3703
2019,6,GO,5385
2019,6,MA,9060
2019,6,MG,19848
2019,6,MS,2485
2019,6,MT,3091
2019,6,PA,12653
2019,6,PB,6213
2019,6,PE,9874
2019,6,PI,4913
2019,6,PR,6695
2019,6,RJ,12499
2019,6,RN,5401
2019,6,RO,2584
2019,6,RR,511
2019,6,RS,8610
2019,6,SC,2966
2019,6,SE,3298
2019,6,SP,23586
2019,6,TO,1791
2019,6,AC,1642
2019,6,AL,3417
2019,6,AM,4405
2019,6,AP,1645
2019,6,BA,13853
2019,6,CE,7388
2019,6,DF,3105
2019,6,ES,3212
2019,6,GO,4628
2019,6,MA,7344
2019,6,MG,16368
2019,6,MS,2185
2019,6,MT,2640
2019,6,PA,10368
2019,6,PB,5448
2019,6,PE,8338
2019,6,PI,3944
2019,6,PR,5699
2019,6,RJ,10148
2019,6,RN,4894
2019,6,RO,2157
2019,6,RR,452
2019,6,RS,7115
2019,6,SC,2708
2019,6,SE,2796
2019,6,SP,18897
2019,6,TO,1463
2019,6,AC,1381
2019,6,AL,2789
2019,6,AM,3799
2019,6,AP,1491
2019,6,BA,11327
2019,6,CE,5889
2019,6,DF,2547
2019,6,ES,2604
2019,6,GO,3724
2019,6,MA,5797
2019,6,MG,13292
2019,6,MS,1881
2019,6,MT,2206
2019,6,PA,9038
2019,6,PB,4344
2019,6,PE,6573
2019,6,PI,3069
2019,6,PR,4701
2019,6,RJ,8270
2019,6,RN,3968
2019,6,RO,2008
2019,6,RR,375
2019,6,RS,6094
2019,6,SC,2119
2019,6,SE,2385
2019,6,SP,15148
2019,6,TO,1219
2019,6,AC,4641
2019,6,AL,8584
2019,6,AM,12580
2019,6,AP,5021
2019,6,BA,34195
2019,6,CE,18963
2019,6,DF,8252
2019,6,ES,8546
2019,6,GO,11553
2019,6,MA,18207
2019,6,MG,41448
2019,6,MS,6503
2019,6,MT,7389
2019,6,PA,29311
2019,6,PB,14764
2019,6,PE,21182
2019,6,PI,9939
2019,6,PR,14755
2019,6,RJ,25482
2019,6,RN,12736
2019,6,RO,6650
2019,6,RR,1143
2019,6,RS,18131
2019,6,SC,6645
2019,6,SE,7221
2019,6,SP,46530
2019,6,TO,3405
2019,6,AC,2829
2019,6,AL,4939
2019,6,AM,7808
2019,6,AP,3205
2019,6,BA,21116
2019,6,CE,11303
2019,6,DF,4954
2019,6,ES,4936
2019,6,GO,6536
2019,6,MA,10932
2019,6,MG,22407
2019,6,MS,4048
2019,6,MT,4490
2019,6,PA,18087
2019,6,PB,8694
2019,6,PE,12142
2019,6,PI,6020
2019,6,PR,7622
2019,6,RJ,14295
2019,6,RN,7663
2019,6,RO,4119
2019,6,RR,670
2019,6,RS,10415
2019,6,SC,3552
2019,6,SE,4179
2019,6,SP,26353
2019,6,TO,1730
2019,6,AC,1804
2019,6,AL,3063
2019,6,AM,5602
2019,6,AP,2362
2019,6,BA,14416
2019,6,CE,6968
2019,6,DF,3717
2019,6,ES,3403
2019,6,GO,4298
2019,6,MA,6665
2019,6,MG,15629
2019,6,MS,2851
2019,6,MT,3198
2019,6,PA,12691
2019,6,PB,5544
2019,6,PE,8111
2019,6,PI,3622
2019,6,PR,5001
2019,6,RJ,10517
2019,6,RN,4779
2019,6,RO,2824
2019,6,RR,451
2019,6,RS,7193
2019,6,SC,2286
2019,6,SE,2463
2019,6,SP,18333
2019,6,TO,1153
2019,6,AC,905
2019,6,AL,1710
2019,6,AM,3114
2019,6,AP,1320
2019,6,BA,8064
2019,6,CE,3897
2019,6,DF,2444
2019,6,ES,2131
2019,6,GO,2590
2019,6,MA,3545
2019,6,MG,9306
2019,6,MS,1572
2019,6,MT,1910
2019,6,PA,7591
2019,6,PB,2903
2019,6,PE,4924
2019,6,PI,2090
2019,6,PR,2968
2019,6,RJ,7037
2019,6,RN,2695
2019,6,RO,1531
2019,6,RR,249
2019,6,RS,4212
2019,6,SC,1208
2019,6,SE,1409
2019,6,SP,11412
2019,6,TO,591
2019,6,AC,412
2019,6,AL,977
2019,6,AM,1817
2019,6,AP,636
2019,6,BA,4736
2019,6,CE,2274
2019,6,DF,1629
2019,6,ES,1279
2019,6,GO,1448
2019,6,MA,1901
2019,6,MG,5965
2019,6,MS,882
2019,6,MT,1121
2019,6,PA,4098
2019,6,PB,1625
2019,6,PE,3094
2019,6,PI,1212
2019,6,PR,1597
2019,6,RJ,5040
2019,6,RN,1583
2019,6,RO,729
2019,6,RR,137
2019,6,RS,2651
2019,6,SC,691
2019,6,SE,839
2019,6,SP,7257
2019,6,TO,300
2019,6,AC,165
2019,6,AL,462
2019,6,AM,761
2019,6,AP,331
2019,6,BA,2548
2019,6,CE,1399
2019,6,DF,894
2019,6,ES,713
2019,6,GO,738
2019,6,MA,954
2019,6,MG,3595
2019,6,MS,441
2019,6,MT,542
2019,6,PA,2032
2019,6,PB,915
2019,6,PE,1653
2019,6,PI,709
2019,6,PR,849
2019,6,RJ,3524
2019,6,RN,825
2019,6,RO,327
2019,6,RR,42
2019,6,RS,1708
2019,6,SC,340
2019,6,SE,430
2019,6,SP,4168
2019,6,TO,121
2019,6,AC,45
2019,6,AL,211
2019,6,AM,335
2019,6,AP,137
2019,6,BA,1183
2019,6,CE,614
2019,6,DF,393
2019,6,ES,336
2019,6,GO,305
2019,6,MA,391
2019,6,MG,1792
2019,6,MS,178
2019,6,MT,251
2019,6,PA,816
2019,6,PB,371
2019,6,PE,777
2019,6,PI,310
2019,6,PR,361
2019,6,RJ,2066
2019,6,RN,392
2019,6,RO,138
2019,6,RR,28
2019,6,RS,896
2019,6,SC,194
2019,6,SE,166
2019,6,SP,1997
2019,6,TO,60
2019,6,AC,16
2019,6,AL,46
2019,6,AM,104
2019,6,AP,48
2019,6,BA,473
2019,6,CE,199
2019,6,DF,136
2019,6,ES,117
2019,6,GO,125
2019,6,MA,124
2019,6,MG,697
2019,6,MS,72
2019,6,MT,98
2019,6,PA,292
2019,6,PB,137
2019,6,PE,290
2019,6,PI,119
2019,6,PR,142
2019,6,RJ,918
2019,6,RN,123
2019,6,RO,37
2019,6,RR,5
2019,6,RS,361
2019,6,SC,60
2019,6,SE,63
2019,6,SP,801
2019,6,TO,20
2019,6,AC,7
2019,6,AL,13
2019,6,AM,29
2019,6,AP,13
2019,6,BA,146
2019,6,CE,80
2019,6,DF,52
2019,6,ES,48
2019,6,GO,45
2019,6,MA,47
2019,6,MG,237
2019,6,MS,31
2019,6,MT,21
2019,6,PA,96
2019,6,PB,50
2019,6,PE,105
2019,6,PI,29
2019,6,PR,55
2019,6,RJ,317
2019,6,RN,33
2019,6,RO,13
2019,6,RR,5
2019,6,RS,108
2019,6,SC,26
2019,6,SE,25
2019,6,SP,285
2019,6,TO,3
2019,6,AC,2
2019,6,AL,5
2019,6,AM,7
2019,6,AP,5
2019,6,BA,62
2019,6,CE,33
2019,6,DF,28
2019,6,ES,15
2019,6,GO,10
2019,6,MA,12
2019,6,MG,85
2019,6,MS,8
2019,6,MT,11
2019,6,PA,30
2019,6,PB,11
2019,6,PE,33
2019,6,PI,10
2019,6,PR,17
2019,6,RJ,135
2019,6,RN,12
2019,6,RO,7
2019,6,RS,49
2019,6,SC,8
2019,6,SE,11
2019,6,SP,108
2019,6,TO,3
2020,1,AC,1482
2020,1,AL,4665
2020,1,AM,5605
2020,1,AP,1816
2020,1,BA,24040
2020,1,CE,23206
2020,1,DF,4741
2020,1,ES,4324
2020,1,GO,15960
2020,1,MA,15438
2020,1,MG,33456
2020,1,MS,5933
2020,1,MT,5929
2020,1,PA,17333
2020,1,PB,11461
2020,1,PE,24635
2020,1,PI,9278
2020,1,PR,16241
2020,1,RJ,15612
2020,1,RN,5101
2020,1,RO,2796
2020,1,RR,887
2020,1,RS,9893
2020,1,SC,7797
2020,1,SE,6396
2020,1,SP,58200
2020,1,TO,4580
2020,2,AC,3540
2020,2,AL,10284
2020,2,AM,15706
2020,2,AP,3767
2020,2,BA,46013
2020,2,CE,51242
2020,2,DF,13776
2020,2,ES,12087
2020,2,GO,33221
2020,2,MA,27757
2020,2,MG,74376
2020,2,MS,11852
2020,2,MT,13233
2020,2,PA,28824
2020,2,PB,17666
2020,2,PE,42507
2020,2,PI,14892
2020,2,PR,47509
2020,2,RJ,44890
2020,2,RN,11212
2020,2,RO,6087
2020,2,RR,1887
2020,2,RS,25879
2020,2,SC,20441
2020,2,SE,9356
2020,2,SP,178933
2020,2,TO,8467
2020,3,AC,4863
2020,3,AL,13774
2020,3,AM,23212
2020,3,AP,4908
2020,3,BA,59181
2020,3,CE,62811
2020,3,DF,16973
2020,3,ES,17993
2020,3,GO,40558
2020,3,MA,32507
2020,3,MG,89613
2020,3,MS,10917
2020,3,MT,16143
2020,3,PA,36911
2020,3,PB,19740
2020,3,PE,48854
2020,3,PI,17612
2020,3,PR,38950
2020,3,RJ,58717
2020,3,RN,15645
2020,3,RO,9613
2020,3,RR,2714
2020,3,RS,40680
2020,3,SC,26964
2020,3,SE,10801
2020,3,SP,157902
2020,3,TO,9159
2020,4,AC,4169
2020,4,AL,11339
2020,4,AM,16891
2020,4,AP,4449
2020,4,BA,49506
2020,4,CE,36659
2020,4,DF,11954
2020,4,ES,12334
2020,4,GO,22944
2020,4,MA,27124
2020,4,MG,62737
2020,4,MS,7648
2020,4,MT,9975
2020,4,PA,32926
2020,4,PB,16606
2020,4,PE,34548
2020,4,PI,15057
2020,4,PR,22713
2020,4,RJ,43739
2020,4,RN,13394
2020,4,RO,6925
2020,4,RR,1863
2020,4,RS,27739
2020,4,SC,11779
2020,4,SE,9297
2020,4,SP,88307
2020,4,TO,6828
2020,5,AC,3386
2020,5,AL,8997
2020,5,AM,13260
2020,5,AP,3753
2020,5,BA,40666
2020,5,CE,24881
2020,5,DF,9199
2020,5,ES,8974
2020,5,GO,14932
2020,5,MA,21718
2020,5,MG,47841
2020,5,MS,6031
2020,5,MT,7227
2020,5,PA,26650
2020,5,PB,13173
2020,5,PE,24610
2020,5,PI,11772
2020,5,PR,16072
2020,5,RJ,33554
2020,5,RN,11506
2020,5,RO,5207
2020,5,RR,1358
2020,5,RS,20832
2020,5,SC,7912
2020,5,SE,7984
2020,5,SP,63161
2020,5,TO,4950
2020,6,AC,2955
2020,6,AL,7055
2020,6,AM,10253
2020,6,AP,3140
2020,6,BA,32126
2020,6,CE,17451
2020,6,DF,7293
2020,6,ES,6690
2020,6,GO,11197
2020,6,MA,16735
2020,6,MG,36594
2020,6,MS,4522
2020,6,MT,5375
2020,6,PA,22278
2020,6,PB,10610
2020,6,PE,18869
2020,6,PI,8951
2020,6,PR,12350
2020,6,RJ,25231
2020,6,RN,9119
2020,6,RO,4274
2020,6,RR,1099
2020,6,RS,16040
2020,6,SC,5819
2020,6,SE,6285
2020,6,SP,47561
2020,6,TO,3862
2020,6,AC,2463
2020,6,AL,5489
2020,6,AM,8511
2020,6,AP,2612
2020,6,BA,23761
2020,6,CE,13179
2020,6,DF,6086
2020,6,ES,5189
2020,6,GO,8934
2020,6,MA,12518
2020,6,MG,28116
2020,6,MS,3722
2020,6,MT,4437
2020,6,PA,17351
2020,6,PB,8475
2020,6,PE,14387
2020,6,PI,7057
2020,6,PR,10032
2020,6,RJ,18703
2020,6,RN,7393
2020,6,RO,3369
2020,6,RR,847
2020,6,RS,12386
2020,6,SC,4559
2020,6,SE,4624
2020,6,SP,37558
2020,6,TO,2951
2020,6,AC,2240
2020,6,AL,4910
2020,6,AM,7591
2020,6,AP,2328
2020,6,BA,20695
2020,6,CE,11264
2020,6,DF,4999
2020,6,ES,4463
2020,6,GO,7441
2020,6,MA,10740
2020,6,MG,24565
2020,6,MS,3366
2020,6,MT,4050
2020,6,PA,15392
2020,6,PB,7460
2020,6,PE,12194
2020,6,PI,5923
2020,6,PR,8717
2020,6,RJ,16791
2020,6,RN,6344
2020,6,RO,3074
2020,6,RR,747
2020,6,RS,10719
2020,6,SC,4062
2020,6,SE,3962
2020,6,SP,33233
2020,6,TO,2542
2020,6,AC,1844
2020,6,AL,4103
2020,6,AM,6644
2020,6,AP,2134
2020,6,BA,16907
2020,6,CE,9859
2020,6,DF,4430
2020,6,ES,3574
2020,6,GO,6404
2020,6,MA,9168
2020,6,MG,20476
2020,6,MS,3021
2020,6,MT,3630
2020,6,PA,13713
2020,6,PB,6422
2020,6,PE,10536
2020,6,PI,5106
2020,6,PR,7663
2020,6,RJ,13846
2020,6,RN,5457
2020,6,RO,2859
2020,6,RR,615
2020,6,RS,9204
2020,6,SC,3537
2020,6,SE,3371
2020,6,SP,28031
2020,6,TO,2135
2020,6,AC,1639
2020,6,AL,3669
2020,6,AM,5680
2020,6,AP,1772
2020,6,BA,14650
2020,6,CE,8698
2020,6,DF,3904
2020,6,ES,3121
2020,6,GO,5605
2020,6,MA,7617
2020,6,MG,17822
2020,6,MS,2615
2020,6,MT,3218
2020,6,PA,11725
2020,6,PB,5782
2020,6,PE,9026
2020,6,PI,4287
2020,6,PR,6690
2020,6,RJ,11986
2020,6,RN,5106
2020,6,RO,2478
2020,6,RR,531
2020,6,RS,8117
2020,6,SC,3203
2020,6,SE,2914
2020,6,SP,23742
2020,6,TO,1747
2020,6,AC,5513
2020,6,AL,11928
2020,6,AM,19817
2020,6,AP,6304
2020,6,BA,46412
2020,6,CE,26924
2020,6,DF,12602
2020,6,ES,10179
2020,6,GO,17911
2020,6,MA,23471
2020,6,MG,57086
2020,6,MS,9568
2020,6,MT,10985
2020,6,PA,40807
2020,6,PB,19163
2020,6,PE,29223
2020,6,PI,13693
2020,6,PR,22069
2020,6,RJ,38189
2020,6,RN,16266
2020,6,RO,8946
2020,6,RR,1808
2020,6,RS,25946
2020,6,SC,10612
2020,6,SE,9613
2020,6,SP,74857
2020,6,TO,5550
2020,6,AC,3355
2020,6,AL,6943
2020,6,AM,11957
2020,6,AP,4062
2020,6,BA,28332
2020,6,CE,16682
2020,6,DF,7336
2020,6,ES,6120
2020,6,GO,10267
2020,6,MA,14720
2020,6,MG,31569
2020,6,MS,5920
2020,6,MT,6830
2020,6,PA,25672
2020,6,PB,12022
2020,6,PE,17837
2020,6,PI,8810
2020,6,PR,12329
2020,6,RJ,21272
2020,6,RN,10213
2020,6,RO,5740
2020,6,RR,1044
2020,6,RS,15323
2020,6,SC,5919
2020,6,SE,5596
2020,6,SP,43099
2020,6,TO,2839
2020,6,AC,2260
2020,6,AL,4470
2020,6,AM,8464
2020,6,AP,2946
2020,6,BA,20316
2020,6,CE,10190
2020,6,DF,5391
2020,6,ES,4410
2020,6,GO,6953
2020,6,MA,9176
2020,6,MG,21786
2020,6,MS,4221
2020,6,MT,4783
2020,6,PA,18291
2020,6,PB,7592
2020,6,PE,11954
2020,6,PI,5408
2020,6,PR,8106
2020,6,RJ,15769
2020,6,RN,6661
2020,6,RO,3892
2020,6,RR,729
2020,6,RS,10984
2020,6,SC,3898
2020,6,SE,3661
2020,6,SP,30880
2020,6,TO,1836
2020,6,AC,1205
2020,6,AL,2438
2020,6,AM,5053
2020,6,AP,1709
2020,6,BA,11769
2020,6,CE,5749
2020,6,DF,3759
2020,6,ES,2861
2020,6,GO,4276
2020,6,MA,5028
2020,6,MG,13631
2020,6,MS,2549
2020,6,MT,2967
2020,6,PA,11271
2020,6,PB,4245
2020,6,PE,7506
2020,6,PI,3348
2020,6,PR,4905
2020,6,RJ,11053
2020,6,RN,3728
2020,6,RO,2269
2020,6,RR,401
2020,6,RS,6665
2020,6,SC,2277
2020,6,SE,2082
2020,6,SP,20068
2020,6,TO,983
2020,6,AC,583
2020,6,AL,1362
2020,6,AM,2768
2020,6,AP,917
2020,6,BA,6825
2020,6,CE,3475
2020,6,DF,2347
2020,6,ES,1787
2020,6,GO,2462
2020,6,MA,2510
2020,6,MG,8595
2020,6,MS,1449
2020,6,MT,1601
2020,6,PA,6516
2020,6,PB,2419
2020,6,PE,4621
2020,6,PI,1817
2020,6,PR,2858
2020,6,RJ,7965
2020,6,RN,2081
2020,6,RO,1239
2020,6,RR,203
2020,6,RS,4214
2020,6,SC,1321
2020,6,SE,1200
2020,6,SP,12488
2020,6,TO,456
2020,6,AC,222
2020,6,AL,711
2020,6,AM,1249
2020,6,AP,398
2020,6,BA,3738
2020,6,CE,1949
2020,6,DF,1302
2020,6,ES,1014
2020,6,GO,1244
2020,6,MA,1239
2020,6,MG,5086
2020,6,MS,741
2020,6,MT,822
2020,6,PA,3227
2020,6,PB,1269
2020,6,PE,2503
2020,6,PI,1008
2020,6,PR,1489
2020,6,RJ,5365
2020,6,RN,1169
2020,6,RO,541
2020,6,RR,92
2020,6,RS,2486
2020,6,SC,627
2020,6,SE,648
2020,6,SP,7194
2020,6,TO,206
2020,6,AC,73
2020,6,AL,312
2020,6,AM,538
2020,6,AP,172
2020,6,BA,1773
2020,6,CE,978
2020,6,DF,566
2020,6,ES,445
2020,6,GO,524
2020,6,MA,548
2020,6,MG,2541
2020,6,MS,308
2020,6,MT,345
2020,6,PA,1310
2020,6,PB,570
2020,6,PE,1190
2020,6,PI,461
2020,6,PR,622
2020,6,RJ,2917
2020,6,RN,558
2020,6,RO,198
2020,6,RR,41
2020,6,RS,1340
2020,6,SC,286
2020,6,SE,277
2020,6,SP,3414
2020,6,TO,76
2020,6,AC,18
2020,6,AL,64
2020,6,AM,172
2020,6,AP,52
2020,6,BA,666
2020,6,CE,336
2020,6,DF,182
2020,6,ES,172
2020,6,GO,149
2020,6,MA,179
2020,6,MG,887
2020,6,MS,127
2020,6,MT,117
2020,6,PA,513
2020,6,PB,212
2020,6,PE,398
2020,6,PI,131
2020,6,PR,220
2020,6,RJ,1279
2020,6,RN,201
2020,6,RO,62
2020,6,RR,11
2020,6,RS,481
2020,6,SC,101
2020,6,SE,83
2020,6,SP,1298
2020,6,TO,33
2020,6,AC,12
2020,6,AL,31
2020,6,AM,42
2020,6,AP,16
2020,6,BA,250
2020,6,CE,112
2020,6,DF,70
2020,6,ES,60
2020,6,GO,71
2020,6,MA,62
2020,6,MG,302
2020,6,MS,30
2020,6,MT,49
2020,6,PA,132
2020,6,PB,55
2020,6,PE,126
2020,6,PI,56
2020,6,PR,79
2020,6,RJ,417
2020,6,RN,51
2020,6,RO,20
2020,6,RR,7
2020,6,RS,149
2020,6,SC,27
2020,6,SE,44
2020,6,SP,417
2020,6,TO,6
2020,6,AC,2
2020,6,AL,7
2020,6,AM,13
2020,6,AP,8
2020,6,BA,65
2020,6,CE,35
2020,6,DF,22
2020,6,ES,15
2020,6,GO,16
2020,6,MA,17
2020,6,MG,132
2020,6,MS,8
2020,6,MT,11
2020,6,PA,41
2020,6,PB,23
2020,6,PE,45
2020,6,PI,11
2020,6,PR,21
2020,6,RJ,185
2020,6,RN,20
2020,6,RO,5
2020,6,RR,1
2020,6,RS,53
2020,6,SC,12
2020,6,SE,11
2020,6,SP,149
2020,6,TO,3
2021,1,AC,1152
2021,1,AL,4224
2021,1,AM,3663
2021,1,AP,1131
2021,1,BA,18592
2021,1,CE,17197
2021,1,DF,4200
2021,1,ES,4021
2021,1,GO,13876
2021,1,MA,11039
2021,1,MG,26494
2021,1,MS,4683
2021,1,MT,5086
2021,1,PA,13904
2021,1,PB,10848
2021,1,PE,18797
2021,1,PI,7686
2021,1,PR,14722
2021,1,RJ,14796
2021,1,RN,4583
2021,1,RO,2091
2021,1,RR,546
2021,1,RS,9132
2021,1,SC,8231
2021,1,SE,5864
2021,1,SP,44371
2021,1,TO,3389
2021,2,AC,2621
2021,2,AL,7704
2021,2,AM,13888
2021,2,AP,2442
2021,2,BA,35737
2021,2,CE,46470
2021,2,DF,11126
2021,2,ES,10332
2021,2,GO,30196
2021,2,MA,20463
2021,2,MG,58295
2021,2,MS,10152
2021,2,MT,10268
2021,2,PA,21887
2021,2,PB,15581
2021,2,PE,34167
2021,2,PI,12392
2021,2,PR,40982
2021,2,RJ,38763
2021,2,RN,9158
2021,2,RO,4830
2021,2,RR,1169
2021,2,RS,24154
2021,2,SC,19271
2021,2,SE,7842
2021,2,SP,124843
2021,2,TO,6051
2021,3,AC,3562
2021,3,AL,9982
2021,3,AM,20822
2021,3,AP,3582
2021,3,BA,46255
2021,3,CE,56902
2021,3,DF,14066
2021,3,ES,15575
2021,3,GO,35390
2021,3,MA,24334
2021,3,MG,66865
2021,3,MS,7343
2021,3,MT,12109
2021,3,PA,28187
2021,3,PB,16299
2021,3,PE,39020
2021,3,PI,14052
2021,3,PR,27870
2021,3,RJ,47183
2021,3,RN,12605
2021,3,RO,7128
2021,3,RR,1830
2021,3,RS,32283
2021,3,SC,21944
2021,3,SE,8824
2021,3,SP,118902
2021,3,TO,6451
2021,4,AC,2499
2021,4,AL,7019
2021,4,AM,11335
2021,4,AP,2435
2021,4,BA,36906
2021,4,CE,27539
2021,4,DF,8034
2021,4,ES,8091
2021,4,GO,15861
2021,4,MA,15785
2021,4,MG,39026
2021,4,MS,3978
2021,4,MT,6055
2021,4,PA,21164
2021,4,PB,11441
2021,4,PE,22193
2021,4,PI,9970
2021,4,PR,13871
2021,4,RJ,29466
2021,4,RN,10072
2021,4,RO,3639
2021,4,RR,1053
2021,4,RS,18906
2021,4,SC,7678
2021,4,SE,6131
2021,4,SP,50961
2021,4,TO,3581
2021,5,AC,1725
2021,5,AL,4913
2021,5,AM,6817
2021,5,AP,1728
2021,5,BA,25511
2021,5,CE,15275
2021,5,DF,4890
2021,5,ES,4775
2021,5,GO,8172
2021,5,MA,10774
2021,5,MG,24498
2021,5,MS,2605
2021,5,MT,3633
2021,5,PA,15741
2021,5,PB,8147
2021,5,PE,14408
2021,5,PI,7100
2021,5,PR,8010
2021,5,RJ,18859
2021,5,RN,7121
2021,5,RO,2258
2021,5,RR,588
2021,5,RS,12097
2021,5,SC,4177
2021,5,SE,4492
2021,5,SP,30040
2021,5,TO,2336
2021,6,AC,1227
2021,6,AL,3551
2021,6,AM,4744
2021,6,AP,1339
2021,6,BA,17774
2021,6,CE,9628
2021,6,DF,3509
2021,6,ES,3289
2021,6,GO,5156
2021,6,MA,7877
2021,6,MG,17873
2021,6,MS,1779
2021,6,MT,2555
2021,6,PA,11320
2021,6,PB,5721
2021,6,PE,9856
2021,6,PI,4884
2021,6,PR,5767
2021,6,RJ,13706
2021,6,RN,5455
2021,6,RO,1613
2021,6,RR,452
2021,6,RS,8416
2021,6,SC,2873
2021,6,SE,3269
2021,6,SP,21868
2021,6,TO,1585
2021,6,AC,978
2021,6,AL,2712
2021,6,AM,3504
2021,6,AP,1080
2021,6,BA,13072
2021,6,CE,6577
2021,6,DF,2674
2021,6,ES,2442
2021,6,GO,3784
2021,6,MA,5694
2021,6,MG,13287
2021,6,MS,1343
2021,6,MT,1814
2021,6,PA,9046
2021,6,PB,4384
2021,6,PE,7513
2021,6,PI,3477
2021,6,PR,4404
2021,6,RJ,10029
2021,6,RN,4122
2021,6,RO,1258
2021,6,RR,324
2021,6,RS,6117
2021,6,SC,2155
2021,6,SE,2511
2021,6,SP,16580
2021,6,TO,1171
2021,6,AC,808
2021,6,AL,2016
2021,6,AM,2860
2021,6,AP,862
2021,6,BA,9251
2021,6,CE,5009
2021,6,DF,2164
2021,6,ES,1880
2021,6,GO,2870
2021,6,MA,4104
2021,6,MG,10120
2021,6,MS,1132
2021,6,MT,1462
2021,6,PA,6963
2021,6,PB,3399
2021,6,PE,5679
2021,6,PI,2579
2021,6,PR,3552
2021,6,RJ,7430
2021,6,RN,3198
2021,6,RO,1002
2021,6,RR,256
2021,6,RS,4793
2021,6,SC,1709
2021,6,SE,1891
2021,6,SP,12734
2021,6,TO,857
2021,6,AC,657
2021,6,AL,1744
2021,6,AM,2528
2021,6,AP,717
2021,6,BA,7746
2021,6,CE,4193
2021,6,DF,1822
2021,6,ES,1622
2021,6,GO,2467
2021,6,MA,3449
2021,6,MG,8474
2021,6,MS,993
2021,6,MT,1281
2021,6,PA,6186
2021,6,PB,2962
2021,6,PE,4801
2021,6,PI,2099
2021,6,PR,2981
2021,6,RJ,6510
2021,6,RN,2651
2021,6,RO,890
2021,6,RR,232
2021,6,RS,3944
2021,6,SC,1486
2021,6,SE,1521
2021,6,SP,11082
2021,6,TO,704
2021,6,AC,519
2021,6,AL,1418
2021,6,AM,2182
2021,6,AP,623
2021,6,BA,6078
2021,6,CE,3582
2021,6,DF,1494
2021,6,ES,1300
2021,6,GO,2086
2021,6,MA,2945
2021,6,MG,6852
2021,6,MS,847
2021,6,MT,1211
2021,6,PA,5262
2021,6,PB,2450
2021,6,PE,4113
2021,6,PI,1777
2021,6,PR,2583
2021,6,RJ,5205
2021,6,RN,2239
2021,6,RO,759
2021,6,RR,176
2021,6,RS,3290
2021,6,SC,1342
2021,6,SE,1254
2021,6,SP,9053
2021,6,TO,559
2021,6,AC,1844
2021,6,AL,4645
2021,6,AM,7083
2021,6,AP,2118
2021,6,BA,19346
2021,6,CE,11052
2021,6,DF,4868
2021,6,ES,4022
2021,6,GO,6830
2021,6,MA,8814
2021,6,MG,22214
2021,6,MS,2859
2021,6,MT,3900
2021,6,PA,17606
2021,6,PB,8162
2021,6,PE,12813
2021,6,PI,5409
2021,6,PR,8268
2021,6,RJ,16551
2021,6,RN,7729
2021,6,RO,2801
2021,6,RR,617
2021,6,RS,10416
2021,6,SC,4271
2021,6,SE,4110
2021,6,SP,27284
2021,6,TO,1942
2021,6,AC,1139
2021,6,AL,2743
2021,6,AM,3982
2021,6,AP,1384
2021,6,BA,10683
2021,6,CE,6662
2021,6,DF,2890
2021,6,ES,2493
2021,6,GO,3817
2021,6,MA,5168
2021,6,MG,12142
2021,6,MS,1790
2021,6,MT,2585
2021,6,PA,10351
2021,6,PB,5016
2021,6,PE,7484
2021,6,PI,3293
2021,6,PR,4613
2021,6,RJ,9058
2021,6,RN,4677
2021,6,RO,1829
2021,6,RR,321
2021,6,RS,5940
2021,6,SC,2292
2021,6,SE,2338
2021,6,SP,15112
2021,6,TO,944
2021,6,AC,803
2021,6,AL,1852
2021,6,AM,2863
2021,6,AP,1064
2021,6,BA,8175
2021,6,CE,4430
2021,6,DF,2181
2021,6,ES,1701
2021,6,GO,2824
2021,6,MA,3488
2021,6,MG,8435
2021,6,MS,1339
2021,6,MT,1864
2021,6,PA,7819
2021,6,PB,3445
2021,6,PE,5275
2021,6,PI,2237
2021,6,PR,2913
2021,6,RJ,6826
2021,6,RN,3173
2021,6,RO,1274
2021,6,RR,251
2021,6,RS,4451
2021,6,SC,1467
2021,6,SE,1634
2021,6,SP,10664
2021,6,TO,625
2021,6,AC,461
2021,6,AL,999
2021,6,AM,1705
2021,6,AP,655
2021,6,BA,5115
2021,6,CE,2624
2021,6,DF,1526
2021,6,ES,1123
2021,6,GO,1733
2021,6,MA,2000
2021,6,MG,5636
2021,6,MS,789
2021,6,MT,1093
2021,6,PA,4941
2021,6,PB,2007
2021,6,PE,3322
2021,6,PI,1476
2021,6,PR,1813
2021,6,RJ,4937
2021,6,RN,1926
2021,6,RO,749
2021,6,RR,131
2021,6,RS,2816
2021,6,SC,878
2021,6,SE,965
2021,6,SP,6983
2021,6,TO,351
2021,6,AC,199
2021,6,AL,578
2021,6,AM,980
2021,6,AP,338
2021,6,BA,2893
2021,6,CE,1644
2021,6,DF,998
2021,6,ES,734
2021,6,GO,1014
2021,6,MA,1057
2021,6,MG,3535
2021,6,MS,455
2021,6,MT,655
2021,6,PA,3025
2021,6,PB,1105
2021,6,PE,2026
2021,6,PI,789
2021,6,PR,969
2021,6,RJ,3748
2021,6,RN,1033
2021,6,RO,406
2021,6,RR,57
2021,6,RS,1759
2021,6,SC,528
2021,6,SE,593
2021,6,SP,4495
2021,6,TO,195
2021,6,AC,103
2021,6,AL,297
2021,6,AM,494
2021,6,AP,158
2021,6,BA,1694
2021,6,CE,941
2021,6,DF,584
2021,6,ES,413
2021,6,GO,474
2021,6,MA,553
2021,6,MG,2227
2021,6,MS,223
2021,6,MT,279
2021,6,PA,1538
2021,6,PB,599
2021,6,PE,1210
2021,6,PI,413
2021,6,PR,570
2021,6,RJ,2542
2021,6,RN,599
2021,6,RO,155
2021,6,RR,29
2021,6,RS,1088
2021,6,SC,265
2021,6,SE,307
2021,6,SP,2719
2021,6,TO,90
2021,6,AC,30
2021,6,AL,144
2021,6,AM,232
2021,6,AP,76
2021,6,BA,855
2021,6,CE,537
2021,6,DF,317
2021,6,ES,235
2021,6,GO,224
2021,6,MA,246
2021,6,MG,1210
2021,6,MS,117
2021,6,MT,151
2021,6,PA,655
2021,6,PB,289
2021,6,PE,637
2021,6,PI,219
2021,6,PR,265
2021,6,RJ,1661
2021,6,RN,312
2021,6,RO,83
2021,6,RR,19
2021,6,RS,583
2021,6,SC,130
2021,6,SE,148
2021,6,SP,1397
2021,6,TO,32
2021,6,AC,5
2021,6,AL,32
2021,6,AM,59
2021,6,AP,27
2021,6,BA,333
2021,6,CE,161
2021,6,DF,110
2021,6,ES,90
2021,6,GO,102
2021,6,MA,78
2021,6,MG,427
2021,6,MS,37
2021,6,MT,65
2021,6,PA,276
2021,6,PB,107
2021,6,PE,226
2021,6,PI,87
2021,6,PR,73
2021,6,RJ,731
2021,6,RN,125
2021,6,RO,25
2021,6,RR,3
2021,6,RS,199
2021,6,SC,36
2021,6,SE,65
2021,6,SP,617
2021,6,TO,6
2021,6,AC,3
2021,6,AL,7
2021,6,AM,30
2021,6,AP,10
2021,6,BA,123
2021,6,CE,62
2021,6,DF,32
2021,6,ES,33
2021,6,GO,29
2021,6,MA,28
2021,6,MG,138
2021,6,MS,19
2021,6,MT,14
2021,6,PA,82
2021,6,PB,25
2021,6,PE,58
2021,6,PI,26
2021,6,PR,38
2021,6,RJ,246
2021,6,RN,27
2021,6,RO,10
2021,6,RS,74
2021,6,SC,25
2021,6,SE,24
2021,6,SP,175
2021,6,TO,4
2021,6,AC,1
2021,6,AL,4
2021,6,AM,7
2021,6,AP,5
2021,6,BA,55
2021,6,CE,32
2021,6,DF,16
2021,6,ES,10
2021,6,GO,10
2021,6,MA,9
2021,6,MG,81
2021,6,MS,7
2021,6,MT,5
2021,6,PA,25
2021,6,PB,15
2021,6,PE,18
2021,6,PI,4
2021,6,PR,18
2021,6,RJ,100
2021,6,RN,15
2021,6,RO,1
2021,6,RR,2
2021,6,RS,26
2021,6,SC,7
2021,6,SE,13
2021,6,SP,74
2022,1,AC,1225
2022,1,AL,4592
2022,1,AM,4200
2022,1,AP,1407
2022,1,BA,21444
2022,1,CE,19858
2022,1,DF,4684
2022,1,ES,4383
2022,1,GO,16985
2022,1,MA,12861
2022,1,MG,27464
2022,1,MS,5242
2022,1,MT,5813
2022,1,PA,16440
2022,1,PB,10980
2022,1,PE,19356
2022,1,PI,8446
2022,1,PR,16766
2022,1,RJ,16521
2022,1,RN,4756
2022,1,RO,2477
2022,1,RR,726
2022,1,RS,9289
2022,1,SC,8340
2022,1,SE,6541
2022,1,SP,49338
2022,1,TO,3471
2022,2,AC,3339
2022,2,AL,10151
2022,2,AM,14274
2022,2,AP,2937
2022,2,BA,42092
2022,2,CE,51400
2022,2,DF,12628
2022,2,ES,11414
2022,2,GO,34797
2022,2,MA,24857
2022,2,MG,61417
2022,2,MS,11719
2022,2,MT,13180
2022,2,PA,27968
2022,2,PB,17609
2022,2,PE,37215
2022,2,PI,14509
2022,2,PR,47231
2022,2,RJ,45740
2022,2,RN,11495
2022,2,RO,5622
2022,2,RR,1381
2022,2,RS,26593
2022,2,SC,21197
2022,2,SE,9510
2022,2,SP,144120
2022,2,TO,6883
2022,3,AC,4214
2022,3,AL,13196
2022,3,AM,20051
2022,3,AP,3870
2022,3,BA,51469
2022,3,CE,61138
2022,3,DF,14980
2022,3,ES,17328
2022,3,GO,38816
2022,3,MA,27886
2022,3,MG,70493
2022,3,MS,8763
2022,3,MT,14968
2022,3,PA,34672
2022,3,PB,18221
2022,3,PE,41459
2022,3,PI,15957
2022,3,PR,31702
2022,3,RJ,57398
2022,3,RN,14997
2022,3,RO,8530
2022,3,RR,2090
2022,3,RS,37944
2022,3,SC,25599
2022,3,SE,10492
2022,3,SP,152772
2022,3,TO,6857
2022,4,AC,2842
2022,4,AL,8264
2022,4,AM,9827
2022,4,AP,2844
2022,4,BA,35241
2022,4,CE,27481
2022,4,DF,8128
2022,4,ES,8034
2022,4,GO,15318
2022,4,MA,17263
2022,4,MG,37127
2022,4,MS,4122
2022,4,MT,5944
2022,4,PA,25129
2022,4,PB,12053
2022,4,PE,22639
2022,4,PI,10867
2022,4,PR,14044
2022,4,RJ,33149
2022,4,RN,11124
2022,4,RO,3436
2022,4,RR,1099
2022,4,RS,18740
2022,4,SC,7431
2022,4,SE,7244
2022,4,SP,55359
2022,4,TO,3366
2022,5,AC,1895
2022,5,AL,5339
2022,5,AM,5760
2022,5,AP,1903
2022,5,BA,24641
2022,5,CE,15254
2022,5,DF,4686
2022,5,ES,4365
2022,5,GO,8062
2022,5,MA,10489
2022,5,MG,22886
2022,5,MS,2555
2022,5,MT,3409
2022,5,PA,16967
2022,5,PB,8481
2022,5,PE,13687
2022,5,PI,7227
2022,5,PR,7980
2022,5,RJ,19636
2022,5,RN,8065
2022,5,RO,2002
2022,5,RR,621
2022,5,RS,12105
2022,5,SC,4004
2022,5,SE,4870
2022,5,SP,28755
2022,5,TO,2035
2022,6,AC,1349
2022,6,AL,3685
2022,6,AM,3913
2022,6,AP,1360
2022,6,BA,16894
2022,6,CE,9071
2022,6,DF,3161
2022,6,ES,2868
2022,6,GO,4853
2022,6,MA,7119
2022,6,MG,15420
2022,6,MS,1745
2022,6,MT,2361
2022,6,PA,12572
2022,6,PB,5924
2022,6,PE,9463
2022,6,PI,5034
2022,6,PR,5082
2022,6,RJ,12811
2022,6,RN,5701
2022,6,RO,1372
2022,6,RR,373
2022,6,RS,7846
2022,6,SC,2539
2022,6,SE,3403
2022,6,SP,18714
2022,6,TO,1349
2022,6,AC,1061
2022,6,AL,2724
2022,6,AM,3135
2022,6,AP,1097
2022,6,BA,12272
2022,6,CE,6401
2022,6,DF,2243
2022,6,ES,2202
2022,6,GO,3299
2022,6,MA,5321
2022,6,MG,11656
2022,6,MS,1298
2022,6,MT,1614
2022,6,PA,9193
2022,6,PB,4222
2022,6,PE,6659
2022,6,PI,3637
2022,6,PR,3950
2022,6,RJ,9655
2022,6,RN,4381
2022,6,RO,1049
2022,6,RR,316
2022,6,RS,5830
2022,6,SC,2020
2022,6,SE,2605
2022,6,SP,14522
2022,6,TO,898
2022,6,AC,882
2022,6,AL,2187
2022,6,AM,2401
2022,6,AP,868
2022,6,BA,9107
2022,6,CE,4807
2022,6,DF,1799
2022,6,ES,1631
2022,6,GO,2489
2022,6,MA,4029
2022,6,MG,8851
2022,6,MS,1058
2022,6,MT,1320
2022,6,PA,7339
2022,6,PB,3256
2022,6,PE,5212
2022,6,PI,2667
2022,6,PR,3163
2022,6,RJ,7249
2022,6,RN,3511
2022,6,RO,777
2022,6,RR,240
2022,6,RS,4503
2022,6,SC,1564
2022,6,SE,1930
2022,6,SP,11285
2022,6,TO,724
2022,6,AC,679
2022,6,AL,1705
2022,6,AM,2092
2022,6,AP,664
2022,6,BA,6779
2022,6,CE,3644
2022,6,DF,1434
2022,6,ES,1305
2022,6,GO,2014
2022,6,MA,3018
2022,6,MG,6643
2022,6,MS,890
2022,6,MT,1055
2022,6,PA,5706
2022,6,PB,2590
2022,6,PE,4162
2022,6,PI,2063
2022,6,PR,2484
2022,6,RJ,5405
2022,6,RN,2775
2022,6,RO,672
2022,6,RR,214
2022,6,RS,3514
2022,6,SC,1215
2022,6,SE,1462
2022,6,SP,8626
2022,6,TO,528
2022,6,AC,608
2022,6,AL,1477
2022,6,AM,1742
2022,6,AP,573
2022,6,BA,5530
2022,6,CE,3180
2022,6,DF,1173
2022,6,ES,1089
2022,6,GO,1560
2022,6,MA,2450
2022,6,MG,5564
2022,6,MS,765
2022,6,MT,933
2022,6,PA,4890
2022,6,PB,2248
2022,6,PE,3422
2022,6,PI,1616
2022,6,PR,2106
2022,6,RJ,4616
2022,6,RN,2266
2022,6,RO,634
2022,6,RR,139
2022,6,RS,2903
2022,6,SC,1075
2022,6,SE,1222
2022,6,SP,7373
2022,6,TO,410
2022,6,AC,1871
2022,6,AL,4487
2022,6,AM,5582
2022,6,AP,1908
2022,6,BA,15845
2022,6,CE,9884
2022,6,DF,3725
2022,6,ES,3374
2022,6,GO,5190
2022,6,MA,7331
2022,6,MG,16746
2022,6,MS,2501
2022,6,MT,3267
2022,6,PA,16049
2022,6,PB,7120
2022,6,PE,10532
2022,6,PI,4891
2022,6,PR,6639
2022,6,RJ,13956
2022,6,RN,7637
2022,6,RO,2100
2022,6,RR,497
2022,6,RS,8910
2022,6,SC,3327
2022,6,SE,3681
2022,6,SP,21327
2022,6,TO,1323
2022,6,AC,1062
2022,6,AL,2409
2022,6,AM,3100
2022,6,AP,1195
2022,6,BA,8333
2022,6,CE,5303
2022,6,DF,2076
2022,6,ES,1969
2022,6,GO,3029
2022,6,MA,4000
2022,6,MG,8884
2022,6,MS,1452
2022,6,MT,1996
2022,6,PA,9225
2022,6,PB,4157
2022,6,PE,5609
2022,6,PI,2880
2022,6,PR,3599
2022,6,RJ,7211
2022,6,RN,4296
2022,6,RO,1296
2022,6,RR,306
2022,6,RS,4832
2022,6,SC,1780
2022,6,SE,1949
2022,6,SP,11036
2022,6,TO,650
2022,6,AC,753
2022,6,AL,1665
2022,6,AM,2140
2022,6,AP,936
2022,6,BA,6312
2022,6,CE,3765
2022,6,DF,1639
2022,6,ES,1393
2022,6,GO,2143
2022,6,MA,2855
2022,6,MG,6185
2022,6,MS,1108
2022,6,MT,1503
2022,6,PA,6731
2022,6,PB,2870
2022,6,PE,4009
2022,6,PI,2017
2022,6,PR,2352
2022,6,RJ,5315
2022,6,RN,3021
2022,6,RO,934
2022,6,RR,190
2022,6,RS,3559
2022,6,SC,1159
2022,6,SE,1441
2022,6,SP,7736
2022,6,TO,431
2022,6,AC,459
2022,6,AL,953
2022,6,AM,1348
2022,6,AP,592
2022,6,BA,4169
2022,6,CE,2346
2022,6,DF,1245
2022,6,ES,1024
2022,6,GO,1456
2022,6,MA,1700
2022,6,MG,4348
2022,6,MS,689
2022,6,MT,990
2022,6,PA,4605
2022,6,PB,1704
2022,6,PE,2649
2022,6,PI,1256
2022,6,PR,1502
2022,6,RJ,4327
2022,6,RN,1972
2022,6,RO,544
2022,6,RR,101
2022,6,RS,2423
2022,6,SC,714
2022,6,SE,872
2022,6,SP,5502
2022,6,TO,245
2022,6,AC,218
2022,6,AL,592
2022,6,AM,773
2022,6,AP,272
2022,6,BA,2429
2022,6,CE,1342
2022,6,DF,875
2022,6,ES,591
2022,6,GO,840
2022,6,MA,905
2022,6,MG,2701
2022,6,MS,379
2022,6,MT,533
2022,6,PA,2687
2022,6,PB,902
2022,6,PE,1737
2022,6,PI,685
2022,6,PR,871
2022,6,RJ,3146
2022,6,RN,1008
2022,6,RO,305
2022,6,RR,84
2022,6,RS,1508
2022,6,SC,424
2022,6,SE,547
2022,6,SP,3577
2022,6,TO,135
2022,6,AC,91
2022,6,AL,314
2022,6,AM,362
2022,6,AP,153
2022,6,BA,1356
2022,6,CE,786
2022,6,DF,507
2022,6,ES,392
2022,6,GO,419
2022,6,MA,502
2022,6,MG,1703
2022,6,MS,231
2022,6,MT,286
2022,6,PA,1412
2022,6,PB,512
2022,6,PE,1008
2022,6,PI,353
2022,6,PR,484
2022,6,RJ,2264
2022,6,RN,578
2022,6,RO,129
2022,6,RR,32
2022,6,RS,922
2022,6,SC,224
2022,6,SE,309
2022,6,SP,2271
2022,6,TO,88
2022,6,AC,34
2022,6,AL,144
2022,6,AM,173
2022,6,AP,60
2022,6,BA,775
2022,6,CE,462
2022,6,DF,273
2022,6,ES,222
2022,6,GO,221
2022,6,MA,207
2022,6,MG,1023
2022,6,MS,111
2022,6,MT,135
2022,6,PA,688
2022,6,PB,247
2022,6,PE,494
2022,6,PI,201
2022,6,PR,283
2022,6,RJ,1447
2022,6,RN,296
2022,6,RO,63
2022,6,RR,17
2022,6,RS,547
2022,6,SC,123
2022,6,SE,152
2022,6,SP,1261
2022,6,TO,29
2022,6,AC,9
2022,6,AL,42
2022,6,AM,77
2022,6,AP,25
2022,6,BA,311
2022,6,CE,166
2022,6,DF,94
2022,6,ES,77
2022,6,GO,84
2022,6,MA,86
2022,6,MG,412
2022,6,MS,33
2022,6,MT,62
2022,6,PA,218
2022,6,PB,96
2022,6,PE,191
2022,6,PI,60
2022,6,PR,106
2022,6,RJ,651
2022,6,RN,114
2022,6,RO,21
2022,6,RR,4
2022,6,RS,217
2022,6,SC,42
2022,6,SE,48
2022,6,SP,561
2022,6,TO,10
2022,6,AC,8
2022,6,AL,12
2022,6,AM,27
2022,6,AP,6
2022,6,BA,129
2022,6,CE,59
2022,6,DF,29
2022,6,ES,29
2022,6,GO,34
2022,6,MA,28
2022,6,MG,175
2022,6,MS,20
2022,6,MT,7
2022,6,PA,94
2022,6,PB,36
2022,6,PE,67
2022,6,PI,24
2022,6,PR,35
2022,6,RJ,294
2022,6,RN,39
2022,6,RO,4
2022,6,RR,4
2022,6,RS,83
2022,6,SC,9
2022,6,SE,25
2022,6,SP,221
2022,6,TO,7
2022,6,AC,2
2022,6,AL,7
2022,6,AM,9
2022,6,AP,4
2022,6,BA,38
2022,6,CE,30
2022,6,DF,22
2022,6,ES,10
2022,6,GO,13
2022,6,MA,9
2022,6,MG,83
2022,6,MS,2
2022,6,MT,5
2022,6,PA,36
2022,6,PB,10
2022,6,PE,25
2022,6,PI,10
2022,6,PR,17
2022,6,RJ,99
2022,6,RN,17
2022,6,RO,2
2022,6,RS,27
2022,6,SC,5
2022,6,SE,9
2022,6,SP,86
2022,6,TO,1
2023,1,AC,1409
2023,1,AL,5455
2023,1,AM,4554
2023,1,AP,1721
2023,1,BA,25344
2023,1,CE,23849
2023,1,DF,5511
2023,1,ES,5015
2023,1,GO,18679
2023,1,MA,15711
2023,1,MG,33053
2023,1,MS,5803
2023,1,MT,6162
2023,1,PA,18367
2023,1,PB,12959
2023,1,PE,22875
2023,1,PI,10164
2023,1,PR,19189
2023,1,RJ,18750
2023,1,RN,5395
2023,1,RO,2829
2023,1,RR,1023
2023,1,RS,9864
2023,1,SC,8952
2023,1,SE,7035
2023,1,SP,53711
2023,1,TO,4055
2023,2,AC,3262
2023,2,AL,11814
2023,2,AM,14121
2023,2,AP,3480
2023,2,BA,47094
2023,2,CE,52271
2023,2,DF,13132
2023,2,ES,12680
2023,2,GO,36103
2023,2,MA,29571
2023,2,MG,64291
2023,2,MS,11709
2023,2,MT,13520
2023,2,PA,31109
2023,2,PB,19848
2023,2,PE,40439
2023,2,PI,17258
2023,2,PR,52054
2023,2,RJ,48122
2023,2,RN,12185
2023,2,RO,6258
2023,2,RR,1472
2023,2,RS,27416
2023,2,SC,22161
2023,2,SE,10503
2023,2,SP,144489
2023,2,TO,7438
2023,3,AC,4841
2023,3,AL,17492
2023,3,AM,22310
2023,3,AP,4531
2023,3,BA,58859
2023,3,CE,64975
2023,3,DF,16435
2023,3,ES,19167
2023,3,GO,40946
2023,3,MA,35113
2023,3,MG,83349
2023,3,MS,9332
2023,3,MT,16744
2023,3,PA,38670
2023,3,PB,21763
2023,3,PE,46108
2023,3,PI,19640
2023,3,PR,36749
2023,3,RJ,60592
2023,3,RN,17230
2023,3,RO,9434
2023,3,RR,2417
2023,3,RS,39991
2023,3,SC,27873
2023,3,SE,11931
2023,3,SP,170931
2023,3,TO,7624
2023,4,AC,2798
2023,4,AL,10070
2023,4,AM,10206
2023,4,AP,3063
2023,4,BA,39610
2023,4,CE,25819
2023,4,DF,7789
2023,4,ES,8836
2023,4,GO,14040
2023,4,MA,20329
2023,4,MG,40209
2023,4,MS,4251
2023,4,MT,6202
2023,4,PA,25967
2023,4,PB,13549
2023,4,PE,23900
2023,4,PI,12015
2023,4,PR,14411
2023,4,RJ,35045
2023,4,RN,12089
2023,4,RO,3399
2023,4,RR,1089
2023,4,RS,19049
2023,4,SC,8282
2023,4,SE,7635
2023,4,SP,58490
2023,4,TO,3450
2023,5,AC,2015
2023,5,AL,6743
2023,5,AM,6176
2023,5,AP,2260
2023,5,BA,27367
2023,5,CE,14477
2023,5,DF,4993
2023,5,ES,4769
2023,5,GO,7840
2023,5,MA,12987
2023,5,MG,25520
2023,5,MS,2530
2023,5,MT,3461
2023,5,PA,18385
2023,5,PB,9427
2023,5,PE,15232
2023,5,PI,7768
2023,5,PR,8048
2023,5,RJ,21650
2023,5,RN,8738
2023,5,RO,1966
2023,5,RR,675
2023,5,RS,11647
2023,5,SC,4187
2023,5,SE,5185
2023,5,SP,31201
2023,5,TO,2136
2023,6,AC,1415
2023,6,AL,4592
2023,6,AM,4498
2023,6,AP,1584
2023,6,BA,20357
2023,6,CE,9475
2023,6,DF,3398
2023,6,ES,3339
2023,6,GO,4931
2023,6,MA,8474
2023,6,MG,17506
2023,6,MS,1869
2023,6,MT,2322
2023,6,PA,12875
2023,6,PB,6913
2023,6,PE,10384
2023,6,PI,5456
2023,6,PR,5485
2023,6,RJ,14224
2023,6,RN,6315
2023,6,RO,1432
2023,6,RR,435
2023,6,RS,8034
2023,6,SC,2897
2023,6,SE,3613
2023,6,SP,20223
2023,6,TO,1355
2023,6,AC,1073
2023,6,AL,3377
2023,6,AM,3618
2023,6,AP,1369
2023,6,BA,15392
2023,6,CE,6740
2023,6,DF,2492
2023,6,ES,2437
2023,6,GO,3597
2023,6,MA,6412
2023,6,MG,13216
2023,6,MS,1435
2023,6,MT,1753
2023,6,PA,10131
2023,6,PB,5342
2023,6,PE,7992
2023,6,PI,4033
2023,6,PR,4051
2023,6,RJ,10329
2023,6,RN,4945
2023,6,RO,1119
2023,6,RR,312
2023,6,RS,5688
2023,6,SC,2166
2023,6,SE,2852
2023,6,SP,14949
2023,6,TO,1064
2023,6,AC,884
2023,6,AL,2739
2023,6,AM,3023
2023,6,AP,1155
2023,6,BA,12445
2023,6,CE,5398
2023,6,DF,2023
2023,6,ES,2077
2023,6,GO,2863
2023,6,MA,5308
2023,6,MG,10645
2023,6,MS,1109
2023,6,MT,1383
2023,6,PA,7988
2023,6,PB,4129
2023,6,PE,6277
2023,6,PI,3177
2023,6,PR,3269
2023,6,RJ,8790
2023,6,RN,3965
2023,6,RO,995
2023,6,RR,294
2023,6,RS,4698
2023,6,SC,1857
2023,6,SE,2186
2023,6,SP,12425
2023,6,TO,711
2023,6,AC,826
2023,6,AL,2325
2023,6,AM,2539
2023,6,AP,956
2023,6,BA,9869
2023,6,CE,4371
2023,6,DF,1655
2023,6,ES,1670
2023,6,GO,2294
2023,6,MA,4177
2023,6,MG,8386
2023,6,MS,982
2023,6,MT,1180
2023,6,PA,6750
2023,6,PB,3339
2023,6,PE,5227
2023,6,PI,2383
2023,6,PR,2763
2023,6,RJ,7098
2023,6,RN,3279
2023,6,RO,847
2023,6,RR,226
2023,6,RS,4029
2023,6,SC,1513
2023,6,SE,1819
2023,6,SP,10168
2023,6,TO,688
2023,6,AC,641
2023,6,AL,1897
2023,6,AM,2227
2023,6,AP,811
2023,6,BA,7580
2023,6,CE,3462
2023,6,DF,1437
2023,6,ES,1428
2023,6,GO,1863
2023,6,MA,3163
2023,6,MG,6707
2023,6,MS,806
2023,6,MT,1059
2023,6,PA,5536
2023,6,PB,2766
2023,6,PE,4178
2023,6,PI,1986
2023,6,PR,2185
2023,6,RJ,5372
2023,6,RN,2761
2023,6,RO,723
2023,6,RR,167
2023,6,RS,3109
2023,6,SC,1230
2023,6,SE,1400
2023,6,SP,8135
2023,6,TO,498
2023,6,AC,2130
2023,6,AL,6521
2023,6,AM,8090
2023,6,AP,2904
2023,6,BA,24223
2023,6,CE,12611
2023,6,DF,4776
2023,6,ES,4448
2023,6,GO,6183
2023,6,MA,10338
2023,6,MG,21811
2023,6,MS,2831
2023,6,MT,3611
2023,6,PA,20437
2023,6,PB,9704
2023,6,PE,13932
2023,6,PI,6238
2023,6,PR,7673
2023,6,RJ,18472
2023,6,RN,9449
2023,6,RO,2749
2023,6,RR,604
2023,6,RS,10035
2023,6,SC,4413
2023,6,SE,4612
2023,6,SP,25932
2023,6,TO,1565
2023,6,AC,1154
2023,6,AL,3542
2023,6,AM,4266
2023,6,AP,1815
2023,6,BA,12151
2023,6,CE,6763
2023,6,DF,2821
2023,6,ES,2510
2023,6,GO,3442
2023,6,MA,5548
2023,6,MG,11683
2023,6,MS,1694
2023,6,MT,2205
2023,6,PA,11888
2023,6,PB,5450
2023,6,PE,7625
2023,6,PI,3441
2023,6,PR,4065
2023,6,RJ,9778
2023,6,RN,5188
2023,6,RO,1622
2023,6,RR,368
2023,6,RS,5459
2023,6,SC,2246
2023,6,SE,2452
2023,6,SP,13339
2023,6,TO,866
2023,6,AC,856
2023,6,AL,2614
2023,6,AM,3193
2023,6,AP,1441
2023,6,BA,9575
2023,6,CE,4819
2023,6,DF,2224
2023,6,ES,1945
2023,6,GO,2596
2023,6,MA,3881
2023,6,MG,7910
2023,6,MS,1266
2023,6,MT,1710
2023,6,PA,8591
2023,6,PB,4102
2023,6,PE,5595
2023,6,PI,2547
2023,6,PR,2643
2023,6,RJ,6976
2023,6,RN,3820
2023,6,RO,1190
2023,6,RR,235
2023,6,RS,3923
2023,6,SC,1483
2023,6,SE,1708
2023,6,SP,9549
2023,6,TO,535
2023,6,AC,538
2023,6,AL,1661
2023,6,AM,1929
2023,6,AP,917
2023,6,BA,6592
2023,6,CE,3030
2023,6,DF,1753
2023,6,ES,1408
2023,6,GO,1669
2023,6,MA,2372
2023,6,MG,5744
2023,6,MS,893
2023,6,MT,1218
2023,6,PA,5814
2023,6,PB,2457
2023,6,PE,3935
2023,6,PI,1699
2023,6,PR,1767
2023,6,RJ,5977
2023,6,RN,2520
2023,6,RO,735
2023,6,RR,173
2023,6,RS,2900
2023,6,SC,912
2023,6,SE,1182
2023,6,SP,7029
2023,6,TO,311
2023,6,AC,266
2023,6,AL,912
2023,6,AM,1207
2023,6,AP,431
2023,6,BA,3771
2023,6,CE,1816
2023,6,DF,1181
2023,6,ES,931
2023,6,GO,1050
2023,6,MA,1256
2023,6,MG,3734
2023,6,MS,487
2023,6,MT,703
2023,6,PA,3461
2023,6,PB,1396
2023,6,PE,2436
2023,6,PI,906
2023,6,PR,1074
2023,6,RJ,4307
2023,6,RN,1369
2023,6,RO,395
2023,6,RR,73
2023,6,RS,1807
2023,6,SC,538
2023,6,SE,704
2023,6,SP,4421
2023,6,TO,159
2023,6,AC,105
2023,6,AL,574
2023,6,AM,569
2023,6,AP,240
2023,6,BA,2171
2023,6,CE,1084
2023,6,DF,708
2023,6,ES,566
2023,6,GO,570
2023,6,MA,649
2023,6,MG,2425
2023,6,MS,265
2023,6,MT,395
2023,6,PA,1870
2023,6,PB,780
2023,6,PE,1486
2023,6,PI,525
2023,6,PR,593
2023,6,RJ,3116
2023,6,RN,788
2023,6,RO,192
2023,6,RR,38
2023,6,RS,1171
2023,6,SC,304
2023,6,SE,383
2023,6,SP,2953
2023,6,TO,99
2023,6,AC,41
2023,6,AL,282
2023,6,AM,255
2023,6,AP,81
2023,6,BA,1159
2023,6,CE,615
2023,6,DF,402
2023,6,ES,312
2023,6,GO,273
2023,6,MA,297
2023,6,MG,1447
2023,6,MS,114
2023,6,MT,170
2023,6,PA,856
2023,6,PB,392
2023,6,PE,762
2023,6,PI,272
2023,6,PR,289
2023,6,RJ,2127
2023,6,RN,416
2023,6,RO,95
2023,6,RR,25
2023,6,RS,664
2023,6,SC,167
2023,6,SE,220
2023,6,SP,1670
2023,6,TO,36
2023,6,AC,11
2023,6,AL,105
2023,6,AM,95
2023,6,AP,24
2023,6,BA,449
2023,6,CE,248
2023,6,DF,151
2023,6,ES,120
2023,6,GO,109
2023,6,MA,115
2023,6,MG,569
2023,6,MS,52
2023,6,MT,83
2023,6,PA,289
2023,6,PB,131
2023,6,PE,322
2023,6,PI,84
2023,6,PR,136
2023,6,RJ,966
2023,6,RN,175
2023,6,RO,47
2023,6,RR,10
2023,6,RS,304
2023,6,SC,50
2023,6,SE,85
2023,6,SP,751
2023,6,TO,22
2023,6,AC,5
2023,6,AL,36
2023,6,AM,29
2023,6,AP,17
2023,6,BA,191
2023,6,CE,99
2023,6,DF,65
2023,6,ES,46
2023,6,GO,43
2023,6,MA,40
2023,6,MG,246
2023,6,MS,24
2023,6,MT,19
2023,6,PA,134
2023,6,PB,48
2023,6,PE,120
2023,6,PI,26
2023,6,PR,44
2023,6,RJ,432
2023,6,RN,59
2023,6,RO,11
2023,6,RR,1
2023,6,RS,96
2023,6,SC,26
2023,6,SE,17
2023,6,SP,282
2023,6,TO,5
2023,6,AC,4
2023,6,AL,9
2023,6,AM,11
2023,6,AP,7
2023,6,BA,69
2023,6,CE,38
2023,6,DF,29
2023,6,ES,20
2023,6,GO,19
2023,6,MA,15
2023,6,MG,124
2023,6,MS,3
2023,6,MT,12
2023,6,PA,44
2023,6,PB,16
2023,6,PE,34
2023,6,PI,21
2023,6,PR,18
2023,6,RJ,173
2023,6,RN,20
2023,6,RR,2
2023,6,RS,35
2023,6,SC,6
2023,6,SE,18
2023,6,SP,119
2023,6,TO,1
