NU_ANO,Q006,SG_UF_PROVA,QTD
2019,A,AC,3224
2019,A,AL,6791
2019,A,AM,8733
2019,A,AP,2840
2019,A,BA,29858
2019,A,CE,19117
2019,A,DF,2536
2019,A,ES,2844
2019,A,GO,3687
2019,A,MA,19327
2019,A,MG,12584
2019,A,MS,1777
2019,A,MT,1888
2019,A,PA,19160
2019,A,PB,11491
2019,A,PE,19944
2019,A,PI,12877
2019,A,PR,3061
2019,A,RJ,10898
2019,A,RN,7343
2019,A,RO,2154
2019,A,RR,611
2019,A,RS,3927
2019,A,SC,1271
2019,A,SE,6168
2019,A,SP,15710
2019,A,TO,2249
2019,B,AC,14927
2019,B,AL,35294
2019,B,AM,41168
2019,B,AP,17084
2019,B,BA,148527
2019,B,CE,127477
2019,B,DF,14662
2019,B,ES,18115
2019,B,GO,31149
2019,B,MA,90350
2019,B,MG,96750
2019,B,MS,12733
2019,B,MT,14300
2019,B,PA,107411
2019,B,PB,55979
2019,B,PE,104131
2019,B,PI,50523
2019,B,PR,19215
2019,B,RJ,57565
2019,B,RN,41211
2019,B,RO,13557
2019,B,RR,3642
2019,B,RS,26184
2019,B,SC,7798
2019,B,SE,30574
2019,B,SP,78933
2019,B,TO,13966
2019,C,AC,10296
2019,C,AL,23031
2019,C,AM,36049
2019,C,AP,11637
2019,C,BA,104984
2019,C,CE,78891
2019,C,DF,24194
2019,C,ES,28813
2019,C,GO,49376
2019,C,MA,57892
2019,C,MG,141105
2019,C,MS,20498
2019,C,MT,24634
2019,C,PA,78111
2019,C,PB,37668
2019,C,PE,71023
2019,C,PI,28326
2019,C,PR,48315
2019,C,RJ,89871
2019,C,RN,30170
2019,C,RO,18560
2019,C,RR,3638
2019,C,RS,53924
2019,C,SC,21743
2019,C,SE,19362
2019,C,SP,186457
2019,C,TO,12876
2019,D,AC,2541
2019,D,AL,6567
2019,D,AM,8732
2019,D,AP,2556
2019,D,BA,29558
2019,D,CE,17656
2019,D,DF,9375
2019,D,ES,11882
2019,D,GO,20738
2019,D,MA,13796
2019,D,MG,62841
2019,D,MS,8531
2019,D,MT,10862
2019,D,PA,20652
2019,D,PB,10951
2019,D,PE,20312
2019,D,PI,8090
2019,D,PR,28262
2019,D,RJ,37949
2019,D,RN,9897
2019,D,RO,6232
2019,D,RR,990
2019,D,RS,28751
2019,D,SC,14164
2019,D,SE,5580
2019,D,SP,98167
2019,D,TO,3979
2019,E,AC,2311
2019,E,AL,4964
2019,E,AM,8126
2019,E,AP,2386
2019,E,BA,25516
2019,E,CE,16139
2019,E,DF,9052
2019,E,ES,11786
2019,E,GO,18976
2019,E,MA,12233
2019,E,MG,61058
2019,E,MS,7843
2019,E,MT,10228
2019,E,PA,17391
2019,E,PB,9128
2019,E,PE,17385
2019,E,PI,6352
2019,E,PR,28031
2019,E,RJ,34579
2019,E,RN,8463
2019,E,RO,5927
2019,E,RR,1030
2019,E,RS,26961
2019,E,SC,14762
2019,E,SE,4418
2019,E,SP,106819
2019,E,TO,3690
2019,F,AC,912
2019,F,AL,2395
2019,F,AM,2680
2019,F,AP,929
2019,F,BA,10419
2019,F,CE,6270
2019,F,DF,3962
2019,F,ES,5364
2019,F,GO,8585
2019,F,MA,4628
2019,F,MG,29078
2019,F,MS,3480
2019,F,MT,4626
2019,F,PA,7248
2019,F,PB,4032
2019,F,PE,7285
2019,F,PI,3029
2019,F,PR,15480
2019,F,RJ,17327
2019,F,RN,3911
2019,F,RO,2545
2019,F,RR,442
2019,F,RS,14949
2019,F,SC,8993
2019,F,SE,2067
2019,F,SP,53970
2019,F,TO,1644
2019,G,AC,1231
2019,G,AL,2863
2019,G,AM,3822
2019,G,AP,1361
2019,G,BA,13540
2019,G,CE,8279
2019,G,DF,5314
2019,G,ES,7254
2019,G,GO,10515
2019,G,MA,5904
2019,G,MG,39441
2019,G,MS,4319
2019,G,MT,5987
2019,G,PA,9092
2019,G,PB,5178
2019,G,PE,9461
2019,G,PI,3707
2019,G,PR,20009
2019,G,RJ,21781
2019,G,RN,4995
2019,G,RO,3231
2019,G,RR,614
2019,G,RS,19391
2019,G,SC,12691
2019,G,SE,2562
2019,G,SP,77242
2019,G,TO,2129
2019,H,AC,806
2019,H,AL,2072
2019,H,AM,2294
2019,H,AP,912
2019,H,BA,8653
2019,H,CE,4937
2019,H,DF,4011
2019,H,ES,4134
2019,H,GO,6809
2019,H,MA,3904
2019,H,MG,23951
2019,H,MS,2854
2019,H,MT,3785
2019,H,PA,5673
2019,H,PB,3137
2019,H,PE,6256
2019,H,PI,2495
2019,H,PR,12919
2019,H,RJ,15302
2019,H,RN,3339
2019,H,RO,1869
2019,H,RR,427
2019,H,RS,12237
2019,H,SC,8113
2019,H,SE,1862
2019,H,SP,48755
2019,H,TO,1399
2019,I,AC,611
2019,I,AL,1450
2019,I,AM,1652
2019,I,AP,764
2019,I,BA,6172
2019,I,CE,3825
2019,I,DF,3474
2019,I,ES,3098
2019,I,GO,5137
2019,I,MA,2824
2019,I,MG,17615
2019,I,MS,2125
2019,I,MT,3089
2019,I,PA,4248
2019,I,PB,2343
2019,I,PE,4597
2019,I,PI,1638
2019,I,PR,9369
2019,I,RJ,11480
2019,I,RN,2460
2019,I,RO,1407
2019,I,RR,367
2019,I,RS,8730
2019,I,SC,6081
2019,I,SE,1420
2019,I,SP,36631
2019,I,TO,1043
2019,J,AC,383
2019,J,AL,858
2019,J,AM,953
2019,J,AP,443
2019,J,BA,3576
2019,J,CE,2191
2019,J,DF,2318
2019,J,ES,1685
2019,J,GO,2898
2019,J,MA,1544
2019,J,MG,9515
2019,J,MS,1222
2019,J,MT,1686
2019,J,PA,2368
2019,J,PB,1275
2019,J,PE,2624
2019,J,PI,987
2019,J,PR,5364
2019,J,RJ,7273
2019,J,RN,1339
2019,J,RO,711
2019,J,RR,227
2019,J,RS,4697
2019,J,SC,3124
2019,J,SE,887
2019,J,SP,20046
2019,J,TO,593
2019,K,AC,262
2019,K,AL,621
2019,K,AM,685
2019,K,AP,337
2019,K,BA,2430
2019,K,CE,1532
2019,K,DF,1995
2019,K,ES,1230
2019,K,GO,1988
2019,K,MA,1054
2019,K,MG,6961
2019,K,MS,855
2019,K,MT,1155
2019,K,PA,1568
2019,K,PB,943
2019,K,PE,1851
2019,K,PI,675
2019,K,PR,3711
2019,K,RJ,5397
2019,K,RN,983
2019,K,RO,519
2019,K,RR,161
2019,K,RS,3291
2019,K,SC,2297
2019,K,SE,574
2019,K,SP,14485
2019,K,TO,466
2019,L,AC,204
2019,L,AL,455
2019,L,AM,460
2019,L,AP,252
2019,L,BA,1818
2019,L,CE,1189
2019,L,DF,1685
2019,L,ES,910
2019,L,GO,1582
2019,L,MA,736
2019,L,MG,5280
2019,L,MS,645
2019,L,MT,920
2019,L,PA,1154
2019,L,PB,781
2019,L,PE,1412
2019,L,PI,538
2019,L,PR,2796
2019,L,RJ,4274
2019,L,RN,764
2019,L,RO,339
2019,L,RR,127
2019,L,RS,2569
2019,L,SC,1685
2019,L,SE,418
2019,L,SP,10882
2019,L,TO,312
2019,M,AC,195
2019,M,AL,427
2019,M,AM,476
2019,M,AP,256
2019,M,BA,1804
2019,M,CE,1129
2019,M,DF,1731
2019,M,ES,888
2019,M,GO,1494
2019,M,MA,734
2019,M,MG,5139
2019,M,MS,658
2019,M,MT,881
2019,M,PA,1071
2019,M,PB,702
2019,M,PE,1508
2019,M,PI,525
2019,M,PR,2755
2019,M,RJ,4178
2019,M,RN,746
2019,M,RO,324
2019,M,RR,111
2019,M,RS,2346
2019,M,SC,1417
2019,M,SE,435
2019,M,SP,11036
2019,M,TO,334
2019,N,AC,225
2019,N,AL,582
2019,N,AM,677
2019,N,AP,273
2019,N,BA,2603
2019,N,CE,1734
2019,N,DF,2643
2019,N,ES,1214
2019,N,GO,2040
2019,N,MA,995
2019,N,MG,7181
2019,N,MS,915
2019,N,MT,1254
2019,N,PA,1442
2019,N,PB,1077
2019,N,PE,1999
2019,N,PI,778
2019,N,PR,3767
2019,N,RJ,5950
2019,N,RN,1129
2019,N,RO,409
2019,N,RR,169
2019,N,RS,3297
2019,N,SC,2108
2019,N,SE,614
2019,N,SP,16137
2019,N,TO,433
2019,O,AC,198
2019,O,AL,519
2019,O,AM,576
2019,O,AP,241
2019,O,BA,1976
2019,O,CE,1462
2019,O,DF,2663
2019,O,ES,1008
2019,O,GO,1633
2019,O,MA,788
2019,O,MG,5798
2019,O,MS,733
2019,O,MT,999
2019,O,PA,1035
2019,O,PB,895
2019,O,PE,1686
2019,O,PI,665
2019,O,PR,2958
2019,O,RJ,5014
2019,O,RN,914
2019,O,RO,312
2019,O,RR,141
2019,O,RS,2538
2019,O,SC,1628
2019,O,SE,526
2019,O,SP,12854
2019,O,TO,442
2019,P,AC,149
2019,P,AL,406
2019,P,AM,462
2019,P,AP,157
2019,P,BA,1801
2019,P,CE,1384
2019,P,DF,2656
2019,P,ES,915
2019,P,GO,1412
2019,P,MA,599
2019,P,MG,4660
2019,P,MS,513
2019,P,MT,786
2019,P,PA,854
2019,P,PB,727
2019,P,PE,1560
2019,P,PI,483
2019,P,PR,2375
2019,P,RJ,4650
2019,P,RN,760
2019,P,RO,265
2019,P,RR,116
2019,P,RS,2050
2019,P,SC,1325
2019,P,SE,454
2019,P,SP,11404
2019,P,TO,330
2019,Q,AC,170
2019,Q,AL,529
2019,Q,AM,599
2019,Q,AP,175
2019,Q,BA,2192
2019,Q,CE,1772
2019,Q,DF,3578
2019,Q,ES,1133
2019,Q,GO,1961
2019,Q,MA,766
2019,Q,MG,5668
2019,Q,MS,692
2019,Q,MT,1041
2019,Q,PA,1115
2019,Q,PB,869
2019,Q,PE,2283
2019,Q,PI,624
2019,Q,PR,2919
2019,Q,RJ,6228
2019,Q,RN,895
2019,Q,RO,278
2019,Q,RR,143
2019,Q,RS,2627
2019,Q,SC,1499
2019,Q,SE,567
2019,Q,SP,16462
2019,Q,TO,364
2020,A,AC,5252
2020,A,AL,12219
2020,A,AM,20907
2020,A,AP,5556
2020,A,BA,56890
2020,A,CE,33499
2020,A,DF,5952
2020,A,ES,5410
2020,A,GO,9947
2020,A,MA,33493
2020,A,MG,25002
2020,A,MS,4234
2020,A,MT,4762
2020,A,PA,39394
2020,A,PB,20249
2020,A,PE,38771
2020,A,PI,20823
2020,A,PR,7520
2020,A,RJ,24029
2020,A,RN,12779
2020,A,RO,4869
2020,A,RR,1433
2020,A,RS,9887
2020,A,SC,3285
2020,A,SE,11314
2020,A,SP,36383
2020,A,TO,5352
2020,B,AC,18436
2020,B,AL,45617
2020,B,AM,73869
2020,B,AP,22481
2020,B,BA,197766
2020,B,CE,166823
2020,B,DF,29670
2020,B,ES,28277
2020,B,GO,62452
2020,B,MA,113476
2020,B,MG,146696
2020,B,MS,23139
2020,B,MT,25579
2020,B,PA,152662
2020,B,PB,71456
2020,B,PE,138900
2020,B,PI,61221
2020,B,PR,38418
2020,B,RJ,103034
2020,B,RN,52876
2020,B,RO,23247
2020,B,RR,6266
2020,B,RS,49991
2020,B,SC,16004
2020,B,SE,39601
2020,B,SP,153064
2020,B,TO,23198
2020,C,AC,6627
2020,C,AL,16759
2020,C,AM,28865
2020,C,AP,7301
2020,C,BA,74702
2020,C,CE,49627
2020,C,DF,21490
2020,C,ES,21672
2020,C,GO,46448
2020,C,MA,37733
2020,C,MG,112231
2020,C,MS,18117
2020,C,MT,21082
2020,C,PA,57567
2020,C,PB,26339
2020,C,PE,51493
2020,C,PI,19462
2020,C,PR,45504
2020,C,RJ,76017
2020,C,RN,21327
2020,C,RO,14838
2020,C,RR,2999
2020,C,RS,50648
2020,C,SC,21176
2020,C,SE,13059
2020,C,SP,166166
2020,C,TO,10640
2020,D,AC,3594
2020,D,AL,9547
2020,D,AM,14560
2020,D,AP,3614
2020,D,BA,43491
2020,D,CE,27436
2020,D,DF,14228
2020,D,ES,15585
2020,D,GO,32289
2020,D,MA,20260
2020,D,MG,90902
2020,D,MS,12993
2020,D,MT,15631
2020,D,PA,31031
2020,D,PB,16151
2020,D,PE,29808
2020,D,PI,11688
2020,D,PR,39754
2020,D,RJ,51541
2020,D,RN,14207
2020,D,RO,9697
2020,D,RR,1924
2020,D,RS,39045
2020,D,SC,19185
2020,D,SE,7999
2020,D,SP,140423
2020,D,TO,6564
2020,E,AC,1457
2020,E,AL,3695
2020,E,AM,5621
2020,E,AP,1479
2020,E,BA,17032
2020,E,CE,10276
2020,E,DF,6362
2020,E,ES,7810
2020,E,GO,14375
2020,E,MA,7605
2020,E,MG,43590
2020,E,MS,5495
2020,E,MT,7179
2020,E,PA,12096
2020,E,PB,6234
2020,E,PE,12116
2020,E,PI,4403
2020,E,PR,21617
2020,E,RJ,25197
2020,E,RN,6002
2020,E,RO,4043
2020,E,RR,847
2020,E,RS,21415
2020,E,SC,11586
2020,E,SE,3003
2020,E,SP,76112
2020,E,TO,2699
2020,F,AC,1536
2020,F,AL,3670
2020,F,AM,5230
2020,F,AP,1645
2020,F,BA,17007
2020,F,CE,10142
2020,F,DF,6612
2020,F,ES,7829
2020,F,GO,13707
2020,F,MA,7780
2020,F,MG,45624
2020,F,MS,5608
2020,F,MT,7323
2020,F,PA,12347
2020,F,PB,6313
2020,F,PE,11793
2020,F,PI,4897
2020,F,PR,23571
2020,F,RJ,25673
2020,F,RN,6112
2020,F,RO,4186
2020,F,RR,973
2020,F,RS,22154
2020,F,SC,13212
2020,F,SE,3143
2020,F,SP,84394
2020,F,TO,3000
2020,G,AC,1042
2020,G,AL,2616
2020,G,AM,3562
2020,G,AP,1184
2020,G,BA,11367
2020,G,CE,7063
2020,G,DF,4804
2020,G,ES,5354
2020,G,GO,8892
2020,G,MA,5101
2020,G,MG,32098
2020,G,MS,3680
2020,G,MT,4957
2020,G,PA,8185
2020,G,PB,4338
2020,G,PE,8301
2020,G,PI,3384
2020,G,PR,17078
2020,G,RJ,18227
2020,G,RN,4472
2020,G,RO,2736
2020,G,RR,661
2020,G,RS,16222
2020,G,SC,10372
2020,G,SE,2316
2020,G,SP,62584
2020,G,TO,1984
2020,H,AC,848
2020,H,AL,1832
2020,H,AM,2378
2020,H,AP,936
2020,H,BA,7564
2020,H,CE,4612
2020,H,DF,3982
2020,H,ES,3409
2020,H,GO,5844
2020,H,MA,3604
2020,H,MG,20700
2020,H,MS,2585
2020,H,MT,3491
2020,H,PA,5326
2020,H,PB,2833
2020,H,PE,5680
2020,H,PI,2093
2020,H,PR,11347
2020,H,RJ,13218
2020,H,RN,3044
2020,H,RO,1719
2020,H,RR,487
2020,H,RS,10793
2020,H,SC,7045
2020,H,SE,1709
2020,H,SP,42863
2020,H,TO,1374
2020,I,AC,463
2020,I,AL,1102
2020,I,AM,1277
2020,I,AP,518
2020,I,BA,4271
2020,I,CE,2647
2020,I,DF,2774
2020,I,ES,1953
2020,I,GO,3512
2020,I,MA,1966
2020,I,MG,11705
2020,I,MS,1557
2020,I,MT,2025
2020,I,PA,3062
2020,I,PB,1521
2020,I,PE,3166
2020,I,PI,1190
2020,I,PR,6578
2020,I,RJ,8208
2020,I,RN,1800
2020,I,RO,953
2020,I,RR,287
2020,I,RS,5947
2020,I,SC,3974
2020,I,SE,1000
2020,I,SP,24676
2020,I,TO,769
2020,J,AC,285
2020,J,AL,597
2020,J,AM,699
2020,J,AP,351
2020,J,BA,2472
2020,J,CE,1548
2020,J,DF,1944
2020,J,ES,1184
2020,J,GO,2020
2020,J,MA,1063
2020,J,MG,6770
2020,J,MS,899
2020,J,MT,1114
2020,J,PA,1628
2020,J,PB,912
2020,J,PE,1944
2020,J,PI,723
2020,J,PR,3711
2020,J,RJ,5218
2020,J,RN,1057
2020,J,RO,490
2020,J,RR,166
2020,J,RS,3419
2020,J,SC,2295
2020,J,SE,605
2020,J,SP,14718
2020,J,TO,460
2020,K,AC,195
2020,K,AL,487
2020,K,AM,562
2020,K,AP,262
2020,K,BA,1886
2020,K,CE,1213
2020,K,DF,1771
2020,K,ES,906
2020,K,GO,1539
2020,K,MA,771
2020,K,MG,5367
2020,K,MS,642
2020,K,MT,883
2020,K,PA,1257
2020,K,PB,778
2020,K,PE,1585
2020,K,PI,508
2020,K,PR,2970
2020,K,RJ,4165
2020,K,RN,832
2020,K,RO,342
2020,K,RR,128
2020,K,RS,2560
2020,K,SC,1683
2020,K,SE,514
2020,K,SP,11442
2020,K,TO,308
2020,L,AC,155
2020,L,AL,340
2020,L,AM,401
2020,L,AP,183
2020,L,BA,1448
2020,L,CE,950
2020,L,DF,1394
2020,L,ES,712
2020,L,GO,1117
2020,L,MA,607
2020,L,MG,3938
2020,L,MS,518
2020,L,MT,663
2020,L,PA,902
2020,L,PB,600
2020,L,PE,1152
2020,L,PI,386
2020,L,PR,2153
2020,L,RJ,3150
2020,L,RN,589
2020,L,RO,271
2020,L,RR,111
2020,L,RS,1964
2020,L,SC,1312
2020,L,SE,329
2020,L,SP,8783
2020,L,TO,257
2020,M,AC,204
2020,M,AL,458
2020,M,AM,574
2020,M,AP,242
2020,M,BA,1865
2020,M,CE,1293
2020,M,DF,2113
2020,M,ES,921
2020,M,GO,1483
2020,M,MA,802
2020,M,MG,5231
2020,M,MS,765
2020,M,MT,892
2020,M,PA,1219
2020,M,PB,799
2020,M,PE,1626
2020,M,PI,545
2020,M,PR,2829
2020,M,RJ,4509
2020,M,RN,868
2020,M,RO,332
2020,M,RR,117
2020,M,RS,2627
2020,M,SC,1628
2020,M,SE,477
2020,M,SP,12320
2020,M,TO,368
2020,N,AC,169
2020,N,AL,450
2020,N,AM,529
2020,N,AP,231
2020,N,BA,1843
2020,N,CE,1409
2020,N,DF,2055
2020,N,ES,944
2020,N,GO,1520
2020,N,MA,724
2020,N,MG,5002
2020,N,MS,662
2020,N,MT,870
2020,N,PA,945
2020,N,PB,833
2020,N,PE,1570
2020,N,PI,525
2020,N,PR,2854
2020,N,RJ,4468
2020,N,RN,795
2020,N,RO,289
2020,N,RR,148
2020,N,RS,2475
2020,N,SC,1535
2020,N,SE,491
2020,N,SP,11431
2020,N,TO,339
2020,O,AC,141
2020,O,AL,411
2020,O,AM,489
2020,O,AP,201
2020,O,BA,1659
2020,O,CE,1116
2020,O,DF,2265
2020,O,ES,816
2020,O,GO,1294
2020,O,MA,567
2020,O,MG,4532
2020,O,MS,571
2020,O,MT,799
2020,O,PA,887
2020,O,PB,705
2020,O,PE,1383
2020,O,PI,471
2020,O,PR,2453
2020,O,RJ,4194
2020,O,RN,743
2020,O,RO,217
2020,O,RR,95
2020,O,RS,2250
2020,O,SC,1310
2020,O,SE,456
2020,O,SP,10719
2020,O,TO,323
2020,P,AC,128
2020,P,AL,437
2020,P,AM,445
2020,P,AP,152
2020,P,BA,1571
2020,P,CE,1286
2020,P,DF,2401
2020,P,ES,792
2020,P,GO,1268
2020,P,MA,603
2020,P,MG,4193
2020,P,MS,550
2020,P,MT,736
2020,P,PA,860
2020,P,PB,663
2020,P,PE,1512
2020,P,PI,447
2020,P,PR,2322
2020,P,RJ,4296
2020,P,RN,758
2020,P,RO,227
2020,P,RR,95
2020,P,RS,2036
2020,P,SC,1206
2020,P,SE,378
2020,P,SP,10765
2020,P,TO,318
2020,Q,AC,139
2020,Q,AL,480
2020,Q,AM,562
2020,Q,AP,146
2020,Q,BA,1902
2020,Q,CE,1630
2020,Q,DF,3353
2020,Q,ES,955
2020,Q,GO,1637
2020,Q,MA,679
2020,Q,MG,4942
2020,Q,MS,609
2020,Q,MT,925
2020,Q,PA,939
2020,Q,PB,762
2020,Q,PE,2072
2020,Q,PI,521
2020,Q,PR,2532
2020,Q,RJ,5543
2020,Q,RN,840
2020,Q,RO,185
2020,Q,RR,99
2020,Q,RS,2441
2020,Q,SC,1376
2020,Q,SE,499
2020,Q,SP,15039
2020,Q,TO,288
2021,A,AC,1767
2021,A,AL,4891
2021,A,AM,9926
2021,A,AP,1746
2021,A,BA,25669
2021,A,CE,22151
2021,A,DF,2327
2021,A,ES,2024
2021,A,GO,3986
2021,A,MA,14658
2021,A,MG,9586
2021,A,MS,1222
2021,A,MT,1512
2021,A,PA,16749
2021,A,PB,10621
2021,A,PE,18831
2021,A,PI,10064
2021,A,PR,2448
2021,A,RJ,10216
2021,A,RN,5965
2021,A,RO,1496
2021,A,RR,425
2021,A,RS,3384
2021,A,SC,1102
2021,A,SE,5506
2021,A,SP,11968
2021,A,TO,1874
2021,B,AC,7809
2021,B,AL,21652
2021,B,AM,39029
2021,B,AP,8850
2021,B,BA,104677
2021,B,CE,107960
2021,B,DF,12968
2021,B,ES,13243
2021,B,GO,30562
2021,B,MA,53916
2021,B,MG,62068
2021,B,MS,8303
2021,B,MT,9828
2021,B,PA,76478
2021,B,PB,41349
2021,B,PE,77805
2021,B,PI,32910
2021,B,PR,15163
2021,B,RJ,49641
2021,B,RN,28922
2021,B,RO,8310
2021,B,RR,2315
2021,B,RS,21733
2021,B,SC,6685
2021,B,SE,21368
2021,B,SP,59888
2021,B,TO,9406
2021,C,AC,3549
2021,C,AL,9624
2021,C,AM,16081
2021,C,AP,3808
2021,C,BA,45781
2021,C,CE,34122
2021,C,DF,11155
2021,C,ES,12355
2021,C,GO,28767
2021,C,MA,21471
2021,C,MG,58150
2021,C,MS,7857
2021,C,MT,10277
2021,C,PA,34800
2021,C,PB,16434
2021,C,PE,32846
2021,C,PI,12434
2021,C,PR,22544
2021,C,RJ,43318
2021,C,RN,13423
2021,C,RO,6650
2021,C,RR,1346
2021,C,RS,26423
2021,C,SC,10862
2021,C,SE,8812
2021,C,SP,77586
2021,C,TO,5468
2021,D,AC,2145
2021,D,AL,6207
2021,D,AM,8658
2021,D,AP,1989
2021,D,BA,28745
2021,D,CE,18994
2021,D,DF,8020
2021,D,ES,9639
2021,D,GO,22313
2021,D,MA,12751
2021,D,MG,50772
2021,D,MS,6857
2021,D,MT,8493
2021,D,PA,19582
2021,D,PB,10994
2021,D,PE,20308
2021,D,PI,7793
2021,D,PR,22476
2021,D,RJ,31965
2021,D,RN,9457
2021,D,RO,4949
2021,D,RR,976
2021,D,RS,23122
2021,D,SC,11548
2021,D,SE,5364
2021,D,SP,74445
2021,D,TO,3916
2021,E,AC,910
2021,E,AL,2516
2021,E,AM,3384
2021,E,AP,813
2021,E,BA,11976
2021,E,CE,7434
2021,E,DF,3682
2021,E,ES,5082
2021,E,GO,10524
2021,E,MA,5186
2021,E,MG,26023
2021,E,MS,3192
2021,E,MT,4251
2021,E,PA,7779
2021,E,PB,4340
2021,E,PE,8109
2021,E,PI,3176
2021,E,PR,12915
2021,E,RJ,15736
2021,E,RN,3954
2021,E,RO,2271
2021,E,RR,436
2021,E,RS,12800
2021,E,SC,7220
2021,E,SE,2143
2021,E,SP,42385
2021,E,TO,1706
2021,F,AC,948
2021,F,AL,2712
2021,F,AM,3169
2021,F,AP,943
2021,F,BA,12420
2021,F,CE,7190
2021,F,DF,4147
2021,F,ES,5303
2021,F,GO,10548
2021,F,MA,5325
2021,F,MG,28781
2021,F,MS,3572
2021,F,MT,5021
2021,F,PA,8031
2021,F,PB,4365
2021,F,PE,8343
2021,F,PI,3451
2021,F,PR,15700
2021,F,RJ,17561
2021,F,RN,4307
2021,F,RO,2581
2021,F,RR,498
2021,F,RS,14386
2021,F,SC,9021
2021,F,SE,2299
2021,F,SP,50745
2021,F,TO,1986
2021,G,AC,788
2021,G,AL,2213
2021,G,AM,2436
2021,G,AP,761
2021,G,BA,9735
2021,G,CE,5784
2021,G,DF,3374
2021,G,ES,4270
2021,G,GO,7923
2021,G,MA,3986
2021,G,MG,24466
2021,G,MS,2774
2021,G,MT,3969
2021,G,PA,6268
2021,G,PB,3537
2021,G,PE,6646
2021,G,PI,2730
2021,G,PR,13801
2021,G,RJ,14286
2021,G,RN,3616
2021,G,RO,2002
2021,G,RR,451
2021,G,RS,12571
2021,G,SC,8834
2021,G,SE,1960
2021,G,SP,44901
2021,G,TO,1627
2021,H,AC,605
2021,H,AL,1744
2021,H,AM,1923
2021,H,AP,743
2021,H,BA,7275
2021,H,CE,4276
2021,H,DF,3343
2021,H,ES,3176
2021,H,GO,5905
2021,H,MA,3048
2021,H,MG,17825
2021,H,MS,2158
2021,H,MT,3282
2021,H,PA,4734
2021,H,PB,2559
2021,H,PE,4957
2021,H,PI,1990
2021,H,PR,10215
2021,H,RJ,11938
2021,H,RN,2779
2021,H,RO,1432
2021,H,RR,372
2021,H,RS,9605
2021,H,SC,6890
2021,H,SE,1537
2021,H,SP,35799
2021,H,TO,1274
2021,I,AC,422
2021,I,AL,1105
2021,I,AM,1072
2021,I,AP,476
2021,I,BA,4428
2021,I,CE,2538
2021,I,DF,2410
2021,I,ES,1936
2021,I,GO,3548
2021,I,MA,1763
2021,I,MG,10862
2021,I,MS,1407
2021,I,MT,2023
2021,I,PA,2686
2021,I,PB,1577
2021,I,PE,3115
2021,I,PI,1251
2021,I,PR,6388
2021,I,RJ,7934
2021,I,RN,1773
2021,I,RO,805
2021,I,RR,294
2021,I,RS,5665
2021,I,SC,4344
2021,I,SE,1062
2021,I,SP,22236
2021,I,TO,778
2021,J,AC,253
2021,J,AL,659
2021,J,AM,709
2021,J,AP,282
2021,J,BA,2574
2021,J,CE,1491
2021,J,DF,1741
2021,J,ES,1187
2021,J,GO,2102
2021,J,MA,1032
2021,J,MG,6559
2021,J,MS,846
2021,J,MT,1197
2021,J,PA,1661
2021,J,PB,959
2021,J,PE,1917
2021,J,PI,765
2021,J,PR,3808
2021,J,RJ,5118
2021,J,RN,1105
2021,J,RO,472
2021,J,RR,168
2021,J,RS,3536
2021,J,SC,2566
2021,J,SE,609
2021,J,SP,13742
2021,J,TO,434
2021,K,AC,180
2021,K,AL,535
2021,K,AM,528
2021,K,AP,260
2021,K,BA,2060
2021,K,CE,1148
2021,K,DF,1553
2021,K,ES,877
2021,K,GO,1698
2021,K,MA,769
2021,K,MG,5030
2021,K,MS,705
2021,K,MT,914
2021,K,PA,1224
2021,K,PB,751
2021,K,PE,1511
2021,K,PI,543
2021,K,PR,3080
2021,K,RJ,4138
2021,K,RN,805
2021,K,RO,328
2021,K,RR,133
2021,K,RS,2678
2021,K,SC,1966
2021,K,SE,471
2021,K,SP,10816
2021,K,TO,389
2021,L,AC,179
2021,L,AL,452
2021,L,AM,477
2021,L,AP,217
2021,L,BA,1752
2021,L,CE,1054
2021,L,DF,1483
2021,L,ES,751
2021,L,GO,1451
2021,L,MA,694
2021,L,MG,4544
2021,L,MS,528
2021,L,MT,834
2021,L,PA,1061
2021,L,PB,716
2021,L,PE,1322
2021,L,PI,462
2021,L,PR,2595
2021,L,RJ,3695
2021,L,RN,675
2021,L,RO,280
2021,L,RR,131
2021,L,RS,2350
2021,L,SC,1616
2021,L,SE,406
2021,L,SP,9364
2021,L,TO,299
2021,M,AC,244
2021,M,AL,604
2021,M,AM,619
2021,M,AP,257
2021,M,BA,2431
2021,M,CE,1550
2021,M,DF,2285
2021,M,ES,1090
2021,M,GO,2106
2021,M,MA,971
2021,M,MG,6310
2021,M,MS,861
2021,M,MT,1261
2021,M,PA,1408
2021,M,PB,1029
2021,M,PE,1827
2021,M,PI,616
2021,M,PR,3741
2021,M,RJ,5564
2021,M,RN,1068
2021,M,RO,393
2021,M,RR,163
2021,M,RS,3278
2021,M,SC,2403
2021,M,SE,631
2021,M,SP,14197
2021,M,TO,456
2021,N,AC,152
2021,N,AL,354
2021,N,AM,423
2021,N,AP,151
2021,N,BA,1569
2021,N,CE,1096
2021,N,DF,1708
2021,N,ES,728
2021,N,GO,1171
2021,N,MA,547
2021,N,MG,3900
2021,N,MS,513
2021,N,MT,728
2021,N,PA,855
2021,N,PB,627
2021,N,PE,1226
2021,N,PI,428
2021,N,PR,2289
2021,N,RJ,3632
2021,N,RN,696
2021,N,RO,213
2021,N,RR,85
2021,N,RS,2104
2021,N,SC,1332
2021,N,SE,401
2021,N,SP,8657
2021,N,TO,280
2021,O,AC,133
2021,O,AL,444
2021,O,AM,449
2021,O,AP,192
2021,O,BA,1576
2021,O,CE,1128
2021,O,DF,2048
2021,O,ES,814
2021,O,GO,1292
2021,O,MA,568
2021,O,MG,4234
2021,O,MS,577
2021,O,MT,788
2021,O,PA,865
2021,O,PB,705
2021,O,PE,1325
2021,O,PI,437
2021,O,PR,2315
2021,O,RJ,3998
2021,O,RN,756
2021,O,RO,192
2021,O,RR,97
2021,O,RS,2197
2021,O,SC,1429
2021,O,SE,394
2021,O,SP,9882
2021,O,TO,334
2021,P,AC,123
2021,P,AL,410
2021,P,AM,426
2021,P,AP,149
2021,P,BA,1594
2021,P,CE,1192
2021,P,DF,2270
2021,P,ES,746
2021,P,GO,1299
2021,P,MA,536
2021,P,MG,4040
2021,P,MS,512
2021,P,MT,785
2021,P,PA,824
2021,P,PB,654
2021,P,PE,1497
2021,P,PI,434
2021,P,PR,2264
2021,P,RJ,4259
2021,P,RN,709
2021,P,RO,202
2021,P,RR,72
2021,P,RS,2134
2021,P,SC,1368
2021,P,SE,428
2021,P,SP,9867
2021,P,TO,323
2021,Q,AC,129
2021,Q,AL,462
2021,Q,AM,469
2021,Q,AP,137
2021,Q,BA,1932
2021,Q,CE,1409
2021,Q,DF,2987
2021,Q,ES,960
2021,Q,GO,1720
2021,Q,MA,684
2021,Q,MG,4679
2021,Q,MS,606
2021,Q,MT,922
2021,Q,PA,973
2021,Q,PB,785
2021,Q,PE,2031
2021,Q,PI,485
2021,Q,PR,2540
2021,Q,RJ,5348
2021,Q,RN,809
2021,Q,RO,225
2021,Q,RR,94
2021,Q,RS,2518
2021,Q,SC,1579
2021,Q,SE,405
2021,Q,SP,13475
2021,Q,TO,323
2022,A,AC,2067
2022,A,AL,5802
2022,A,AM,8576
2022,A,AP,1810
2022,A,BA,26602
2022,A,CE,18871
2022,A,DF,2190
2022,A,ES,1838
2022,A,GO,4128
2022,A,MA,15563
2022,A,MG,8530
2022,A,MS,1436
2022,A,MT,1503
2022,A,PA,20674
2022,A,PB,10691
2022,A,PE,18144
2022,A,PI,11085
2022,A,PR,2351
2022,A,RJ,10585
2022,A,RN,7019
2022,A,RO,1380
2022,A,RR,427
2022,A,RS,3334
2022,A,SC,1078
2022,A,SE,6018
2022,A,SP,11159
2022,A,TO,1614
2022,B,AC,9407
2022,B,AL,26488
2022,B,AM,35744
2022,B,AP,10183
2022,B,BA,110028
2022,B,CE,115739
2022,B,DF,13461
2022,B,ES,13798
2022,B,GO,33816
2022,B,MA,60391
2022,B,MG,61388
2022,B,MS,9703
2022,B,MT,10766
2022,B,PA,89149
2022,B,PB,44973
2022,B,PE,81587
2022,B,PI,36718
2022,B,PR,17499
2022,B,RJ,59437
2022,B,RN,34558
2022,B,RO,8832
2022,B,RR,2473
2022,B,RS,23726
2022,B,SC,7124
2022,B,SE,25591
2022,B,SP,70958
2022,B,TO,9332
2022,C,AC,3754
2022,C,AL,10828
2022,C,AM,14341
2022,C,AP,3598
2022,C,BA,44093
2022,C,CE,35263
2022,C,DF,10513
2022,C,ES,12128
2022,C,GO,28467
2022,C,MA,21112
2022,C,MG,55003
2022,C,MS,8580
2022,C,MT,10604
2022,C,PA,35104
2022,C,PB,15938
2022,C,PE,30660
2022,C,PI,12450
2022,C,PR,24448
2022,C,RJ,45428
2022,C,RN,14269
2022,C,RO,6173
2022,C,RR,1366
2022,C,RS,27583
2022,C,SC,11500
2022,C,SE,8961
2022,C,SP,87038
2022,C,TO,5076
2022,D,AC,2059
2022,D,AL,6288
2022,D,AM,7260
2022,D,AP,1849
2022,D,BA,26210
2022,D,CE,18212
2022,D,DF,7362
2022,D,ES,9397
2022,D,GO,21218
2022,D,MA,11552
2022,D,MG,45754
2022,D,MS,6495
2022,D,MT,8613
2022,D,PA,18235
2022,D,PB,9747
2022,D,PE,17713
2022,D,PI,7470
2022,D,PR,22166
2022,D,RJ,32549
2022,D,RN,9214
2022,D,RO,4402
2022,D,RR,970
2022,D,RS,22419
2022,D,SC,11355
2022,D,SE,5008
2022,D,SP,77303
2022,D,TO,3446
2022,E,AC,1331
2022,E,AL,3449
2022,E,AM,4018
2022,E,AP,1107
2022,E,BA,14596
2022,E,CE,9525
2022,E,DF,4844
2022,E,ES,6361
2022,E,GO,13976
2022,E,MA,6636
2022,E,MG,31523
2022,E,MS,4327
2022,E,MT,6175
2022,E,PA,10484
2022,E,PB,5238
2022,E,PE,9810
2022,E,PI,4193
2022,E,PR,17911
2022,E,RJ,20964
2022,E,RN,5115
2022,E,RO,2903
2022,E,RR,633
2022,E,RS,16898
2022,E,SC,9674
2022,E,SE,2756
2022,E,SP,59833
2022,E,TO,2424
2022,F,AC,652
2022,F,AL,1834
2022,F,AM,1922
2022,F,AP,573
2022,F,BA,7704
2022,F,CE,4979
2022,F,DF,2510
2022,F,ES,3405
2022,F,GO,7143
2022,F,MA,3276
2022,F,MG,18868
2022,F,MS,2343
2022,F,MT,3501
2022,F,PA,5494
2022,F,PB,2927
2022,F,PE,5182
2022,F,PI,2232
2022,F,PR,11063
2022,F,RJ,11655
2022,F,RN,2913
2022,F,RO,1585
2022,F,RR,370
2022,F,RS,10337
2022,F,SC,6544
2022,F,SE,1519
2022,F,SP,36265
2022,F,TO,1295
2022,G,AC,777
2022,G,AL,2264
2022,G,AM,2221
2022,G,AP,750
2022,G,BA,9254
2022,G,CE,5689
2022,G,DF,3394
2022,G,ES,4307
2022,G,GO,8376
2022,G,MA,3874
2022,G,MG,22658
2022,G,MS,2797
2022,G,MT,4264
2022,G,PA,6091
2022,G,PB,3341
2022,G,PE,6224
2022,G,PI,2692
2022,G,PR,13761
2022,G,RJ,14325
2022,G,RN,3436
2022,G,RO,1908
2022,G,RR,461
2022,G,RS,12602
2022,G,SC,8796
2022,G,SE,1926
2022,G,SP,46642
2022,G,TO,1489
2022,H,AC,851
2022,H,AL,2217
2022,H,AM,2158
2022,H,AP,889
2022,H,BA,8668
2022,H,CE,5431
2022,H,DF,4112
2022,H,ES,3869
2022,H,GO,7752
2022,H,MA,3610
2022,H,MG,20621
2022,H,MS,2799
2022,H,MT,4450
2022,H,PA,6076
2022,H,PB,3184
2022,H,PE,5838
2022,H,PI,2481
2022,H,PR,13348
2022,H,RJ,14830
2022,H,RN,3539
2022,H,RO,1807
2022,H,RR,487
2022,H,RS,11543
2022,H,SC,8836
2022,H,SE,1914
2022,H,SP,45952
2022,H,TO,1489
2022,I,AC,367
2022,I,AL,923
2022,I,AM,895
2022,I,AP,391
2022,I,BA,3425
2022,I,CE,2197
2022,I,DF,2124
2022,I,ES,1600
2022,I,GO,3275
2022,I,MA,1440
2022,I,MG,8717
2022,I,MS,1121
2022,I,MT,1777
2022,I,PA,2408
2022,I,PB,1318
2022,I,PE,2516
2022,I,PI,980
2022,I,PR,5374
2022,I,RJ,6632
2022,I,RN,1496
2022,I,RO,692
2022,I,RR,223
2022,I,RS,4715
2022,I,SC,3730
2022,I,SE,926
2022,I,SP,19108
2022,I,TO,546
2022,J,AC,242
2022,J,AL,578
2022,J,AM,579
2022,J,AP,274
2022,J,BA,2479
2022,J,CE,1497
2022,J,DF,1717
2022,J,ES,1064
2022,J,GO,2111
2022,J,MA,1015
2022,J,MG,5989
2022,J,MS,844
2022,J,MT,1211
2022,J,PA,1577
2022,J,PB,938
2022,J,PE,1723
2022,J,PI,741
2022,J,PR,3652
2022,J,RJ,4881
2022,J,RN,1073
2022,J,RO,446
2022,J,RR,145
2022,J,RS,3299
2022,J,SC,2504
2022,J,SE,578
2022,J,SP,13431
2022,J,TO,396
2022,K,AC,164
2022,K,AL,454
2022,K,AM,440
2022,K,AP,201
2022,K,BA,1661
2022,K,CE,1095
2022,K,DF,1299
2022,K,ES,790
2022,K,GO,1513
2022,K,MA,679
2022,K,MG,4261
2022,K,MS,570
2022,K,MT,854
2022,K,PA,1101
2022,K,PB,672
2022,K,PE,1285
2022,K,PI,473
2022,K,PR,2627
2022,K,RJ,3674
2022,K,RN,780
2022,K,RO,313
2022,K,RR,142
2022,K,RS,2269
2022,K,SC,1739
2022,K,SE,409
2022,K,SP,9218
2022,K,TO,314
2022,L,AC,200
2022,L,AL,537
2022,L,AM,555
2022,L,AP,224
2022,L,BA,2214
2022,L,CE,1481
2022,L,DF,1743
2022,L,ES,982
2022,L,GO,2019
2022,L,MA,847
2022,L,MG,5449
2022,L,MS,784
2022,L,MT,1146
2022,L,PA,1431
2022,L,PB,901
2022,L,PE,1545
2022,L,PI,567
2022,L,PR,3513
2022,L,RJ,4887
2022,L,RN,934
2022,L,RO,352
2022,L,RR,145
2022,L,RS,2836
2022,L,SC,2200
2022,L,SE,556
2022,L,SP,12829
2022,L,TO,418
2022,M,AC,210
2022,M,AL,527
2022,M,AM,547
2022,M,AP,219
2022,M,BA,2030
2022,M,CE,1444
2022,M,DF,1947
2022,M,ES,935
2022,M,GO,1898
2022,M,MA,806
2022,M,MG,5210
2022,M,MS,708
2022,M,MT,1117
2022,M,PA,1284
2022,M,PB,830
2022,M,PE,1581
2022,M,PI,567
2022,M,PR,3169
2022,M,RJ,4699
2022,M,RN,921
2022,M,RO,300
2022,M,RR,174
2022,M,RS,2627
2022,M,SC,1900
2022,M,SE,523
2022,M,SP,11969
2022,M,TO,388
2022,N,AC,138
2022,N,AL,402
2022,N,AM,389
2022,N,AP,159
2022,N,BA,1440
2022,N,CE,1077
2022,N,DF,1532
2022,N,ES,756
2022,N,GO,1220
2022,N,MA,485
2022,N,MG,3662
2022,N,MS,523
2022,N,MT,766
2022,N,PA,827
2022,N,PB,657
2022,N,PE,1183
2022,N,PI,413
2022,N,PR,2168
2022,N,RJ,3540
2022,N,RN,665
2022,N,RO,225
2022,N,RR,116
2022,N,RS,1898
2022,N,SC,1281
2022,N,SE,368
2022,N,SP,8640
2022,N,TO,294
2022,O,AC,146
2022,O,AL,456
2022,O,AM,417
2022,O,AP,188
2022,O,BA,1608
2022,O,CE,1144
2022,O,DF,1970
2022,O,ES,844
2022,O,GO,1435
2022,O,MA,516
2022,O,MG,3996
2022,O,MS,561
2022,O,MT,805
2022,O,PA,880
2022,O,PB,608
2022,O,PE,1309
2022,O,PI,439
2022,O,PR,2405
2022,O,RJ,3900
2022,O,RN,670
2022,O,RO,208
2022,O,RR,107
2022,O,RS,2056
2022,O,SC,1460
2022,O,SE,426
2022,O,SP,10174
2022,O,TO,306
2022,P,AC,119
2022,P,AL,390
2022,P,AM,417
2022,P,AP,128
2022,P,BA,1370
2022,P,CE,1205
2022,P,DF,1990
2022,P,ES,702
2022,P,GO,1333
2022,P,MA,456
2022,P,MG,3526
2022,P,MS,458
2022,P,MT,766
2022,P,PA,813
2022,P,PB,596
2022,P,PE,1295
2022,P,PI,375
2022,P,PR,2153
2022,P,RJ,3810
2022,P,RN,714
2022,P,RO,178
2022,P,RR,94
2022,P,RS,1805
2022,P,SC,1301
2022,P,SE,372
2022,P,SP,9376
2022,P,TO,290
2022,Q,AC,117
2022,Q,AL,508
2022,Q,AM,507
2022,Q,AP,131
2022,Q,BA,1784
2022,Q,CE,1528
2022,Q,DF,2693
2022,Q,ES,924
2022,Q,GO,1942
2022,Q,MA,658
2022,Q,MG,4626
2022,Q,MS,634
2022,Q,MT,1063
2022,Q,PA,993
2022,Q,PB,679
2022,Q,PE,2000
2022,Q,PI,524
2022,Q,PR,2788
2022,Q,RJ,5094
2022,Q,RN,733
2022,Q,RO,265
2022,Q,RR,101
2022,Q,RS,2348
2022,Q,SC,1769
2022,Q,SE,461
2022,Q,SP,14547
2022,Q,TO,323
2023,A,AC,2332
2023,A,AL,8712
2023,A,AM,10137
2023,A,AP,2522
2023,A,BA,37701
2023,A,CE,21324
2023,A,DF,3161
2023,A,ES,2410
2023,A,GO,4885
2023,A,MA,20997
2023,A,MG,11736
2023,A,MS,1702
2023,A,MT,1800
2023,A,PA,25239
2023,A,PB,14775
2023,A,PE,23821
2023,A,PI,14340
2023,A,PR,3242
2023,A,RJ,15772
2023,A,RN,9297
2023,A,RO,1859
2023,A,RR,452
2023,A,RS,4335
2023,A,SC,1446
2023,A,SE,7548
2023,A,SP,14697
2023,A,TO,1811
2023,B,AC,10259
2023,B,AL,37426
2023,B,AM,42947
2023,B,AP,12629
2023,B,BA,143089
2023,B,CE,125018
2023,B,DF,16816
2023,B,ES,16975
2023,B,GO,37667
2023,B,MA,80193
2023,B,MG,78086
2023,B,MS,10548
2023,B,MT,12176
2023,B,PA,105019
2023,B,PB,57591
2023,B,PE,98111
2023,B,PI,46623
2023,B,PR,21724
2023,B,RJ,75923
2023,B,RN,41488
2023,B,RO,10453
2023,B,RR,2963
2023,B,RS,26957
2023,B,SC,9046
2023,B,SE,29884
2023,B,SP,84975
2023,B,TO,10685
2023,C,AC,3927
2023,C,AL,13393
2023,C,AM,15850
2023,C,AP,4720
2023,C,BA,52921
2023,C,CE,36639
2023,C,DF,11438
2023,C,ES,14278
2023,C,GO,29644
2023,C,MA,25508
2023,C,MG,65089
2023,C,MS,8902
2023,C,MT,11309
2023,C,PA,38307
2023,C,PB,18799
2023,C,PE,34215
2023,C,PI,13929
2023,C,PR,27082
2023,C,RJ,49671
2023,C,RN,15899
2023,C,RO,6960
2023,C,RR,1600
2023,C,RS,28448
2023,C,SC,12738
2023,C,SE,9840
2023,C,SP,94094
2023,C,TO,5742
2023,D,AC,2229
2023,D,AL,7259
2023,D,AM,8025
2023,D,AP,2359
2023,D,BA,28746
2023,D,CE,17997
2023,D,DF,7344
2023,D,ES,10436
2023,D,GO,20811
2023,D,MA,12867
2023,D,MG,50968
2023,D,MS,6446
2023,D,MT,8819
2023,D,PA,19179
2023,D,PB,10211
2023,D,PE,18579
2023,D,PI,7651
2023,D,PR,24116
2023,D,RJ,33342
2023,D,RN,9632
2023,D,RO,4611
2023,D,RR,1014
2023,D,RS,22760
2023,D,SC,12470
2023,D,SE,5245
2023,D,SP,80448
2023,D,TO,3802
2023,E,AC,1344
2023,E,AL,3966
2023,E,AM,4031
2023,E,AP,1350
2023,E,BA,15761
2023,E,CE,9795
2023,E,DF,4984
2023,E,ES,7189
2023,E,GO,13951
2023,E,MA,7140
2023,E,MG,35355
2023,E,MS,4461
2023,E,MT,6413
2023,E,PA,11193
2023,E,PB,5520
2023,E,PE,10367
2023,E,PI,4313
2023,E,PR,19277
2023,E,RJ,21955
2023,E,RN,5598
2023,E,RO,3009
2023,E,RR,717
2023,E,RS,17144
2023,E,SC,10355
2023,E,SE,2838
2023,E,SP,63504
2023,E,TO,2464
2023,F,AC,713
2023,F,AL,2068
2023,F,AM,2165
2023,F,AP,787
2023,F,BA,8547
2023,F,CE,5252
2023,F,DF,2830
2023,F,ES,4140
2023,F,GO,7613
2023,F,MA,3658
2023,F,MG,20897
2023,F,MS,2498
2023,F,MT,3989
2023,F,PA,5651
2023,F,PB,3129
2023,F,PE,5720
2023,F,PI,2356
2023,F,PR,12133
2023,F,RJ,12389
2023,F,RN,2962
2023,F,RO,1720
2023,F,RR,385
2023,F,RS,10504
2023,F,SC,7117
2023,F,SE,1536
2023,F,SP,39147
2023,F,TO,1438
2023,G,AC,1037
2023,G,AL,3168
2023,G,AM,3179
2023,G,AP,1308
2023,G,BA,12042
2023,G,CE,7734
2023,G,DF,4754
2023,G,ES,5750
2023,G,GO,10836
2023,G,MA,5313
2023,G,MG,30870
2023,G,MS,3795
2023,G,MT,5715
2023,G,PA,8167
2023,G,PB,4393
2023,G,PE,8173
2023,G,PI,3422
2023,G,PR,19116
2023,G,RJ,19315
2023,G,RN,4621
2023,G,RO,2647
2023,G,RR,693
2023,G,RS,16169
2023,G,SC,11856
2023,G,SE,2468
2023,G,SP,62723
2023,G,TO,2063
2023,H,AC,620
2023,H,AL,1657
2023,H,AM,1610
2023,H,AP,760
2023,H,BA,6209
2023,H,CE,4086
2023,H,DF,3171
2023,H,ES,2972
2023,H,GO,5681
2023,H,MA,2600
2023,H,MG,16022
2023,H,MS,2139
2023,H,MT,3213
2023,H,PA,4134
2023,H,PB,2314
2023,H,PE,4297
2023,H,PI,1773
2023,H,PR,10006
2023,H,RJ,10556
2023,H,RN,2564
2023,H,RO,1331
2023,H,RR,360
2023,H,RS,8466
2023,H,SC,6573
2023,H,SE,1412
2023,H,SP,33686
2023,H,TO,1067
2023,I,AC,339
2023,I,AL,988
2023,I,AM,942
2023,I,AP,502
2023,I,BA,3735
2023,I,CE,2497
2023,I,DF,2249
2023,I,ES,1786
2023,I,GO,3327
2023,I,MA,1586
2023,I,MG,9886
2023,I,MS,1256
2023,I,MT,1956
2023,I,PA,2452
2023,I,PB,1344
2023,I,PE,2724
2023,I,PI,1054
2023,I,PR,5850
2023,I,RJ,7092
2023,I,RN,1630
2023,I,RO,815
2023,I,RR,258
2023,I,RS,5108
2023,I,SC,4094
2023,I,SE,892
2023,I,SP,20960
2023,I,TO,648
2023,J,AC,336
2023,J,AL,833
2023,J,AM,814
2023,J,AP,435
2023,J,BA,3148
2023,J,CE,2153
2023,J,DF,2323
2023,J,ES,1612
2023,J,GO,2940
2023,J,MA,1396
2023,J,MG,8364
2023,J,MS,1153
2023,J,MT,1690
2023,J,PA,2195
2023,J,PB,1248
2023,J,PE,2363
2023,J,PI,814
2023,J,PR,5140
2023,J,RJ,6521
2023,J,RN,1373
2023,J,RO,617
2023,J,RR,243
2023,J,RS,4245
2023,J,SC,3411
2023,J,SE,812
2023,J,SP,18450
2023,J,TO,550
2023,K,AC,260
2023,K,AL,634
2023,K,AM,657
2023,K,AP,360
2023,K,BA,2519
2023,K,CE,1747
2023,K,DF,2009
2023,K,ES,1191
2023,K,GO,2412
2023,K,MA,1077
2023,K,MG,6311
2023,K,MS,878
2023,K,MT,1507
2023,K,PA,1757
2023,K,PB,1052
2023,K,PE,1917
2023,K,PI,680
2023,K,PR,3971
2023,K,RJ,5177
2023,K,RN,1183
2023,K,RO,475
2023,K,RR,193
2023,K,RS,3224
2023,K,SC,2521
2023,K,SE,649
2023,K,SP,14798
2023,K,TO,472
2023,L,AC,158
2023,L,AL,446
2023,L,AM,411
2023,L,AP,218
2023,L,BA,1716
2023,L,CE,1159
2023,L,DF,1437
2023,L,ES,799
2023,L,GO,1594
2023,L,MA,642
2023,L,MG,4263
2023,L,MS,664
2023,L,MT,933
2023,L,PA,1113
2023,L,PB,684
2023,L,PE,1288
2023,L,PI,474
2023,L,PR,2694
2023,L,RJ,3717
2023,L,RN,739
2023,L,RO,305
2023,L,RR,132
2023,L,RS,2196
2023,L,SC,1617
2023,L,SE,393
2023,L,SP,9492
2023,L,TO,312
2023,M,AC,138
2023,M,AL,399
2023,M,AM,386
2023,M,AP,164
2023,M,BA,1361
2023,M,CE,1028
2023,M,DF,1391
2023,M,ES,689
2023,M,GO,1260
2023,M,MA,523
2023,M,MG,3637
2023,M,MS,496
2023,M,MT,743
2023,M,PA,845
2023,M,PB,626
2023,M,PE,1072
2023,M,PI,380
2023,M,PR,2157
2023,M,RJ,3301
2023,M,RN,690
2023,M,RO,222
2023,M,RR,104
2023,M,RS,1849
2023,M,SC,1466
2023,M,SE,361
2023,M,SP,8089
2023,M,TO,249
2023,N,AC,158
2023,N,AL,462
2023,N,AM,456
2023,N,AP,211
2023,N,BA,1703
2023,N,CE,1291
2023,N,DF,1845
2023,N,ES,868
2023,N,GO,1524
2023,N,MA,563
2023,N,MG,4310
2023,N,MS,632
2023,N,MT,864
2023,N,PA,1045
2023,N,PB,783
2023,N,PE,1396
2023,N,PI,474
2023,N,PR,2652
2023,N,RJ,4068
2023,N,RN,769
2023,N,RO,288
2023,N,RR,143
2023,N,RS,2122
2023,N,SC,1665
2023,N,SE,407
2023,N,SP,10532
2023,N,TO,334
2023,O,AC,142
2023,O,AL,443
2023,O,AM,419
2023,O,AP,218
2023,O,BA,1646
2023,O,CE,1294
2023,O,DF,2116
2023,O,ES,786
2023,O,GO,1477
2023,O,MA,531
2023,O,MG,4199
2023,O,MS,587
2023,O,MT,903
2023,O,PA,976
2023,O,PB,654
2023,O,PE,1428
2023,O,PI,469
2023,O,PR,2434
2023,O,RJ,4222
2023,O,RN,733
2023,O,RO,258
2023,O,RR,136
2023,O,RS,2120
2023,O,SC,1604
2023,O,SE,420
2023,O,SP,10647
2023,O,TO,356
2023,P,AC,121
2023,P,AL,395
2023,P,AM,410
2023,P,AP,122
2023,P,BA,1522
2023,P,CE,1258
2023,P,DF,2187
2023,P,ES,803
2023,P,GO,1420
2023,P,MA,492
2023,P,MG,3771
2023,P,MS,549
2023,P,MT,787
2023,P,PA,880
2023,P,PB,635
2023,P,PE,1326
2023,P,PI,364
2023,P,PR,2144
2023,P,RJ,3931
2023,P,RN,764
2023,P,RO,197
2023,P,RR,110
2023,P,RS,1872
2023,P,SC,1392
2023,P,SE,381
2023,P,SP,9980
2023,P,TO,292
2023,Q,AC,161
2023,Q,AL,511
2023,Q,AM,477
2023,Q,AP,142
2023,Q,BA,1902
2023,Q,CE,1688
2023,Q,DF,2920
2023,Q,ES,1040
2023,Q,GO,2068
2023,Q,MA,670
2023,Q,MG,4811
2023,Q,MS,749
2023,Q,MT,1095
2023,Q,PA,1010
2023,Q,PB,753
2023,Q,PE,2062
2023,Q,PI,523
2023,Q,PR,2768
2023,Q,RJ,5344
2023,Q,RN,764
2023,Q,RO,271
2023,Q,RR,136
2023,Q,RS,2400
2023,Q,SC,1892
2023,Q,SE,454
2023,Q,SP,14545
2023,Q,TO,333
