NU_ANO,Q022,TP_COR_RACA,SG_UF_PROVA,QTD
2019,A,0,AC,41
2019,A,0,AL,64
2019,A,0,AM,102
2019,A,0,AP,26
2019,A,0,BA,307
2019,A,0,CE,730
2019,A,0,DF,59
2019,A,0,ES,26
2019,A,0,GO,108
2019,A,0,MA,223
2019,A,0,MG,171
2019,A,0,MS,37
2019,A,0,MT,50
2019,A,0,PA,172
2019,A,0,PB,78
2019,A,0,PE,237
2019,A,0,PI,54
2019,A,0,PR,80
2019,A,0,RJ,195
2019,A,0,RN,39
2019,A,0,RO,28
2019,A,0,RR,4
2019,A,0,RS,98
2019,A,0,SC,44
2019,A,0,SE,35
2019,A,0,SP,281
2019,A,0,TO,26
2019,A,1,AC,195
2019,A,1,AL,420
2019,A,1,AM,478
2019,A,1,AP,209
2019,A,1,BA,1377
2019,A,1,CE,1545
2019,A,1,DF,495
2019,A,1,ES,483
2019,A,1,GO,859
2019,A,1,MA,1201
2019,A,1,MG,2196
2019,A,1,MS,538
2019,A,1,MT,500
2019,A,1,PA,1105
2019,A,1,PB,652
2019,A,1,PE,1446
2019,A,1,PI,391
2019,A,1,PR,1440
2019,A,1,RJ,2219
2019,A,1,RN,567
2019,A,1,RO,249
2019,A,1,RR,58
2019,A,1,RS,2136
2019,A,1,SC,853
2019,A,1,SE,219
2019,A,1,SP,5310
2019,A,1,TO,201
2019,A,2,AC,173
2019,A,2,AL,286
2019,A,2,AM,216
2019,A,2,AP,259
2019,A,2,BA,2980
2019,A,2,CE,933
2019,A,2,DF,304
2019,A,2,ES,245
2019,A,2,GO,392
2019,A,2,MA,1357
2019,A,2,MG,1123
2019,A,2,MS,116
2019,A,2,MT,254
2019,A,2,PA,1255
2019,A,2,PB,316
2019,A,2,PE,815
2019,A,2,PI,572
2019,A,2,PR,156
2019,A,2,RJ,1262
2019,A,2,RN,252
2019,A,2,RO,150
2019,A,2,RR,26
2019,A,2,RS,308
2019,A,2,SC,93
2019,A,2,SE,255
2019,A,2,SP,1514
2019,A,2,TO,209
2019,A,3,AC,836
2019,A,3,AL,1290
2019,A,3,AM,2859
2019,A,3,AP,980
2019,A,3,BA,4988
2019,A,3,CE,8975
2019,A,3,DF,900
2019,A,3,ES,712
2019,A,3,GO,1425
2019,A,3,MA,5670
2019,A,3,MG,3142
2019,A,3,MS,640
2019,A,3,MT,935
2019,A,3,PA,6602
2019,A,3,PB,1520
2019,A,3,PE,3343
2019,A,3,PI,1984
2019,A,3,PR,723
2019,A,3,RJ,2275
2019,A,3,RN,1017
2019,A,3,RO,754
2019,A,3,RR,231
2019,A,3,RS,489
2019,A,3,SC,306
2019,A,3,SE,834
2019,A,3,SP,3918
2019,A,3,TO,661
2019,A,4,AC,55
2019,A,4,AL,99
2019,A,4,AM,82
2019,A,4,AP,19
2019,A,4,BA,313
2019,A,4,CE,262
2019,A,4,DF,63
2019,A,4,ES,40
2019,A,4,GO,138
2019,A,4,MA,139
2019,A,4,MG,195
2019,A,4,MS,43
2019,A,4,MT,55
2019,A,4,PA,167
2019,A,4,PB,90
2019,A,4,PE,197
2019,A,4,PI,87
2019,A,4,PR,75
2019,A,4,RJ,132
2019,A,4,RN,66
2019,A,4,RO,46
2019,A,4,RR,11
2019,A,4,RS,29
2019,A,4,SC,15
2019,A,4,SE,49
2019,A,4,SP,374
2019,A,4,TO,43
2019,A,5,AC,19
2019,A,5,AL,18
2019,A,5,AM,584
2019,A,5,AP,32
2019,A,5,BA,130
2019,A,5,CE,104
2019,A,5,DF,18
2019,A,5,ES,10
2019,A,5,GO,41
2019,A,5,MA,64
2019,A,5,MG,62
2019,A,5,MS,132
2019,A,5,MT,48
2019,A,5,PA,96
2019,A,5,PB,63
2019,A,5,PE,184
2019,A,5,PI,14
2019,A,5,PR,29
2019,A,5,RJ,31
2019,A,5,RN,12
2019,A,5,RO,76
2019,A,5,RR,31
2019,A,5,RS,19
2019,A,5,SC,6
2019,A,5,SE,13
2019,A,5,SP,88
2019,A,5,TO,44
2019,B,0,AC,200
2019,B,0,AL,557
2019,B,0,AM,685
2019,B,0,AP,188
2019,B,0,BA,2458
2019,B,0,CE,2881
2019,B,0,DF,434
2019,B,0,ES,282
2019,B,0,GO,839
2019,B,0,MA,1178
2019,B,0,MG,1749
2019,B,0,MS,279
2019,B,0,MT,368
2019,B,0,PA,1351
2019,B,0,PB,678
2019,B,0,PE,1490
2019,B,0,PI,603
2019,B,0,PR,620
2019,B,0,RJ,1481
2019,B,0,RN,490
2019,B,0,RO,257
2019,B,0,RR,38
2019,B,0,RS,897
2019,B,0,SC,442
2019,B,0,SE,456
2019,B,0,SP,2020
2019,B,0,TO,194
2019,B,1,AC,1433
2019,B,1,AL,4273
2019,B,1,AM,3439
2019,B,1,AP,1659
2019,B,1,BA,12242
2019,B,1,CE,14009
2019,B,1,DF,3908
2019,B,1,ES,4625
2019,B,1,GO,7334
2019,B,1,MA,10196
2019,B,1,MG,25208
2019,B,1,MS,5148
2019,B,1,MT,4292
2019,B,1,PA,10220
2019,B,1,PB,8997
2019,B,1,PE,15002
2019,B,1,PI,4901
2019,B,1,PR,18279
2019,B,1,RJ,19965
2019,B,1,RN,8047
2019,B,1,RO,2943
2019,B,1,RR,352
2019,B,1,RS,27932
2019,B,1,SC,10933
2019,B,1,SE,2528
2019,B,1,SP,50920
2019,B,1,TO,1589
2019,B,2,AC,1434
2019,B,2,AL,2943
2019,B,2,AM,1740
2019,B,2,AP,1717
2019,B,2,BA,31986
2019,B,2,CE,7550
2019,B,2,DF,2812
2019,B,2,ES,2809
2019,B,2,GO,4087
2019,B,2,MA,10546
2019,B,2,MG,14087
2019,B,2,MS,1383
2019,B,2,MT,2775
2019,B,2,PA,11379
2019,B,2,PB,3909
2019,B,2,PE,7890
2019,B,2,PI,5698
2019,B,2,PR,2051
2019,B,2,RJ,13680
2019,B,2,RN,2855
2019,B,2,RO,1783
2019,B,2,RR,216
2019,B,2,RS,3548
2019,B,2,SC,1221
2019,B,2,SE,3444
2019,B,2,SP,15564
2019,B,2,TO,1887
2019,B,3,AC,8229
2019,B,3,AL,15100
2019,B,3,AM,25090
2019,B,3,AP,8945
2019,B,3,BA,53782
2019,B,3,CE,65109
2019,B,3,DF,8685
2019,B,3,ES,8204
2019,B,3,GO,15413
2019,B,3,MA,45780
2019,B,3,MG,39662
2019,B,3,MS,7100
2019,B,3,MT,9783
2019,B,3,PA,64676
2019,B,3,PB,22424
2019,B,3,PE,34905
2019,B,3,PI,22838
2019,B,3,PR,9645
2019,B,3,RJ,24927
2019,B,3,RN,13841
2019,B,3,RO,9145
2019,B,3,RR,2077
2019,B,3,RS,5640
2019,B,3,SC,3885
2019,B,3,SE,12944
2019,B,3,SP,40504
2019,B,3,TO,6526
2019,B,4,AC,372
2019,B,4,AL,956
2019,B,4,AM,538
2019,B,4,AP,163
2019,B,4,BA,2665
2019,B,4,CE,1753
2019,B,4,DF,511
2019,B,4,ES,325
2019,B,4,GO,1321
2019,B,4,MA,1178
2019,B,4,MG,2189
2019,B,4,MS,297
2019,B,4,MT,472
2019,B,4,PA,1645
2019,B,4,PB,1188
2019,B,4,PE,1786
2019,B,4,PI,1018
2019,B,4,PR,609
2019,B,4,RJ,1197
2019,B,4,RN,693
2019,B,4,RO,431
2019,B,4,RR,31
2019,B,4,RS,251
2019,B,4,SC,264
2019,B,4,SE,608
2019,B,4,SP,2470
2019,B,4,TO,362
2019,B,5,AC,137
2019,B,5,AL,280
2019,B,5,AM,1527
2019,B,5,AP,75
2019,B,5,BA,919
2019,B,5,CE,612
2019,B,5,DF,117
2019,B,5,ES,116
2019,B,5,GO,183
2019,B,5,MA,369
2019,B,5,MG,538
2019,B,5,MS,839
2019,B,5,MT,192
2019,B,5,PA,605
2019,B,5,PB,622
2019,B,5,PE,1301
2019,B,5,PI,178
2019,B,5,PR,133
2019,B,5,RJ,295
2019,B,5,RN,148
2019,B,5,RO,179
2019,B,5,RR,205
2019,B,5,RS,138
2019,B,5,SC,95
2019,B,5,SE,168
2019,B,5,SP,688
2019,B,5,TO,104
2019,C,0,AC,230
2019,C,0,AL,651
2019,C,0,AM,777
2019,C,0,AP,268
2019,C,0,BA,3007
2019,C,0,CE,2338
2019,C,0,DF,698
2019,C,0,ES,477
2019,C,0,GO,1473
2019,C,0,MA,1151
2019,C,0,MG,3143
2019,C,0,MS,403
2019,C,0,MT,532
2019,C,0,PA,1335
2019,C,0,PB,988
2019,C,0,PE,2187
2019,C,0,PI,709
2019,C,0,PR,1059
2019,C,0,RJ,2334
2019,C,0,RN,717
2019,C,0,RO,386
2019,C,0,RR,66
2019,C,0,RS,1394
2019,C,0,SC,646
2019,C,0,SE,544
2019,C,0,SP,3196
2019,C,0,TO,240
2019,C,1,AC,1972
2019,C,1,AL,6229
2019,C,1,AM,5326
2019,C,1,AP,2214
2019,C,1,BA,18192
2019,C,1,CE,18391
2019,C,1,DF,7147
2019,C,1,ES,9686
2019,C,1,GO,14996
2019,C,1,MA,12818
2019,C,1,MG,55477
2019,C,1,MS,8933
2019,C,1,MT,7256
2019,C,1,PA,13330
2019,C,1,PB,13977
2019,C,1,PE,24424
2019,C,1,PI,6730
2019,C,1,PR,37284
2019,C,1,RJ,37938
2019,C,1,RN,14210
2019,C,1,RO,4509
2019,C,1,RR,642
2019,C,1,RS,53771
2019,C,1,SC,21758
2019,C,1,SE,3861
2019,C,1,SP,108348
2019,C,1,TO,2514
2019,C,2,AC,1448
2019,C,2,AL,3710
2019,C,2,AM,2213
2019,C,2,AP,1958
2019,C,2,BA,40127
2019,C,2,CE,8519
2019,C,2,DF,4100
2019,C,2,ES,5057
2019,C,2,GO,6326
2019,C,2,MA,11142
2019,C,2,MG,24717
2019,C,2,MS,1931
2019,C,2,MT,3919
2019,C,2,PA,11773
2019,C,2,PB,5167
2019,C,2,PE,11781
2019,C,2,PI,6562
2019,C,2,PR,3309
2019,C,2,RJ,19616
2019,C,2,RN,4193
2019,C,2,RO,2320
2019,C,2,RR,316
2019,C,2,RS,5444
2019,C,2,SC,1628
2019,C,2,SE,4749
2019,C,2,SP,24185
2019,C,2,TO,2499
2019,C,3,AC,9378
2019,C,3,AL,19398
2019,C,3,AM,30194
2019,C,3,AP,9954
2019,C,3,BA,71033
2019,C,3,CE,64423
2019,C,3,DF,13540
2019,C,3,ES,15609
2019,C,3,GO,26583
2019,C,3,MA,47413
2019,C,3,MG,73493
2019,C,3,MS,10602
2019,C,3,MT,14835
2019,C,3,PA,65240
2019,C,3,PB,30772
2019,C,3,PE,50814
2019,C,3,PI,26310
2019,C,3,PR,17348
2019,C,3,RJ,38822
2019,C,3,RN,21672
2019,C,3,RO,12739
2019,C,3,RR,2874
2019,C,3,RS,9862
2019,C,3,SC,6178
2019,C,3,SE,18070
2019,C,3,SP,70688
2019,C,3,TO,9358
2019,C,4,AC,428
2019,C,4,AL,1295
2019,C,4,AM,732
2019,C,4,AP,212
2019,C,4,BA,3428
2019,C,4,CE,2254
2019,C,4,DF,763
2019,C,4,ES,578
2019,C,4,GO,2264
2019,C,4,MA,1311
2019,C,4,MG,3821
2019,C,4,MS,505
2019,C,4,MT,639
2019,C,4,PA,1943
2019,C,4,PB,1700
2019,C,4,PE,2827
2019,C,4,PI,1200
2019,C,4,PR,1163
2019,C,4,RJ,1741
2019,C,4,RN,960
2019,C,4,RO,582
2019,C,4,RR,41
2019,C,4,RS,351
2019,C,4,SC,378
2019,C,4,SE,838
2019,C,4,SP,4306
2019,C,4,TO,514
2019,C,5,AC,78
2019,C,5,AL,214
2019,C,5,AM,839
2019,C,5,AP,64
2019,C,5,BA,947
2019,C,5,CE,568
2019,C,5,DF,133
2019,C,5,ES,188
2019,C,5,GO,203
2019,C,5,MA,233
2019,C,5,MG,662
2019,C,5,MS,373
2019,C,5,MT,160
2019,C,5,PA,579
2019,C,5,PB,484
2019,C,5,PE,1162
2019,C,5,PI,224
2019,C,5,PR,117
2019,C,5,RJ,355
2019,C,5,RN,177
2019,C,5,RO,155
2019,C,5,RR,160
2019,C,5,RS,108
2019,C,5,SC,105
2019,C,5,SE,197
2019,C,5,SP,878
2019,C,5,TO,74
2019,D,0,AC,165
2019,D,0,AL,490
2019,D,0,AM,519
2019,D,0,AP,162
2019,D,0,BA,2283
2019,D,0,CE,1343
2019,D,0,DF,692
2019,D,0,ES,477
2019,D,0,GO,1578
2019,D,0,MA,683
2019,D,0,MG,3297
2019,D,0,MS,362
2019,D,0,MT,495
2019,D,0,PA,899
2019,D,0,PB,693
2019,D,0,PE,1564
2019,D,0,PI,439
2019,D,0,PR,1109
2019,D,0,RJ,2226
2019,D,0,RN,541
2019,D,0,RO,261
2019,D,0,RR,48
2019,D,0,RS,1359
2019,D,0,SC,765
2019,D,0,SE,419
2019,D,0,SP,3933
2019,D,0,TO,208
2019,D,1,AC,1424
2019,D,1,AL,4940
2019,D,1,AM,4312
2019,D,1,AP,1614
2019,D,1,BA,16432
2019,D,1,CE,14801
2019,D,1,DF,8856
2019,D,1,ES,11484
2019,D,1,GO,17494
2019,D,1,MA,9173
2019,D,1,MG,66720
2019,D,1,MS,8865
2019,D,1,MT,8178
2019,D,1,PA,10174
2019,D,1,PB,10339
2019,D,1,PE,21325
2019,D,1,PI,5225
2019,D,1,PR,45925
2019,D,1,RJ,45957
2019,D,1,RN,11702
2019,D,1,RO,3671
2019,D,1,RR,596
2019,D,1,RS,54466
2019,D,1,SC,29084
2019,D,1,SE,3398
2019,D,1,SP,155984
2019,D,1,TO,2435
2019,D,2,AC,844
2019,D,2,AL,2169
2019,D,2,AM,1364
2019,D,2,AP,1177
2019,D,2,BA,25549
2019,D,2,CE,4836
2019,D,2,DF,3674
2019,D,2,ES,4392
2019,D,2,GO,5351
2019,D,2,MA,6040
2019,D,2,MG,21733
2019,D,2,MS,1352
2019,D,2,MT,3061
2019,D,2,PA,6516
2019,D,2,PB,2988
2019,D,2,PE,7975
2019,D,2,PI,3813
2019,D,2,PR,3086
2019,D,2,RJ,16241
2019,D,2,RN,2901
2019,D,2,RO,1451
2019,D,2,RR,229
2019,D,2,RS,4103
2019,D,2,SC,1319
2019,D,2,SE,2820
2019,D,2,SP,24504
2019,D,2,TO,1704
2019,D,3,AC,5287
2019,D,3,AL,11535
2019,D,3,AM,18300
2019,D,3,AP,5662
2019,D,3,BA,48610
2019,D,3,CE,35674
2019,D,3,DF,12240
2019,D,3,ES,14820
2019,D,3,GO,24310
2019,D,3,MA,26831
2019,D,3,MG,70249
2019,D,3,MS,8010
2019,D,3,MT,12717
2019,D,3,PA,35909
2019,D,3,PB,18142
2019,D,3,PE,36139
2019,D,3,PI,16014
2019,D,3,PR,17094
2019,D,3,RJ,35102
2019,D,3,RN,15065
2019,D,3,RO,8201
2019,D,3,RR,2172
2019,D,3,RS,8260
2019,D,3,SC,5826
2019,D,3,SE,11137
2019,D,3,SP,76549
2019,D,3,TO,6958
2019,D,4,AC,270
2019,D,4,AL,740
2019,D,4,AM,533
2019,D,4,AP,164
2019,D,4,BA,2472
2019,D,4,CE,1472
2019,D,4,DF,696
2019,D,4,ES,526
2019,D,4,GO,2051
2019,D,4,MA,762
2019,D,4,MG,3505
2019,D,4,MS,440
2019,D,4,MT,606
2019,D,4,PA,1194
2019,D,4,PB,1052
2019,D,4,PE,1918
2019,D,4,PI,843
2019,D,4,PR,1420
2019,D,4,RJ,1484
2019,D,4,RN,646
2019,D,4,RO,375
2019,D,4,RR,40
2019,D,4,RS,277
2019,D,4,SC,297
2019,D,4,SE,557
2019,D,4,SP,5640
2019,D,4,TO,436
2019,D,5,AC,51
2019,D,5,AL,119
2019,D,5,AM,396
2019,D,5,AP,38
2019,D,5,BA,563
2019,D,5,CE,326
2019,D,5,DF,111
2019,D,5,ES,170
2019,D,5,GO,176
2019,D,5,MA,141
2019,D,5,MG,554
2019,D,5,MS,185
2019,D,5,MT,124
2019,D,5,PA,277
2019,D,5,PB,222
2019,D,5,PE,729
2019,D,5,PI,114
2019,D,5,PR,105
2019,D,5,RJ,306
2019,D,5,RN,94
2019,D,5,RO,79
2019,D,5,RR,98
2019,D,5,RS,86
2019,D,5,SC,86
2019,D,5,SE,97
2019,D,5,SP,912
2019,D,5,TO,58
2019,E,0,AC,81
2019,E,0,AL,302
2019,E,0,AM,370
2019,E,0,AP,105
2019,E,0,BA,1230
2019,E,0,CE,926
2019,E,0,DF,699
2019,E,0,ES,344
2019,E,0,GO,1140
2019,E,0,MA,337
2019,E,0,MG,2503
2019,E,0,MS,217
2019,E,0,MT,362
2019,E,0,PA,573
2019,E,0,PB,452
2019,E,0,PE,1180
2019,E,0,PI,311
2019,E,0,PR,828
2019,E,0,RJ,1567
2019,E,0,RN,336
2019,E,0,RO,159
2019,E,0,RR,40
2019,E,0,RS,734
2019,E,0,SC,462
2019,E,0,SE,276
2019,E,0,SP,3136
2019,E,0,TO,140
2019,E,1,AC,862
2019,E,1,AL,3923
2019,E,1,AM,3231
2019,E,1,AP,1127
2019,E,1,BA,10810
2019,E,1,CE,11458
2019,E,1,DF,10189
2019,E,1,ES,8502
2019,E,1,GO,14023
2019,E,1,MA,5983
2019,E,1,MG,52626
2019,E,1,MS,6023
2019,E,1,MT,5928
2019,E,1,PA,7439
2019,E,1,PB,7635
2019,E,1,PE,16203
2019,E,1,PI,4009
2019,E,1,PR,34054
2019,E,1,RJ,36135
2019,E,1,RN,8252
2019,E,1,RO,2346
2019,E,1,RR,543
2019,E,1,RS,30417
2019,E,1,SC,19468
2019,E,1,SE,2591
2019,E,1,SP,131809
2019,E,1,TO,1941
2019,E,2,AC,372
2019,E,2,AL,1111
2019,E,2,AM,731
2019,E,2,AP,587
2019,E,2,BA,11573
2019,E,2,CE,2547
2019,E,2,DF,2925
2019,E,2,ES,2634
2019,E,2,GO,3052
2019,E,2,MA,2828
2019,E,2,MG,13488
2019,E,2,MS,763
2019,E,2,MT,1770
2019,E,2,PA,3297
2019,E,2,PB,1521
2019,E,2,PE,4327
2019,E,2,PI,2008
2019,E,2,PR,1783
2019,E,2,RJ,9569
2019,E,2,RN,1421
2019,E,2,RO,753
2019,E,2,RR,161
2019,E,2,RS,2102
2019,E,2,SC,823
2019,E,2,SE,1426
2019,E,2,SP,17111
2019,E,2,TO,899
2019,E,3,AC,2481
2019,E,3,AL,6273
2019,E,3,AM,10439
2019,E,3,AP,2933
2019,E,3,BA,23713
2019,E,3,CE,19640
2019,E,3,DF,10366
2019,E,3,ES,9044
2019,E,3,GO,15469
2019,E,3,MA,12926
2019,E,3,MG,45914
2019,E,3,MS,4458
2019,E,3,MT,7409
2019,E,3,PA,19013
2019,E,3,PB,9821
2019,E,3,PE,20712
2019,E,3,PI,8962
2019,E,3,PR,10399
2019,E,3,RJ,21515
2019,E,3,RN,7992
2019,E,3,RO,4349
2019,E,3,RR,1561
2019,E,3,RS,4045
2019,E,3,SC,3476
2019,E,3,SE,5576
2019,E,3,SP,54489
2019,E,3,TO,4153
2019,E,4,AC,127
2019,E,4,AL,386
2019,E,4,AM,331
2019,E,4,AP,71
2019,E,4,BA,1075
2019,E,4,CE,839
2019,E,4,DF,635
2019,E,4,ES,295
2019,E,4,GO,1258
2019,E,4,MA,349
2019,E,4,MG,2078
2019,E,4,MS,348
2019,E,4,MT,344
2019,E,4,PA,670
2019,E,4,PB,574
2019,E,4,PE,1142
2019,E,4,PI,437
2019,E,4,PR,1322
2019,E,4,RJ,961
2019,E,4,RN,359
2019,E,4,RO,227
2019,E,4,RR,27
2019,E,4,RS,167
2019,E,4,SC,197
2019,E,4,SE,330
2019,E,4,SP,5991
2019,E,4,TO,250
2019,E,5,AC,23
2019,E,5,AL,53
2019,E,5,AM,197
2019,E,5,AP,21
2019,E,5,BA,236
2019,E,5,CE,166
2019,E,5,DF,79
2019,E,5,ES,113
2019,E,5,GO,93
2019,E,5,MA,52
2019,E,5,MG,323
2019,E,5,MS,71
2019,E,5,MT,62
2019,E,5,PA,159
2019,E,5,PB,112
2019,E,5,PE,312
2019,E,5,PI,64
2019,E,5,PR,61
2019,E,5,RJ,188
2019,E,5,RN,54
2019,E,5,RO,35
2019,E,5,RR,62
2019,E,5,RS,38
2019,E,5,SC,46
2019,E,5,SE,49
2019,E,5,SP,680
2019,E,5,TO,22
2020,A,0,AC,23
2020,A,0,AL,60
2020,A,0,AM,223
2020,A,0,AP,32
2020,A,0,BA,358
2020,A,0,CE,411
2020,A,0,DF,49
2020,A,0,ES,39
2020,A,0,GO,166
2020,A,0,MA,153
2020,A,0,MG,179
2020,A,0,MS,45
2020,A,0,MT,51
2020,A,0,PA,157
2020,A,0,PB,67
2020,A,0,PE,339
2020,A,0,PI,61
2020,A,0,PR,52
2020,A,0,RJ,204
2020,A,0,RN,41
2020,A,0,RO,27
2020,A,0,RR,9
2020,A,0,RS,84
2020,A,0,SC,42
2020,A,0,SE,90
2020,A,0,SP,284
2020,A,0,TO,19
2020,A,1,AC,203
2020,A,1,AL,470
2020,A,1,AM,651
2020,A,1,AP,206
2020,A,1,BA,1374
2020,A,1,CE,1295
2020,A,1,DF,509
2020,A,1,ES,398
2020,A,1,GO,980
2020,A,1,MA,1115
2020,A,1,MG,2038
2020,A,1,MS,563
2020,A,1,MT,518
2020,A,1,PA,1176
2020,A,1,PB,665
2020,A,1,PE,1625
2020,A,1,PI,361
2020,A,1,PR,1320
2020,A,1,RJ,2128
2020,A,1,RN,551
2020,A,1,RO,276
2020,A,1,RR,79
2020,A,1,RS,2291
2020,A,1,SC,794
2020,A,1,SE,250
2020,A,1,SP,4886
2020,A,1,TO,187
2020,A,2,AC,185
2020,A,2,AL,330
2020,A,2,AM,328
2020,A,2,AP,221
2020,A,2,BA,3474
2020,A,2,CE,713
2020,A,2,DF,398
2020,A,2,ES,288
2020,A,2,GO,568
2020,A,2,MA,1322
2020,A,2,MG,1142
2020,A,2,MS,172
2020,A,2,MT,320
2020,A,2,PA,1417
2020,A,2,PB,325
2020,A,2,PE,929
2020,A,2,PI,495
2020,A,2,PR,179
2020,A,2,RJ,1547
2020,A,2,RN,227
2020,A,2,RO,140
2020,A,2,RR,42
2020,A,2,RS,422
2020,A,2,SC,124
2020,A,2,SE,308
2020,A,2,SP,1628
2020,A,2,TO,306
2020,A,3,AC,920
2020,A,3,AL,1554
2020,A,3,AM,4511
2020,A,3,AP,928
2020,A,3,BA,5520
2020,A,3,CE,7551
2020,A,3,DF,1048
2020,A,3,ES,694
2020,A,3,GO,2047
2020,A,3,MA,5251
2020,A,3,MG,3073
2020,A,3,MS,826
2020,A,3,MT,1099
2020,A,3,PA,6645
2020,A,3,PB,1562
2020,A,3,PE,3729
2020,A,3,PI,1814
2020,A,3,PR,759
2020,A,3,RJ,2486
2020,A,3,RN,1079
2020,A,3,RO,813
2020,A,3,RR,329
2020,A,3,RS,626
2020,A,3,SC,377
2020,A,3,SE,1028
2020,A,3,SP,4042
2020,A,3,TO,835
2020,A,4,AC,53
2020,A,4,AL,128
2020,A,4,AM,105
2020,A,4,AP,33
2020,A,4,BA,349
2020,A,4,CE,188
2020,A,4,DF,87
2020,A,4,ES,39
2020,A,4,GO,184
2020,A,4,MA,157
2020,A,4,MG,189
2020,A,4,MS,47
2020,A,4,MT,49
2020,A,4,PA,195
2020,A,4,PB,125
2020,A,4,PE,244
2020,A,4,PI,87
2020,A,4,PR,74
2020,A,4,RJ,117
2020,A,4,RN,72
2020,A,4,RO,46
2020,A,4,RR,4
2020,A,4,RS,31
2020,A,4,SC,14
2020,A,4,SE,82
2020,A,4,SP,333
2020,A,4,TO,74
2020,A,5,AC,18
2020,A,5,AL,31
2020,A,5,AM,871
2020,A,5,AP,48
2020,A,5,BA,148
2020,A,5,CE,118
2020,A,5,DF,18
2020,A,5,ES,7
2020,A,5,GO,23
2020,A,5,MA,53
2020,A,5,MG,69
2020,A,5,MS,211
2020,A,5,MT,110
2020,A,5,PA,93
2020,A,5,PB,66
2020,A,5,PE,176
2020,A,5,PI,25
2020,A,5,PR,39
2020,A,5,RJ,41
2020,A,5,RN,12
2020,A,5,RO,73
2020,A,5,RR,58
2020,A,5,RS,15
2020,A,5,SC,18
2020,A,5,SE,16
2020,A,5,SP,97
2020,A,5,TO,118
2020,B,0,AC,215
2020,B,0,AL,721
2020,B,0,AM,937
2020,B,0,AP,253
2020,B,0,BA,3248
2020,B,0,CE,3093
2020,B,0,DF,590
2020,B,0,ES,301
2020,B,0,GO,1446
2020,B,0,MA,1226
2020,B,0,MG,2053
2020,B,0,MS,336
2020,B,0,MT,445
2020,B,0,PA,1629
2020,B,0,PB,812
2020,B,0,PE,2257
2020,B,0,PI,764
2020,B,0,PR,788
2020,B,0,RJ,1838
2020,B,0,RN,576
2020,B,0,RO,344
2020,B,0,RR,65
2020,B,0,RS,1114
2020,B,0,SC,497
2020,B,0,SE,626
2020,B,0,SP,2547
2020,B,0,TO,223
2020,B,1,AC,1556
2020,B,1,AL,5141
2020,B,1,AM,4882
2020,B,1,AP,1916
2020,B,1,BA,14452
2020,B,1,CE,15648
2020,B,1,DF,5087
2020,B,1,ES,5081
2020,B,1,GO,9696
2020,B,1,MA,10755
2020,B,1,MG,28759
2020,B,1,MS,6407
2020,B,1,MT,5185
2020,B,1,PA,12393
2020,B,1,PB,10486
2020,B,1,PE,18175
2020,B,1,PI,5261
2020,B,1,PR,21937
2020,B,1,RJ,24543
2020,B,1,RN,9421
2020,B,1,RO,3433
2020,B,1,RR,494
2020,B,1,RS,35447
2020,B,1,SC,12026
2020,B,1,SE,3094
2020,B,1,SP,60549
2020,B,1,TO,2058
2020,B,2,AC,1522
2020,B,2,AL,3525
2020,B,2,AM,2720
2020,B,2,AP,2041
2020,B,2,BA,39177
2020,B,2,CE,8134
2020,B,2,DF,4116
2020,B,2,ES,3623
2020,B,2,GO,6036
2020,B,2,MA,12208
2020,B,2,MG,17491
2020,B,2,MS,2030
2020,B,2,MT,3686
2020,B,2,PA,14704
2020,B,2,PB,4518
2020,B,2,PE,10167
2020,B,2,PI,6563
2020,B,2,PR,2991
2020,B,2,RJ,19105
2020,B,2,RN,3245
2020,B,2,RO,2247
2020,B,2,RR,322
2020,B,2,RS,5627
2020,B,2,SC,1911
2020,B,2,SE,4187
2020,B,2,SP,21304
2020,B,2,TO,2813
2020,B,3,AC,8711
2020,B,3,AL,17679
2020,B,3,AM,36842
2020,B,3,AP,10042
2020,B,3,BA,64540
2020,B,3,CE,73082
2020,B,3,DF,11940
2020,B,3,ES,9632
2020,B,3,GO,22815
2020,B,3,MA,50174
2020,B,3,MG,46739
2020,B,3,MS,9522
2020,B,3,MT,12668
2020,B,3,PA,77928
2020,B,3,PB,25590
2020,B,3,PE,42918
2020,B,3,PI,25500
2020,B,3,PR,13094
2020,B,3,RJ,33708
2020,B,3,RN,15699
2020,B,3,RO,11476
2020,B,3,RR,2774
2020,B,3,RS,8312
2020,B,3,SC,5947
2020,B,3,SE,15433
2020,B,3,SP,54576
2020,B,3,TO,8890
2020,B,4,AC,438
2020,B,4,AL,1155
2020,B,4,AM,751
2020,B,4,AP,236
2020,B,4,BA,3216
2020,B,4,CE,2049
2020,B,4,DF,710
2020,B,4,ES,329
2020,B,4,GO,1843
2020,B,4,MA,1293
2020,B,4,MG,2650
2020,B,4,MS,384
2020,B,4,MT,552
2020,B,4,PA,2062
2020,B,4,PB,1373
2020,B,4,PE,2296
2020,B,4,PI,1081
2020,B,4,PR,758
2020,B,4,RJ,1593
2020,B,4,RN,719
2020,B,4,RO,562
2020,B,4,RR,54
2020,B,4,RS,290
2020,B,4,SC,317
2020,B,4,SE,706
2020,B,4,SP,2923
2020,B,4,TO,560
2020,B,5,AC,159
2020,B,5,AL,333
2020,B,5,AM,2099
2020,B,5,AP,119
2020,B,5,BA,1189
2020,B,5,CE,738
2020,B,5,DF,141
2020,B,5,ES,123
2020,B,5,GO,258
2020,B,5,MA,303
2020,B,5,MG,614
2020,B,5,MS,1033
2020,B,5,MT,317
2020,B,5,PA,801
2020,B,5,PB,664
2020,B,5,PE,1475
2020,B,5,PI,207
2020,B,5,PR,200
2020,B,5,RJ,377
2020,B,5,RN,137
2020,B,5,RO,242
2020,B,5,RR,345
2020,B,5,RS,179
2020,B,5,SC,128
2020,B,5,SE,189
2020,B,5,SP,838
2020,B,5,TO,191
2020,C,0,AC,247
2020,C,0,AL,721
2020,C,0,AM,1051
2020,C,0,AP,247
2020,C,0,BA,3429
2020,C,0,CE,3103
2020,C,0,DF,721
2020,C,0,ES,503
2020,C,0,GO,1785
2020,C,0,MA,1175
2020,C,0,MG,3312
2020,C,0,MS,400
2020,C,0,MT,583
2020,C,0,PA,1678
2020,C,0,PB,1108
2020,C,0,PE,2685
2020,C,0,PI,787
2020,C,0,PR,1200
2020,C,0,RJ,2548
2020,C,0,RN,776
2020,C,0,RO,402
2020,C,0,RR,88
2020,C,0,RS,1519
2020,C,0,SC,644
2020,C,0,SE,722
2020,C,0,SP,3626
2020,C,0,TO,298
2020,C,1,AC,2112
2020,C,1,AL,7268
2020,C,1,AM,6968
2020,C,1,AP,2380
2020,C,1,BA,20816
2020,C,1,CE,21950
2020,C,1,DF,8609
2020,C,1,ES,9600
2020,C,1,GO,17644
2020,C,1,MA,13834
2020,C,1,MG,58431
2020,C,1,MS,10147
2020,C,1,MT,7961
2020,C,1,PA,16205
2020,C,1,PB,15492
2020,C,1,PE,28421
2020,C,1,PI,7477
2020,C,1,PR,40330
2020,C,1,RJ,41923
2020,C,1,RN,15683
2020,C,1,RO,5197
2020,C,1,RR,746
2020,C,1,RS,58976
2020,C,1,SC,22400
2020,C,1,SE,4488
2020,C,1,SP,117287
2020,C,1,TO,3078
2020,C,2,AC,1573
2020,C,2,AL,4173
2020,C,2,AM,3190
2020,C,2,AP,2150
2020,C,2,BA,44692
2020,C,2,CE,9290
2020,C,2,DF,5217
2020,C,2,ES,5668
2020,C,2,GO,8420
2020,C,2,MA,12133
2020,C,2,MG,28315
2020,C,2,MS,2400
2020,C,2,MT,4763
2020,C,2,PA,14466
2020,C,2,PB,5978
2020,C,2,PE,13421
2020,C,2,PI,7046
2020,C,2,PR,4211
2020,C,2,RJ,23981
2020,C,2,RN,4646
2020,C,2,RO,2693
2020,C,2,RR,417
2020,C,2,RS,7167
2020,C,2,SC,2255
2020,C,2,SE,5225
2020,C,2,SP,30113
2020,C,2,TO,3279
2020,C,3,AC,9723
2020,C,3,AL,21771
2020,C,3,AM,40159
2020,C,3,AP,10500
2020,C,3,BA,80139
2020,C,3,CE,75207
2020,C,3,DF,16274
2020,C,3,ES,15929
2020,C,3,GO,34692
2020,C,3,MA,52258
2020,C,3,MG,78946
2020,C,3,MS,12835
2020,C,3,MT,17039
2020,C,3,PA,76986
2020,C,3,PB,34143
2020,C,3,PE,58347
2020,C,3,PI,29090
2020,C,3,PR,20634
2020,C,3,RJ,45748
2020,C,3,RN,23614
2020,C,3,RO,15036
2020,C,3,RR,3718
2020,C,3,RS,12242
2020,C,3,SC,7927
2020,C,3,SE,19444
2020,C,3,SP,81814
2020,C,3,TO,11590
2020,C,4,AC,460
2020,C,4,AL,1417
2020,C,4,AM,923
2020,C,4,AP,268
2020,C,4,BA,3737
2020,C,4,CE,2369
2020,C,4,DF,937
2020,C,4,ES,589
2020,C,4,GO,2740
2020,C,4,MA,1374
2020,C,4,MG,4104
2020,C,4,MS,567
2020,C,4,MT,737
2020,C,4,PA,2169
2020,C,4,PB,1784
2020,C,4,PE,3092
2020,C,4,PI,1352
2020,C,4,PR,1248
2020,C,4,RJ,1964
2020,C,4,RN,1091
2020,C,4,RO,666
2020,C,4,RR,50
2020,C,4,RS,376
2020,C,4,SC,391
2020,C,4,SE,940
2020,C,4,SP,4303
2020,C,4,TO,665
2020,C,5,AC,95
2020,C,5,AL,262
2020,C,5,AM,1277
2020,C,5,AP,88
2020,C,5,BA,958
2020,C,5,CE,687
2020,C,5,DF,148
2020,C,5,ES,163
2020,C,5,GO,287
2020,C,5,MA,279
2020,C,5,MG,620
2020,C,5,MS,489
2020,C,5,MT,208
2020,C,5,PA,682
2020,C,5,PB,539
2020,C,5,PE,1311
2020,C,5,PI,191
2020,C,5,PR,170
2020,C,5,RJ,401
2020,C,5,RN,143
2020,C,5,RO,185
2020,C,5,RR,254
2020,C,5,RS,147
2020,C,5,SC,127
2020,C,5,SE,203
2020,C,5,SP,969
2020,C,5,TO,111
2020,D,0,AC,150
2020,D,0,AL,504
2020,D,0,AM,629
2020,D,0,AP,173
2020,D,0,BA,2556
2020,D,0,CE,1518
2020,D,0,DF,668
2020,D,0,ES,464
2020,D,0,GO,1685
2020,D,0,MA,706
2020,D,0,MG,3438
2020,D,0,MS,368
2020,D,0,MT,544
2020,D,0,PA,988
2020,D,0,PB,705
2020,D,0,PE,1828
2020,D,0,PI,533
2020,D,0,PR,1224
2020,D,0,RJ,2282
2020,D,0,RN,552
2020,D,0,RO,299
2020,D,0,RR,70
2020,D,0,RS,1238
2020,D,0,SC,654
2020,D,0,SE,552
2020,D,0,SP,3955
2020,D,0,TO,291
2020,D,1,AC,1451
2020,D,1,AL,5495
2020,D,1,AM,5433
2020,D,1,AP,1767
2020,D,1,BA,18206
2020,D,1,CE,16329
2020,D,1,DF,9904
2020,D,1,ES,11205
2020,D,1,GO,19162
2020,D,1,MA,9646
2020,D,1,MG,68200
2020,D,1,MS,9435
2020,D,1,MT,8114
2020,D,1,PA,11672
2020,D,1,PB,11258
2020,D,1,PE,23670
2020,D,1,PI,5774
2020,D,1,PR,46709
2020,D,1,RJ,46509
2020,D,1,RN,12449
2020,D,1,RO,4063
2020,D,1,RR,759
2020,D,1,RS,55965
2020,D,1,SC,28281
2020,D,1,SE,3842
2020,D,1,SP,155940
2020,D,1,TO,2878
2020,D,2,AC,903
2020,D,2,AL,2383
2020,D,2,AM,1856
2020,D,2,AP,1329
2020,D,2,BA,27952
2020,D,2,CE,5176
2020,D,2,DF,4378
2020,D,2,ES,4473
2020,D,2,GO,6601
2020,D,2,MA,6703
2020,D,2,MG,23327
2020,D,2,MS,1670
2020,D,2,MT,3533
2020,D,2,PA,8065
2020,D,2,PB,3267
2020,D,2,PE,9050
2020,D,2,PI,4259
2020,D,2,PR,3394
2020,D,2,RJ,17998
2020,D,2,RN,3045
2020,D,2,RO,1676
2020,D,2,RR,331
2020,D,2,RS,4794
2020,D,2,SC,1570
2020,D,2,SE,3048
2020,D,2,SP,27225
2020,D,2,TO,2251
2020,D,3,AC,5454
2020,D,3,AL,12530
2020,D,3,AM,23932
2020,D,3,AP,6088
2020,D,3,BA,52019
2020,D,3,CE,38740
2020,D,3,DF,14135
2020,D,3,ES,14275
2020,D,3,GO,28732
2020,D,3,MA,29760
2020,D,3,MG,71843
2020,D,3,MS,9056
2020,D,3,MT,13258
2020,D,3,PA,42189
2020,D,3,PB,19831
2020,D,3,PE,39385
2020,D,3,PI,17502
2020,D,3,PR,18827
2020,D,3,RJ,36918
2020,D,3,RN,15955
2020,D,3,RO,9558
2020,D,3,RR,2792
2020,D,3,RS,9104
2020,D,3,SC,6531
2020,D,3,SE,11708
2020,D,3,SP,79495
2020,D,3,TO,8576
2020,D,4,AC,287
2020,D,4,AL,879
2020,D,4,AM,628
2020,D,4,AP,139
2020,D,4,BA,2442
2020,D,4,CE,1437
2020,D,4,DF,827
2020,D,4,ES,470
2020,D,4,GO,2340
2020,D,4,MA,841
2020,D,4,MG,3448
2020,D,4,MS,443
2020,D,4,MT,626
2020,D,4,PA,1401
2020,D,4,PB,1112
2020,D,4,PE,2038
2020,D,4,PI,823
2020,D,4,PR,1349
2020,D,4,RJ,1480
2020,D,4,RN,650
2020,D,4,RO,484
2020,D,4,RR,52
2020,D,4,RS,298
2020,D,4,SC,331
2020,D,4,SE,565
2020,D,4,SP,5645
2020,D,4,TO,512
2020,D,5,AC,48
2020,D,5,AL,121
2020,D,5,AM,645
2020,D,5,AP,36
2020,D,5,BA,551
2020,D,5,CE,319
2020,D,5,DF,117
2020,D,5,ES,150
2020,D,5,GO,196
2020,D,5,MA,134
2020,D,5,MG,545
2020,D,5,MS,251
2020,D,5,MT,119
2020,D,5,PA,354
2020,D,5,PB,257
2020,D,5,PE,789
2020,D,5,PI,134
2020,D,5,PR,121
2020,D,5,RJ,268
2020,D,5,RN,108
2020,D,5,RO,97
2020,D,5,RR,139
2020,D,5,RS,92
2020,D,5,SC,69
2020,D,5,SE,101
2020,D,5,SP,909
2020,D,5,TO,70
2020,E,0,AC,102
2020,E,0,AL,296
2020,E,0,AM,438
2020,E,0,AP,127
2020,E,0,BA,1323
2020,E,0,CE,806
2020,E,0,DF,695
2020,E,0,ES,314
2020,E,0,GO,1127
2020,E,0,MA,371
2020,E,0,MG,2491
2020,E,0,MS,222
2020,E,0,MT,362
2020,E,0,PA,662
2020,E,0,PB,423
2020,E,0,PE,1047
2020,E,0,PI,321
2020,E,0,PR,855
2020,E,0,RJ,1553
2020,E,0,RN,317
2020,E,0,RO,170
2020,E,0,RR,59
2020,E,0,RS,701
2020,E,0,SC,464
2020,E,0,SE,247
2020,E,0,SP,3142
2020,E,0,TO,158
2020,E,1,AC,945
2020,E,1,AL,3963
2020,E,1,AM,4012
2020,E,1,AP,1239
2020,E,1,BA,11663
2020,E,1,CE,11688
2020,E,1,DF,11045
2020,E,1,ES,8627
2020,E,1,GO,15355
2020,E,1,MA,6381
2020,E,1,MG,54588
2020,E,1,MS,6525
2020,E,1,MT,6174
2020,E,1,PA,8142
2020,E,1,PB,7623
2020,E,1,PE,16701
2020,E,1,PI,4262
2020,E,1,PR,35819
2020,E,1,RJ,36535
2020,E,1,RN,8417
2020,E,1,RO,2501
2020,E,1,RR,657
2020,E,1,RS,31735
2020,E,1,SC,19323
2020,E,1,SE,2634
2020,E,1,SP,133891
2020,E,1,TO,2181
2020,E,2,AC,391
2020,E,2,AL,1086
2020,E,2,AM,1057
2020,E,2,AP,649
2020,E,2,BA,11640
2020,E,2,CE,2277
2020,E,2,DF,3171
2020,E,2,ES,2612
2020,E,2,GO,3634
2020,E,2,MA,3005
2020,E,2,MG,14108
2020,E,2,MS,830
2020,E,2,MT,1870
2020,E,2,PA,3831
2020,E,2,PB,1519
2020,E,2,PE,4431
2020,E,2,PI,1999
2020,E,2,PR,2157
2020,E,2,RJ,10355
2020,E,2,RN,1499
2020,E,2,RO,872
2020,E,2,RR,191
2020,E,2,RS,2367
2020,E,2,SC,907
2020,E,2,SE,1409
2020,E,2,SP,18538
2020,E,2,TO,1055
2020,E,3,AC,2590
2020,E,3,AL,6274
2020,E,3,AM,12744
2020,E,3,AP,3116
2020,E,3,BA,24239
2020,E,3,CE,17793
2020,E,3,DF,10950
2020,E,3,ES,8593
2020,E,3,GO,17389
2020,E,3,MA,13813
2020,E,3,MG,45529
2020,E,3,MS,4940
2020,E,3,MT,7589
2020,E,3,PA,20737
2020,E,3,PB,9546
2020,E,3,PE,20867
2020,E,3,PI,9038
2020,E,3,PR,11440
2020,E,3,RJ,21537
2020,E,3,RN,8025
2020,E,3,RO,4810
2020,E,3,RR,1796
2020,E,3,RS,4513
2020,E,3,SC,3854
2020,E,3,SE,5422
2020,E,3,SP,54504
2020,E,3,TO,4644
2020,E,4,AC,115
2020,E,4,AL,401
2020,E,4,AM,361
2020,E,4,AP,81
2020,E,4,BA,1114
2020,E,4,CE,731
2020,E,4,DF,612
2020,E,4,ES,244
2020,E,4,GO,1346
2020,E,4,MA,362
2020,E,4,MG,1977
2020,E,4,MS,340
2020,E,4,MT,370
2020,E,4,PA,691
2020,E,4,PB,541
2020,E,4,PE,1104
2020,E,4,PI,422
2020,E,4,PR,1268
2020,E,4,RJ,830
2020,E,4,RN,316
2020,E,4,RO,199
2020,E,4,RR,30
2020,E,4,RS,148
2020,E,4,SC,212
2020,E,4,SE,282
2020,E,4,SP,5989
2020,E,4,TO,286
2020,E,5,AC,22
2020,E,5,AL,46
2020,E,5,AM,307
2020,E,5,AP,30
2020,E,5,BA,215
2020,E,5,CE,130
2020,E,5,DF,69
2020,E,5,ES,96
2020,E,5,GO,147
2020,E,5,MA,49
2020,E,5,MG,305
2020,E,5,MS,130
2020,E,5,MT,61
2020,E,5,PA,189
2020,E,5,PB,107
2020,E,5,PE,355
2020,E,5,PI,58
2020,E,5,PR,64
2020,E,5,RJ,170
2020,E,5,RN,36
2020,E,5,RO,54
2020,E,5,RR,112
2020,E,5,RS,54
2020,E,5,SC,49
2020,E,5,SE,52
2020,E,5,SP,530
2020,E,5,TO,44
2021,A,0,AC,20
2021,A,0,AL,46
2021,A,0,AM,269
2021,A,0,AP,10
2021,A,0,BA,209
2021,A,0,CE,427
2021,A,0,DF,45
2021,A,0,ES,13
2021,A,0,GO,197
2021,A,0,MA,94
2021,A,0,MG,106
2021,A,0,MS,27
2021,A,0,MT,31
2021,A,0,PA,102
2021,A,0,PB,47
2021,A,0,PE,241
2021,A,0,PI,39
2021,A,0,PR,41
2021,A,0,RJ,126
2021,A,0,RN,26
2021,A,0,RO,21
2021,A,0,RR,4
2021,A,0,RS,54
2021,A,0,SC,27
2021,A,0,SE,27
2021,A,0,SP,137
2021,A,0,TO,12
2021,A,1,AC,114
2021,A,1,AL,359
2021,A,1,AM,428
2021,A,1,AP,125
2021,A,1,BA,956
2021,A,1,CE,947
2021,A,1,DF,351
2021,A,1,ES,314
2021,A,1,GO,856
2021,A,1,MA,627
2021,A,1,MG,1336
2021,A,1,MS,359
2021,A,1,MT,366
2021,A,1,PA,820
2021,A,1,PB,491
2021,A,1,PE,1123
2021,A,1,PI,278
2021,A,1,PR,958
2021,A,1,RJ,1559
2021,A,1,RN,403
2021,A,1,RO,153
2021,A,1,RR,42
2021,A,1,RS,1446
2021,A,1,SC,602
2021,A,1,SE,246
2021,A,1,SP,2967
2021,A,1,TO,160
2021,A,2,AC,101
2021,A,2,AL,185
2021,A,2,AM,193
2021,A,2,AP,96
2021,A,2,BA,1772
2021,A,2,CE,368
2021,A,2,DF,202
2021,A,2,ES,160
2021,A,2,GO,370
2021,A,2,MA,504
2021,A,2,MG,551
2021,A,2,MS,75
2021,A,2,MT,146
2021,A,2,PA,692
2021,A,2,PB,182
2021,A,2,PE,592
2021,A,2,PI,219
2021,A,2,PR,105
2021,A,2,RJ,858
2021,A,2,RN,139
2021,A,2,RO,67
2021,A,2,RR,18
2021,A,2,RS,242
2021,A,2,SC,69
2021,A,2,SE,186
2021,A,2,SP,734
2021,A,2,TO,115
2021,A,3,AC,408
2021,A,3,AL,756
2021,A,3,AM,2877
2021,A,3,AP,367
2021,A,3,BA,2817
2021,A,3,CE,4830
2021,A,3,DF,522
2021,A,3,ES,345
2021,A,3,GO,1408
2021,A,3,MA,2364
2021,A,3,MG,1501
2021,A,3,MS,387
2021,A,3,MT,588
2021,A,3,PA,3354
2021,A,3,PB,884
2021,A,3,PE,2184
2021,A,3,PI,811
2021,A,3,PR,448
2021,A,3,RJ,1462
2021,A,3,RN,584
2021,A,3,RO,388
2021,A,3,RR,132
2021,A,3,RS,348
2021,A,3,SC,239
2021,A,3,SE,587
2021,A,3,SP,1760
2021,A,3,TO,401
2021,A,4,AC,32
2021,A,4,AL,67
2021,A,4,AM,51
2021,A,4,AP,13
2021,A,4,BA,196
2021,A,4,CE,114
2021,A,4,DF,32
2021,A,4,ES,13
2021,A,4,GO,135
2021,A,4,MA,66
2021,A,4,MG,109
2021,A,4,MS,26
2021,A,4,MT,37
2021,A,4,PA,119
2021,A,4,PB,62
2021,A,4,PE,109
2021,A,4,PI,45
2021,A,4,PR,54
2021,A,4,RJ,80
2021,A,4,RN,29
2021,A,4,RO,17
2021,A,4,RR,10
2021,A,4,RS,14
2021,A,4,SC,14
2021,A,4,SE,38
2021,A,4,SP,192
2021,A,4,TO,34
2021,A,5,AC,16
2021,A,5,AL,17
2021,A,5,AM,594
2021,A,5,AP,24
2021,A,5,BA,60
2021,A,5,CE,108
2021,A,5,DF,6
2021,A,5,ES,5
2021,A,5,GO,22
2021,A,5,MA,27
2021,A,5,MG,27
2021,A,5,MS,79
2021,A,5,MT,31
2021,A,5,PA,38
2021,A,5,PB,36
2021,A,5,PE,105
2021,A,5,PI,8
2021,A,5,PR,24
2021,A,5,RJ,24
2021,A,5,RN,4
2021,A,5,RO,60
2021,A,5,RR,25
2021,A,5,RS,8
2021,A,5,SC,5
2021,A,5,SE,6
2021,A,5,SP,38
2021,A,5,TO,30
2021,B,0,AC,94
2021,B,0,AL,270
2021,B,0,AM,608
2021,B,0,AP,79
2021,B,0,BA,1426
2021,B,0,CE,2398
2021,B,0,DF,257
2021,B,0,ES,131
2021,B,0,GO,1087
2021,B,0,MA,635
2021,B,0,MG,896
2021,B,0,MS,136
2021,B,0,MT,186
2021,B,0,PA,887
2021,B,0,PB,452
2021,B,0,PE,1319
2021,B,0,PI,374
2021,B,0,PR,386
2021,B,0,RJ,867
2021,B,0,RN,291
2021,B,0,RO,134
2021,B,0,RR,24
2021,B,0,RS,498
2021,B,0,SC,225
2021,B,0,SE,299
2021,B,0,SP,1046
2021,B,0,TO,99
2021,B,1,AC,685
2021,B,1,AL,2435
2021,B,1,AM,2310
2021,B,1,AP,733
2021,B,1,BA,7687
2021,B,1,CE,9639
2021,B,1,DF,2460
2021,B,1,ES,2513
2021,B,1,GO,5258
2021,B,1,MA,4947
2021,B,1,MG,13149
2021,B,1,MS,2455
2021,B,1,MT,2318
2021,B,1,PA,6590
2021,B,1,PB,5833
2021,B,1,PE,9633
2021,B,1,PI,2695
2021,B,1,PR,9319
2021,B,1,RJ,12658
2021,B,1,RN,4746
2021,B,1,RO,1296
2021,B,1,RR,212
2021,B,1,RS,15747
2021,B,1,SC,5843
2021,B,1,SE,1853
2021,B,1,SP,25770
2021,B,1,TO,903
2021,B,2,AC,554
2021,B,2,AL,1531
2021,B,2,AM,1187
2021,B,2,AP,664
2021,B,2,BA,17714
2021,B,2,CE,3978
2021,B,2,DF,1664
2021,B,2,ES,1586
2021,B,2,GO,2730
2021,B,2,MA,4891
2021,B,2,MG,6866
2021,B,2,MS,636
2021,B,2,MT,1454
2021,B,2,PA,6876
2021,B,2,PB,2291
2021,B,2,PE,4876
2021,B,2,PI,2819
2021,B,2,PR,1190
2021,B,2,RJ,8850
2021,B,2,RN,1556
2021,B,2,RO,770
2021,B,2,RR,118
2021,B,2,RS,2294
2021,B,2,SC,808
2021,B,2,SE,2028
2021,B,2,SP,8219
2021,B,2,TO,1012
2021,B,3,AC,3233
2021,B,3,AL,7067
2021,B,3,AM,17332
2021,B,3,AP,3332
2021,B,3,BA,27965
2021,B,3,CE,44072
2021,B,3,DF,4682
2021,B,3,ES,3858
2021,B,3,GO,10609
2021,B,3,MA,20483
2021,B,3,MG,17665
2021,B,3,MS,3056
2021,B,3,MT,4707
2021,B,3,PA,34405
2021,B,3,PB,12450
2021,B,3,PE,20242
2021,B,3,PI,11043
2021,B,3,PR,5019
2021,B,3,RJ,14319
2021,B,3,RN,7416
2021,B,3,RO,3566
2021,B,3,RR,913
2021,B,3,RS,3465
2021,B,3,SC,2470
2021,B,3,SE,7066
2021,B,3,SP,19417
2021,B,3,TO,3314
2021,B,4,AC,147
2021,B,4,AL,427
2021,B,4,AM,360
2021,B,4,AP,80
2021,B,4,BA,1352
2021,B,4,CE,923
2021,B,4,DF,288
2021,B,4,ES,142
2021,B,4,GO,783
2021,B,4,MA,510
2021,B,4,MG,961
2021,B,4,MS,161
2021,B,4,MT,228
2021,B,4,PA,931
2021,B,4,PB,624
2021,B,4,PE,977
2021,B,4,PI,477
2021,B,4,PR,333
2021,B,4,RJ,631
2021,B,4,RN,355
2021,B,4,RO,155
2021,B,4,RR,21
2021,B,4,RS,124
2021,B,4,SC,142
2021,B,4,SE,328
2021,B,4,SP,1148
2021,B,4,TO,201
2021,B,5,AC,44
2021,B,5,AL,122
2021,B,5,AM,1230
2021,B,5,AP,55
2021,B,5,BA,490
2021,B,5,CE,349
2021,B,5,DF,51
2021,B,5,ES,56
2021,B,5,GO,108
2021,B,5,MA,157
2021,B,5,MG,179
2021,B,5,MS,428
2021,B,5,MT,127
2021,B,5,PA,290
2021,B,5,PB,366
2021,B,5,PE,767
2021,B,5,PI,82
2021,B,5,PR,76
2021,B,5,RJ,160
2021,B,5,RN,80
2021,B,5,RO,115
2021,B,5,RR,112
2021,B,5,RS,67
2021,B,5,SC,53
2021,B,5,SE,77
2021,B,5,SP,319
2021,B,5,TO,79
2021,B,6,RN,1
2021,C,0,AC,127
2021,C,0,AL,398
2021,C,0,AM,585
2021,C,0,AP,103
2021,C,0,BA,1972
2021,C,0,CE,1673
2021,C,0,DF,392
2021,C,0,ES,267
2021,C,0,GO,1495
2021,C,0,MA,778
2021,C,0,MG,1778
2021,C,0,MS,201
2021,C,0,MT,302
2021,C,0,PA,1052
2021,C,0,PB,630
2021,C,0,PE,1665
2021,C,0,PI,518
2021,C,0,PR,640
2021,C,0,RJ,1340
2021,C,0,RN,434
2021,C,0,RO,192
2021,C,0,RR,42
2021,C,0,RS,764
2021,C,0,SC,380
2021,C,0,SE,382
2021,C,0,SP,1578
2021,C,0,TO,159
2021,C,1,AC,1171
2021,C,1,AL,4385
2021,C,1,AM,3878
2021,C,1,AP,1257
2021,C,1,BA,14473
2021,C,1,CE,16031
2021,C,1,DF,5230
2021,C,1,ES,6069
2021,C,1,GO,11247
2021,C,1,MA,7764
2021,C,1,MG,33566
2021,C,1,MS,4927
2021,C,1,MT,4432
2021,C,1,PA,10121
2021,C,1,PB,10622
2021,C,1,PE,18320
2021,C,1,PI,4737
2021,C,1,PR,22093
2021,C,1,RJ,26568
2021,C,1,RN,9709
2021,C,1,RO,2599
2021,C,1,RR,422
2021,C,1,RS,33256
2021,C,1,SC,13653
2021,C,1,SE,3376
2021,C,1,SP,63017
2021,C,1,TO,1712
2021,C,2,AC,719
2021,C,2,AL,2073
2021,C,2,AM,1470
2021,C,2,AP,977
2021,C,2,BA,24840
2021,C,2,CE,5217
2021,C,2,DF,2473
2021,C,2,ES,2819
2021,C,2,GO,4310
2021,C,2,MA,5891
2021,C,2,MG,12799
2021,C,2,MS,925
2021,C,2,MT,2193
2021,C,2,PA,7797
2021,C,2,PB,3310
2021,C,2,PE,7710
2021,C,2,PI,3760
2021,C,2,PR,2112
2021,C,2,RJ,12614
2021,C,2,RN,2599
2021,C,2,RO,1201
2021,C,2,RR,176
2021,C,2,RS,3526
2021,C,2,SC,1184
2021,C,2,SE,2882
2021,C,2,SP,13360
2021,C,2,TO,1441
2021,C,3,AC,4151
2021,C,3,AL,10543
2021,C,3,AM,19577
2021,C,3,AP,4375
2021,C,3,BA,41953
2021,C,3,CE,47807
2021,C,3,DF,7516
2021,C,3,ES,7771
2021,C,3,GO,17951
2021,C,3,MA,25891
2021,C,3,MG,35804
2021,C,3,MS,5103
2021,C,3,MT,7764
2021,C,3,PA,39323
2021,C,3,PB,18761
2021,C,3,PE,31736
2021,C,3,PI,16033
2021,C,3,PR,9217
2021,C,3,RJ,22867
2021,C,3,RN,12744
2021,C,3,RO,6031
2021,C,3,RR,1410
2021,C,3,RS,5946
2021,C,3,SC,3877
2021,C,3,SE,10551
2021,C,3,SP,34674
2021,C,3,TO,5104
2021,C,4,AC,202
2021,C,4,AL,636
2021,C,4,AM,485
2021,C,4,AP,105
2021,C,4,BA,2019
2021,C,4,CE,1192
2021,C,4,DF,388
2021,C,4,ES,254
2021,C,4,GO,1371
2021,C,4,MA,651
2021,C,4,MG,1727
2021,C,4,MS,270
2021,C,4,MT,340
2021,C,4,PA,1195
2021,C,4,PB,998
2021,C,4,PE,1496
2021,C,4,PI,670
2021,C,4,PR,681
2021,C,4,RJ,898
2021,C,4,RN,539
2021,C,4,RO,272
2021,C,4,RR,23
2021,C,4,RS,178
2021,C,4,SC,190
2021,C,4,SE,500
2021,C,4,SP,2208
2021,C,4,TO,307
2021,C,5,AC,41
2021,C,5,AL,131
2021,C,5,AM,867
2021,C,5,AP,34
2021,C,5,BA,518
2021,C,5,CE,284
2021,C,5,DF,61
2021,C,5,ES,84
2021,C,5,GO,123
2021,C,5,MA,141
2021,C,5,MG,242
2021,C,5,MS,218
2021,C,5,MT,90
2021,C,5,PA,292
2021,C,5,PB,304
2021,C,5,PE,817
2021,C,5,PI,101
2021,C,5,PR,55
2021,C,5,RJ,159
2021,C,5,RN,97
2021,C,5,RO,83
2021,C,5,RR,103
2021,C,5,RS,64
2021,C,5,SC,63
2021,C,5,SE,89
2021,C,5,SP,350
2021,C,5,TO,46
2021,C,6,ES,1
2021,D,0,AC,115
2021,D,0,AL,338
2021,D,0,AM,470
2021,D,0,AP,81
2021,D,0,BA,1706
2021,D,0,CE,968
2021,D,0,DF,512
2021,D,0,ES,314
2021,D,0,GO,1466
2021,D,0,MA,578
2021,D,0,MG,2120
2021,D,0,MS,220
2021,D,0,MT,405
2021,D,0,PA,799
2021,D,0,PB,522
2021,D,0,PE,1326
2021,D,0,PI,408
2021,D,0,PR,846
2021,D,0,RJ,1569
2021,D,0,RN,368
2021,D,0,RO,210
2021,D,0,RR,52
2021,D,0,RS,787
2021,D,0,SC,456
2021,D,0,SE,344
2021,D,0,SP,2222
2021,D,0,TO,179
2021,D,1,AC,1198
2021,D,1,AL,4550
2021,D,1,AM,4140
2021,D,1,AP,1234
2021,D,1,BA,16196
2021,D,1,CE,15172
2021,D,1,DF,7801
2021,D,1,ES,8908
2021,D,1,GO,15586
2021,D,1,MA,7358
2021,D,1,MG,50666
2021,D,1,MS,6535
2021,D,1,MT,6375
2021,D,1,PA,9501
2021,D,1,PB,9516
2021,D,1,PE,18371
2021,D,1,PI,4960
2021,D,1,PR,34546
2021,D,1,RJ,37457
2021,D,1,RN,9930
2021,D,1,RO,2898
2021,D,1,RR,553
2021,D,1,RS,41044
2021,D,1,SC,23139
2021,D,1,SE,3713
2021,D,1,SP,108900
2021,D,1,TO,2165
2021,D,2,AC,557
2021,D,2,AL,1622
2021,D,2,AM,1178
2021,D,2,AP,686
2021,D,2,BA,18945
2021,D,2,CE,3477
2021,D,2,DF,2575
2021,D,2,ES,2798
2021,D,2,GO,4277
2021,D,2,MA,4137
2021,D,2,MG,12979
2021,D,2,MS,852
2021,D,2,MT,2057
2021,D,2,PA,5287
2021,D,2,PB,2320
2021,D,2,PE,5956
2021,D,2,PI,2891
2021,D,2,PR,2147
2021,D,2,RJ,11722
2021,D,2,RN,2041
2021,D,2,RO,949
2021,D,2,RR,182
2021,D,2,RS,2834
2021,D,2,SC,1055
2021,D,2,SE,2133
2021,D,2,SP,14992
2021,D,2,TO,1247
2021,D,3,AC,3141
2021,D,3,AL,7877
2021,D,3,AM,14030
2021,D,3,AP,3286
2021,D,3,BA,35499
2021,D,3,CE,28935
2021,D,3,DF,8237
2021,D,3,ES,8976
2021,D,3,GO,18940
2021,D,3,MA,19070
2021,D,3,MG,40597
2021,D,3,MS,4997
2021,D,3,MT,8152
2021,D,3,PA,26464
2021,D,3,PB,13268
2021,D,3,PE,25853
2021,D,3,PI,11957
2021,D,3,PR,10975
2021,D,3,RJ,22795
2021,D,3,RN,10777
2021,D,3,RO,4936
2021,D,3,RR,1382
2021,D,3,RS,5541
2021,D,3,SC,4150
2021,D,3,SE,7833
2021,D,3,SP,43015
2021,D,3,TO,5030
2021,D,4,AC,149
2021,D,4,AL,435
2021,D,4,AM,355
2021,D,4,AP,76
2021,D,4,BA,1571
2021,D,4,CE,778
2021,D,4,DF,406
2021,D,4,ES,244
2021,D,4,GO,1365
2021,D,4,MA,492
2021,D,4,MG,1768
2021,D,4,MS,273
2021,D,4,MT,399
2021,D,4,PA,864
2021,D,4,PB,647
2021,D,4,PE,1175
2021,D,4,PI,550
2021,D,4,PR,978
2021,D,4,RJ,853
2021,D,4,RN,429
2021,D,4,RO,258
2021,D,4,RR,25
2021,D,4,RS,154
2021,D,4,SC,201
2021,D,4,SE,359
2021,D,4,SP,3699
2021,D,4,TO,296
2021,D,5,AC,40
2021,D,5,AL,72
2021,D,5,AM,441
2021,D,5,AP,27
2021,D,5,BA,358
2021,D,5,CE,159
2021,D,5,DF,43
2021,D,5,ES,83
2021,D,5,GO,136
2021,D,5,MA,87
2021,D,5,MG,230
2021,D,5,MS,133
2021,D,5,MT,59
2021,D,5,PA,235
2021,D,5,PB,174
2021,D,5,PE,572
2021,D,5,PI,64
2021,D,5,PR,55
2021,D,5,RJ,150
2021,D,5,RN,52
2021,D,5,RO,51
2021,D,5,RR,73
2021,D,5,RS,62
2021,D,5,SC,52
2021,D,5,SE,59
2021,D,5,SP,359
2021,D,5,TO,47
2021,D,6,ES,1
2021,D,6,MG,1
2021,D,6,MT,1
2021,E,0,AC,73
2021,E,0,AL,242
2021,E,0,AM,331
2021,E,0,AP,103
2021,E,0,BA,1031
2021,E,0,CE,612
2021,E,0,DF,512
2021,E,0,ES,255
2021,E,0,GO,1070
2021,E,0,MA,379
2021,E,0,MG,1755
2021,E,0,MS,176
2021,E,0,MT,289
2021,E,0,PA,578
2021,E,0,PB,352
2021,E,0,PE,856
2021,E,0,PI,298
2021,E,0,PR,670
2021,E,0,RJ,1202
2021,E,0,RN,255
2021,E,0,RO,141
2021,E,0,RR,50
2021,E,0,RS,530
2021,E,0,SC,348
2021,E,0,SE,210
2021,E,0,SP,1968
2021,E,0,TO,133
2021,E,1,AC,927
2021,E,1,AL,3971
2021,E,1,AM,3620
2021,E,1,AP,1128
2021,E,1,BA,12424
2021,E,1,CE,12219
2021,E,1,DF,10255
2021,E,1,ES,7738
2021,E,1,GO,15409
2021,E,1,MA,5965
2021,E,1,MG,47030
2021,E,1,MS,5618
2021,E,1,MT,5634
2021,E,1,PA,8083
2021,E,1,PB,7534
2021,E,1,PE,15203
2021,E,1,PI,4347
2021,E,1,PR,30586
2021,E,1,RJ,32758
2021,E,1,RN,7616
2021,E,1,RO,2168
2021,E,1,RR,562
2021,E,1,RS,26797
2021,E,1,SC,17706
2021,E,1,SE,2908
2021,E,1,SP,106699
2021,E,1,TO,2231
2021,E,2,AC,283
2021,E,2,AL,870
2021,E,2,AM,808
2021,E,2,AP,485
2021,E,2,BA,9324
2021,E,2,CE,1934
2021,E,2,DF,2212
2021,E,2,ES,1871
2021,E,2,GO,3181
2021,E,2,MA,2252
2021,E,2,MG,9328
2021,E,2,MS,554
2021,E,2,MT,1364
2021,E,2,PA,3016
2021,E,2,PB,1246
2021,E,2,PE,3563
2021,E,2,PI,1714
2021,E,2,PR,1503
2021,E,2,RJ,7552
2021,E,2,RN,1097
2021,E,2,RO,568
2021,E,2,RR,158
2021,E,2,RS,1537
2021,E,2,SC,719
2021,E,2,SE,1198
2021,E,2,SP,11837
2021,E,2,TO,751
2021,E,3,AC,1882
2021,E,3,AL,4868
2021,E,3,AM,9553
2021,E,3,AP,2150
2021,E,3,BA,19643
2021,E,3,CE,15337
2021,E,3,DF,7855
2021,E,3,ES,6346
2021,E,3,GO,14277
2021,E,3,MA,10851
2021,E,3,MG,30727
2021,E,3,MS,3303
2021,E,3,MT,5674
2021,E,3,PA,15619
2021,E,3,PB,7662
2021,E,3,PE,15889
2021,E,3,PI,7719
2021,E,3,PR,8009
2021,E,3,RJ,15559
2021,E,3,RN,6220
2021,E,3,RO,3323
2021,E,3,RR,1136
2021,E,3,RS,3030
2021,E,3,SC,2912
2021,E,3,SE,4267
2021,E,3,SP,34095
2021,E,3,TO,3436
2021,E,4,AC,98
2021,E,4,AL,250
2021,E,4,AM,293
2021,E,4,AP,73
2021,E,4,BA,895
2021,E,4,CE,479
2021,E,4,DF,425
2021,E,4,ES,182
2021,E,4,GO,1051
2021,E,4,MA,269
2021,E,4,MG,1200
2021,E,4,MS,285
2021,E,4,MT,288
2021,E,4,PA,523
2021,E,4,PB,326
2021,E,4,PE,639
2021,E,4,PI,304
2021,E,4,PR,1181
2021,E,4,RJ,594
2021,E,4,RN,249
2021,E,4,RO,152
2021,E,4,RR,19
2021,E,4,RS,102
2021,E,4,SC,152
2021,E,4,SE,214
2021,E,4,SP,4933
2021,E,4,TO,203
2021,E,5,AC,14
2021,E,5,AL,41
2021,E,5,AM,258
2021,E,5,AP,16
2021,E,5,BA,183
2021,E,5,CE,90
2021,E,5,DF,48
2021,E,5,ES,64
2021,E,5,GO,97
2021,E,5,MA,46
2021,E,5,MG,166
2021,E,5,MS,75
2021,E,5,MT,48
2021,E,5,PA,125
2021,E,5,PB,92
2021,E,5,PE,301
2021,E,5,PI,48
2021,E,5,PR,35
2021,E,5,RJ,96
2021,E,5,RN,33
2021,E,5,RO,27
2021,E,5,RR,57
2021,E,5,RS,25
2021,E,5,SC,31
2021,E,5,SE,37
2021,E,5,SP,300
2021,E,5,TO,26
2022,A,0,AC,18
2022,A,0,AL,46
2022,A,0,AM,85
2022,A,0,AP,19
2022,A,0,BA,177
2022,A,0,CE,388
2022,A,0,DF,46
2022,A,0,ES,25
2022,A,0,GO,144
2022,A,0,MA,114
2022,A,0,MG,125
2022,A,0,MS,18
2022,A,0,MT,32
2022,A,0,PA,145
2022,A,0,PB,45
2022,A,0,PE,105
2022,A,0,PI,38
2022,A,0,PR,59
2022,A,0,RJ,137
2022,A,0,RN,34
2022,A,0,RO,17
2022,A,0,RR,2
2022,A,0,RS,68
2022,A,0,SC,28
2022,A,0,SE,35
2022,A,0,SP,166
2022,A,0,TO,13
2022,A,1,AC,159
2022,A,1,AL,411
2022,A,1,AM,529
2022,A,1,AP,153
2022,A,1,BA,1216
2022,A,1,CE,1159
2022,A,1,DF,473
2022,A,1,ES,364
2022,A,1,GO,1196
2022,A,1,MA,787
2022,A,1,MG,1754
2022,A,1,MS,474
2022,A,1,MT,528
2022,A,1,PA,1165
2022,A,1,PB,605
2022,A,1,PE,1262
2022,A,1,PI,315
2022,A,1,PR,1345
2022,A,1,RJ,2299
2022,A,1,RN,523
2022,A,1,RO,210
2022,A,1,RR,64
2022,A,1,RS,1996
2022,A,1,SC,807
2022,A,1,SE,316
2022,A,1,SP,4281
2022,A,1,TO,184
2022,A,2,AC,97
2022,A,2,AL,234
2022,A,2,AM,191
2022,A,2,AP,103
2022,A,2,BA,1992
2022,A,2,CE,454
2022,A,2,DF,223
2022,A,2,ES,162
2022,A,2,GO,496
2022,A,2,MA,610
2022,A,2,MG,622
2022,A,2,MS,88
2022,A,2,MT,229
2022,A,2,PA,859
2022,A,2,PB,228
2022,A,2,PE,591
2022,A,2,PI,244
2022,A,2,PR,126
2022,A,2,RJ,1201
2022,A,2,RN,211
2022,A,2,RO,83
2022,A,2,RR,27
2022,A,2,RS,318
2022,A,2,SC,86
2022,A,2,SE,221
2022,A,2,SP,983
2022,A,2,TO,120
2022,A,3,AC,517
2022,A,3,AL,1060
2022,A,3,AM,2490
2022,A,3,AP,459
2022,A,3,BA,3214
2022,A,3,CE,5134
2022,A,3,DF,678
2022,A,3,ES,426
2022,A,3,GO,1809
2022,A,3,MA,2713
2022,A,3,MG,1693
2022,A,3,MS,449
2022,A,3,MT,816
2022,A,3,PA,4328
2022,A,3,PB,1072
2022,A,3,PE,2269
2022,A,3,PI,977
2022,A,3,PR,600
2022,A,3,RJ,1980
2022,A,3,RN,810
2022,A,3,RO,454
2022,A,3,RR,182
2022,A,3,RS,473
2022,A,3,SC,325
2022,A,3,SE,725
2022,A,3,SP,2542
2022,A,3,TO,457
2022,A,4,AC,28
2022,A,4,AL,63
2022,A,4,AM,77
2022,A,4,AP,12
2022,A,4,BA,171
2022,A,4,CE,110
2022,A,4,DF,47
2022,A,4,ES,20
2022,A,4,GO,155
2022,A,4,MA,63
2022,A,4,MG,89
2022,A,4,MS,30
2022,A,4,MT,45
2022,A,4,PA,151
2022,A,4,PB,60
2022,A,4,PE,120
2022,A,4,PI,51
2022,A,4,PR,57
2022,A,4,RJ,104
2022,A,4,RN,36
2022,A,4,RO,42
2022,A,4,RR,5
2022,A,4,RS,18
2022,A,4,SC,22
2022,A,4,SE,44
2022,A,4,SP,269
2022,A,4,TO,35
2022,A,5,AC,8
2022,A,5,AL,23
2022,A,5,AM,430
2022,A,5,AP,17
2022,A,5,BA,73
2022,A,5,CE,82
2022,A,5,DF,15
2022,A,5,ES,7
2022,A,5,GO,28
2022,A,5,MA,30
2022,A,5,MG,24
2022,A,5,MS,115
2022,A,5,MT,22
2022,A,5,PA,61
2022,A,5,PB,58
2022,A,5,PE,90
2022,A,5,PI,6
2022,A,5,PR,18
2022,A,5,RJ,24
2022,A,5,RN,7
2022,A,5,RO,36
2022,A,5,RR,31
2022,A,5,RS,13
2022,A,5,SC,7
2022,A,5,SE,15
2022,A,5,SP,55
2022,A,5,TO,32
2022,B,0,AC,106
2022,B,0,AL,309
2022,B,0,AM,429
2022,B,0,AP,105
2022,B,0,BA,1211
2022,B,0,CE,2366
2022,B,0,DF,218
2022,B,0,ES,128
2022,B,0,GO,661
2022,B,0,MA,557
2022,B,0,MG,737
2022,B,0,MS,109
2022,B,0,MT,182
2022,B,0,PA,1114
2022,B,0,PB,492
2022,B,0,PE,790
2022,B,0,PI,348
2022,B,0,PR,378
2022,B,0,RJ,845
2022,B,0,RN,277
2022,B,0,RO,117
2022,B,0,RR,25
2022,B,0,RS,432
2022,B,0,SC,189
2022,B,0,SE,305
2022,B,0,SP,912
2022,B,0,TO,96
2022,B,1,AC,794
2022,B,1,AL,2740
2022,B,1,AM,2255
2022,B,1,AP,791
2022,B,1,BA,8334
2022,B,1,CE,10162
2022,B,1,DF,2455
2022,B,1,ES,2381
2022,B,1,GO,5378
2022,B,1,MA,5212
2022,B,1,MG,12489
2022,B,1,MS,2452
2022,B,1,MT,2390
2022,B,1,PA,7857
2022,B,1,PB,6010
2022,B,1,PE,9690
2022,B,1,PI,3023
2022,B,1,PR,9142
2022,B,1,RJ,13517
2022,B,1,RN,5293
2022,B,1,RO,1165
2022,B,1,RR,216
2022,B,1,RS,15759
2022,B,1,SC,5635
2022,B,1,SE,2214
2022,B,1,SP,25720
2022,B,1,TO,879
2022,B,2,AC,618
2022,B,2,AL,1624
2022,B,2,AM,1030
2022,B,2,AP,727
2022,B,2,BA,17279
2022,B,2,CE,3879
2022,B,2,DF,1476
2022,B,2,ES,1441
2022,B,2,GO,2619
2022,B,2,MA,4767
2022,B,2,MG,5899
2022,B,2,MS,650
2022,B,2,MT,1295
2022,B,2,PA,6908
2022,B,2,PB,2112
2022,B,2,PE,4723
2022,B,2,PI,2691
2022,B,2,PR,1184
2022,B,2,RJ,8988
2022,B,2,RN,1800
2022,B,2,RO,629
2022,B,2,RR,95
2022,B,2,RS,2140
2022,B,2,SC,782
2022,B,2,SE,2086
2022,B,2,SP,7762
2022,B,2,TO,905
2022,B,3,AC,3464
2022,B,3,AL,8032
2022,B,3,AM,14550
2022,B,3,AP,3496
2022,B,3,BA,28070
2022,B,3,CE,40274
2022,B,3,DF,4264
2022,B,3,ES,3573
2022,B,3,GO,9805
2022,B,3,MA,20996
2022,B,3,MG,15857
2022,B,3,MS,3222
2022,B,3,MT,4602
2022,B,3,PA,37187
2022,B,3,PB,12873
2022,B,3,PE,19195
2022,B,3,PI,11829
2022,B,3,PR,4833
2022,B,3,RJ,14781
2022,B,3,RN,8313
2022,B,3,RO,3278
2022,B,3,RR,765
2022,B,3,RS,3503
2022,B,3,SC,2443
2022,B,3,SE,7756
2022,B,3,SP,18561
2022,B,3,TO,2900
2022,B,4,AC,207
2022,B,4,AL,482
2022,B,4,AM,308
2022,B,4,AP,77
2022,B,4,BA,1420
2022,B,4,CE,872
2022,B,4,DF,202
2022,B,4,ES,126
2022,B,4,GO,716
2022,B,4,MA,474
2022,B,4,MG,777
2022,B,4,MS,142
2022,B,4,MT,206
2022,B,4,PA,984
2022,B,4,PB,620
2022,B,4,PE,869
2022,B,4,PI,524
2022,B,4,PR,311
2022,B,4,RJ,644
2022,B,4,RN,367
2022,B,4,RO,145
2022,B,4,RR,13
2022,B,4,RS,120
2022,B,4,SC,122
2022,B,4,SE,331
2022,B,4,SP,1157
2022,B,4,TO,174
2022,B,5,AC,71
2022,B,5,AL,144
2022,B,5,AM,1182
2022,B,5,AP,53
2022,B,5,BA,532
2022,B,5,CE,307
2022,B,5,DF,35
2022,B,5,ES,44
2022,B,5,GO,135
2022,B,5,MA,164
2022,B,5,MG,189
2022,B,5,MS,632
2022,B,5,MT,91
2022,B,5,PA,334
2022,B,5,PB,359
2022,B,5,PE,737
2022,B,5,PI,100
2022,B,5,PR,65
2022,B,5,RJ,172
2022,B,5,RN,72
2022,B,5,RO,103
2022,B,5,RR,142
2022,B,5,RS,62
2022,B,5,SC,53
2022,B,5,SE,96
2022,B,5,SP,267
2022,B,5,TO,83
2022,C,0,AC,118
2022,C,0,AL,444
2022,C,0,AM,465
2022,C,0,AP,92
2022,C,0,BA,1587
2022,C,0,CE,1717
2022,C,0,DF,372
2022,C,0,ES,232
2022,C,0,GO,1001
2022,C,0,MA,546
2022,C,0,MG,1416
2022,C,0,MS,184
2022,C,0,MT,280
2022,C,0,PA,1163
2022,C,0,PB,605
2022,C,0,PE,1050
2022,C,0,PI,472
2022,C,0,PR,657
2022,C,0,RJ,1242
2022,C,0,RN,451
2022,C,0,RO,180
2022,C,0,RR,37
2022,C,0,RS,775
2022,C,0,SC,349
2022,C,0,SE,424
2022,C,0,SP,1531
2022,C,0,TO,129
2022,C,1,AC,1381
2022,C,1,AL,4728
2022,C,1,AM,3755
2022,C,1,AP,1318
2022,C,1,BA,14863
2022,C,1,CE,16861
2022,C,1,DF,5008
2022,C,1,ES,5897
2022,C,1,GO,11184
2022,C,1,MA,8453
2022,C,1,MG,31426
2022,C,1,MS,4917
2022,C,1,MT,4568
2022,C,1,PA,11508
2022,C,1,PB,10487
2022,C,1,PE,18118
2022,C,1,PI,5383
2022,C,1,PR,21659
2022,C,1,RJ,27038
2022,C,1,RN,10540
2022,C,1,RO,2403
2022,C,1,RR,455
2022,C,1,RS,31903
2022,C,1,SC,13092
2022,C,1,SE,4017
2022,C,1,SP,63295
2022,C,1,TO,1585
2022,C,2,AC,748
2022,C,2,AL,2398
2022,C,2,AM,1289
2022,C,2,AP,862
2022,C,2,BA,22963
2022,C,2,CE,5339
2022,C,2,DF,2129
2022,C,2,ES,2650
2022,C,2,GO,4090
2022,C,2,MA,5682
2022,C,2,MG,10664
2022,C,2,MS,922
2022,C,2,MT,2076
2022,C,2,PA,7748
2022,C,2,PB,3099
2022,C,2,PE,7218
2022,C,2,PI,3691
2022,C,2,PR,1918
2022,C,2,RJ,12563
2022,C,2,RN,2685
2022,C,2,RO,955
2022,C,2,RR,166
2022,C,2,RS,3258
2022,C,2,SC,1009
2022,C,2,SE,2888
2022,C,2,SP,12950
2022,C,2,TO,1206
2022,C,3,AC,4596
2022,C,3,AL,11456
2022,C,3,AM,16933
2022,C,3,AP,4532
2022,C,3,BA,40882
2022,C,3,CE,44191
2022,C,3,DF,6834
2022,C,3,ES,7230
2022,C,3,GO,16111
2022,C,3,MA,26441
2022,C,3,MG,31817
2022,C,3,MS,5088
2022,C,3,MT,7686
2022,C,3,PA,40172
2022,C,3,PB,18192
2022,C,3,PE,30337
2022,C,3,PI,16120
2022,C,3,PR,9037
2022,C,3,RJ,22920
2022,C,3,RN,13728
2022,C,3,RO,5309
2022,C,3,RR,1375
2022,C,3,RS,5899
2022,C,3,SC,3816
2022,C,3,SE,10776
2022,C,3,SP,34686
2022,C,3,TO,4542
2022,C,4,AC,250
2022,C,4,AL,635
2022,C,4,AM,407
2022,C,4,AP,93
2022,C,4,BA,1825
2022,C,4,CE,1186
2022,C,4,DF,292
2022,C,4,ES,260
2022,C,4,GO,1110
2022,C,4,MA,630
2022,C,4,MG,1377
2022,C,4,MS,241
2022,C,4,MT,351
2022,C,4,PA,1147
2022,C,4,PB,880
2022,C,4,PE,1235
2022,C,4,PI,673
2022,C,4,PR,620
2022,C,4,RJ,833
2022,C,4,RN,532
2022,C,4,RO,252
2022,C,4,RR,33
2022,C,4,RS,154
2022,C,4,SC,179
2022,C,4,SE,544
2022,C,4,SP,2093
2022,C,4,TO,261
2022,C,5,AC,50
2022,C,5,AL,147
2022,C,5,AM,696
2022,C,5,AP,53
2022,C,5,BA,509
2022,C,5,CE,331
2022,C,5,DF,62
2022,C,5,ES,67
2022,C,5,GO,137
2022,C,5,MA,149
2022,C,5,MG,220
2022,C,5,MS,283
2022,C,5,MT,90
2022,C,5,PA,260
2022,C,5,PB,283
2022,C,5,PE,757
2022,C,5,PI,127
2022,C,5,PR,68
2022,C,5,RJ,159
2022,C,5,RN,71
2022,C,5,RO,67
2022,C,5,RR,140
2022,C,5,RS,73
2022,C,5,SC,56
2022,C,5,SE,92
2022,C,5,SP,356
2022,C,5,TO,48
2022,D,0,AC,118
2022,D,0,AL,356
2022,D,0,AM,399
2022,D,0,AP,112
2022,D,0,BA,1512
2022,D,0,CE,1114
2022,D,0,DF,395
2022,D,0,ES,257
2022,D,0,GO,1113
2022,D,0,MA,446
2022,D,0,MG,1753
2022,D,0,MS,240
2022,D,0,MT,375
2022,D,0,PA,949
2022,D,0,PB,479
2022,D,0,PE,930
2022,D,0,PI,465
2022,D,0,PR,919
2022,D,0,RJ,1519
2022,D,0,RN,347
2022,D,0,RO,223
2022,D,0,RR,55
2022,D,0,RS,758
2022,D,0,SC,481
2022,D,0,SE,359
2022,D,0,SP,2185
2022,D,0,TO,137
2022,D,1,AC,1357
2022,D,1,AL,5242
2022,D,1,AM,4087
2022,D,1,AP,1398
2022,D,1,BA,17352
2022,D,1,CE,17238
2022,D,1,DF,8057
2022,D,1,ES,9512
2022,D,1,GO,17310
2022,D,1,MA,8199
2022,D,1,MG,50665
2022,D,1,MS,6964
2022,D,1,MT,7104
2022,D,1,PA,11586
2022,D,1,PB,10075
2022,D,1,PE,19298
2022,D,1,PI,5706
2022,D,1,PR,37052
2022,D,1,RJ,40125
2022,D,1,RN,10733
2022,D,1,RO,3027
2022,D,1,RR,591
2022,D,1,RS,42671
2022,D,1,SC,24447
2022,D,1,SE,4370
2022,D,1,SP,119185
2022,D,1,TO,2231
2022,D,2,AC,587
2022,D,2,AL,1849
2022,D,2,AM,1055
2022,D,2,AP,679
2022,D,2,BA,18287
2022,D,2,CE,3914
2022,D,2,DF,2508
2022,D,2,ES,2763
2022,D,2,GO,4607
2022,D,2,MA,4098
2022,D,2,MG,11937
2022,D,2,MS,916
2022,D,2,MT,2107
2022,D,2,PA,5535
2022,D,2,PB,2326
2022,D,2,PE,5929
2022,D,2,PI,2779
2022,D,2,PR,2160
2022,D,2,RJ,12451
2022,D,2,RN,2221
2022,D,2,RO,795
2022,D,2,RR,180
2022,D,2,RS,2906
2022,D,2,SC,1040
2022,D,2,SE,2126
2022,D,2,SP,16373
2022,D,2,TO,1093
2022,D,3,AC,3416
2022,D,3,AL,9051
2022,D,3,AM,13103
2022,D,3,AP,3405
2022,D,3,BA,36255
2022,D,3,CE,31189
2022,D,3,DF,8220
2022,D,3,ES,8893
2022,D,3,GO,20612
2022,D,3,MA,20083
2022,D,3,MG,39491
2022,D,3,MS,5275
2022,D,3,MT,8894
2022,D,3,PA,28554
2022,D,3,PB,13642
2022,D,3,PE,25949
2022,D,3,PI,12911
2022,D,3,PR,12148
2022,D,3,RJ,25103
2022,D,3,RN,11641
2022,D,3,RO,5267
2022,D,3,RR,1478
2022,D,3,RS,6098
2022,D,3,SC,4503
2022,D,3,SE,8494
2022,D,3,SP,48822
2022,D,3,TO,4903
2022,D,4,AC,201
2022,D,4,AL,460
2022,D,4,AM,348
2022,D,4,AP,73
2022,D,4,BA,1467
2022,D,4,CE,783
2022,D,4,DF,365
2022,D,4,ES,242
2022,D,4,GO,1335
2022,D,4,MA,487
2022,D,4,MG,1501
2022,D,4,MS,288
2022,D,4,MT,394
2022,D,4,PA,902
2022,D,4,PB,575
2022,D,4,PE,1017
2022,D,4,PI,529
2022,D,4,PR,1065
2022,D,4,RJ,851
2022,D,4,RN,427
2022,D,4,RO,243
2022,D,4,RR,20
2022,D,4,RS,154
2022,D,4,SC,217
2022,D,4,SE,372
2022,D,4,SP,3835
2022,D,4,TO,298
2022,D,5,AC,38
2022,D,5,AL,100
2022,D,5,AM,422
2022,D,5,AP,22
2022,D,5,BA,381
2022,D,5,CE,238
2022,D,5,DF,54
2022,D,5,ES,90
2022,D,5,GO,176
2022,D,5,MA,95
2022,D,5,MG,213
2022,D,5,MS,186
2022,D,5,MT,72
2022,D,5,PA,192
2022,D,5,PB,186
2022,D,5,PE,550
2022,D,5,PI,85
2022,D,5,PR,87
2022,D,5,RJ,165
2022,D,5,RN,70
2022,D,5,RO,67
2022,D,5,RR,96
2022,D,5,RS,60
2022,D,5,SC,59
2022,D,5,SE,70
2022,D,5,SP,418
2022,D,5,TO,35
2022,E,0,AC,86
2022,E,0,AL,268
2022,E,0,AM,359
2022,E,0,AP,77
2022,E,0,BA,908
2022,E,0,CE,685
2022,E,0,DF,449
2022,E,0,ES,213
2022,E,0,GO,1004
2022,E,0,MA,291
2022,E,0,MG,1523
2022,E,0,MS,182
2022,E,0,MT,297
2022,E,0,PA,646
2022,E,0,PB,320
2022,E,0,PE,656
2022,E,0,PI,305
2022,E,0,PR,763
2022,E,0,RJ,1094
2022,E,0,RN,241
2022,E,0,RO,157
2022,E,0,RR,45
2022,E,0,RS,491
2022,E,0,SC,341
2022,E,0,SE,227
2022,E,0,SP,2034
2022,E,0,TO,123
2022,E,1,AC,1075
2022,E,1,AL,4512
2022,E,1,AM,3771
2022,E,1,AP,1180
2022,E,1,BA,12688
2022,E,1,CE,14345
2022,E,1,DF,10145
2022,E,1,ES,8063
2022,E,1,GO,17156
2022,E,1,MA,6304
2022,E,1,MG,45896
2022,E,1,MS,6027
2022,E,1,MT,6191
2022,E,1,PA,9369
2022,E,1,PB,7837
2022,E,1,PE,15627
2022,E,1,PI,4846
2022,E,1,PR,32387
2022,E,1,RJ,33980
2022,E,1,RN,8149
2022,E,1,RO,2353
2022,E,1,RR,653
2022,E,1,RS,26917
2022,E,1,SC,18514
2022,E,1,SE,3202
2022,E,1,SP,114717
2022,E,1,TO,2225
2022,E,2,AC,349
2022,E,2,AL,1074
2022,E,2,AM,718
2022,E,2,AP,445
2022,E,2,BA,9134
2022,E,2,CE,2523
2022,E,2,DF,2164
2022,E,2,ES,1894
2022,E,2,GO,3696
2022,E,2,MA,2389
2022,E,2,MG,8645
2022,E,2,MS,612
2022,E,2,MT,1539
2022,E,2,PA,3256
2022,E,2,PB,1353
2022,E,2,PE,3663
2022,E,2,PI,1749
2022,E,2,PR,1604
2022,E,2,RJ,8293
2022,E,2,RN,1255
2022,E,2,RO,600
2022,E,2,RR,170
2022,E,2,RS,1692
2022,E,2,SC,760
2022,E,2,SE,1241
2022,E,2,SP,13514
2022,E,2,TO,795
2022,E,3,AC,2017
2022,E,3,AL,5728
2022,E,3,AM,9141
2022,E,3,AP,2254
2022,E,3,BA,19837
2022,E,3,CE,18842
2022,E,3,DF,7770
2022,E,3,ES,6490
2022,E,3,GO,16616
2022,E,3,MA,11793
2022,E,3,MG,29724
2022,E,3,MS,3621
2022,E,3,MT,6577
2022,E,3,PA,17793
2022,E,3,PB,7957
2022,E,3,PE,15924
2022,E,3,PI,8062
2022,E,3,PR,8916
2022,E,3,RJ,17157
2022,E,3,RN,6927
2022,E,3,RO,3612
2022,E,3,RR,1268
2022,E,3,RS,3442
2022,E,3,SC,3237
2022,E,3,SE,4744
2022,E,3,SP,40475
2022,E,3,TO,3740
2022,E,4,AC,110
2022,E,4,AL,277
2022,E,4,AM,250
2022,E,4,AP,43
2022,E,4,BA,808
2022,E,4,CE,544
2022,E,4,DF,393
2022,E,4,ES,175
2022,E,4,GO,1088
2022,E,4,MA,283
2022,E,4,MG,1097
2022,E,4,MS,275
2022,E,4,MT,282
2022,E,4,PA,620
2022,E,4,PB,334
2022,E,4,PE,584
2022,E,4,PI,302
2022,E,4,PR,1174
2022,E,4,RJ,578
2022,E,4,RN,235
2022,E,4,RO,142
2022,E,4,RR,28
2022,E,4,RS,114
2022,E,4,SC,160
2022,E,4,SE,196
2022,E,4,SP,4909
2022,E,4,TO,194
2022,E,5,AC,17
2022,E,5,AL,52
2022,E,5,AM,232
2022,E,5,AP,24
2022,E,5,BA,219
2022,E,5,CE,150
2022,E,5,DF,52
2022,E,5,ES,75
2022,E,5,GO,134
2022,E,5,MA,60
2022,E,5,MG,161
2022,E,5,MS,81
2022,E,5,MT,60
2022,E,5,PA,128
2022,E,5,PB,74
2022,E,5,PE,312
2022,E,5,PI,49
2022,E,5,PR,44
2022,E,5,RJ,127
2022,E,5,RN,53
2022,E,5,RO,38
2022,E,5,RR,77
2022,E,5,RS,28
2022,E,5,SC,32
2022,E,5,SE,26
2022,E,5,SP,389
2022,E,5,TO,17
2023,A,0,AC,16
2023,A,0,AL,36
2023,A,0,AM,92
2023,A,0,AP,12
2023,A,0,BA,184
2023,A,0,CE,184
2023,A,0,DF,28
2023,A,0,ES,19
2023,A,0,GO,131
2023,A,0,MA,70
2023,A,0,MG,92
2023,A,0,MS,16
2023,A,0,MT,32
2023,A,0,PA,128
2023,A,0,PB,43
2023,A,0,PE,119
2023,A,0,PI,43
2023,A,0,PR,42
2023,A,0,RJ,119
2023,A,0,RN,37
2023,A,0,RO,18
2023,A,0,RR,4
2023,A,0,RS,67
2023,A,0,SC,22
2023,A,0,SE,38
2023,A,0,SP,144
2023,A,0,TO,9
2023,A,1,AC,217
2023,A,1,AL,628
2023,A,1,AM,637
2023,A,1,AP,234
2023,A,1,BA,1581
2023,A,1,CE,1795
2023,A,1,DF,690
2023,A,1,ES,425
2023,A,1,GO,1467
2023,A,1,MA,1019
2023,A,1,MG,2315
2023,A,1,MS,531
2023,A,1,MT,662
2023,A,1,PA,1413
2023,A,1,PB,847
2023,A,1,PE,1687
2023,A,1,PI,397
2023,A,1,PR,1789
2023,A,1,RJ,3002
2023,A,1,RN,732
2023,A,1,RO,248
2023,A,1,RR,73
2023,A,1,RS,2541
2023,A,1,SC,1131
2023,A,1,SE,409
2023,A,1,SP,5728
2023,A,1,TO,210
2023,A,2,AC,167
2023,A,2,AL,422
2023,A,2,AM,261
2023,A,2,AP,169
2023,A,2,BA,2766
2023,A,2,CE,724
2023,A,2,DF,341
2023,A,2,ES,262
2023,A,2,GO,691
2023,A,2,MA,853
2023,A,2,MG,941
2023,A,2,MS,102
2023,A,2,MT,296
2023,A,2,PA,1070
2023,A,2,PB,368
2023,A,2,PE,823
2023,A,2,PI,344
2023,A,2,PR,209
2023,A,2,RJ,1690
2023,A,2,RN,270
2023,A,2,RO,125
2023,A,2,RR,31
2023,A,2,RS,386
2023,A,2,SC,151
2023,A,2,SE,283
2023,A,2,SP,1500
2023,A,2,TO,171
2023,A,3,AC,650
2023,A,3,AL,1597
2023,A,3,AM,2839
2023,A,3,AP,677
2023,A,3,BA,4165
2023,A,3,CE,6245
2023,A,3,DF,859
2023,A,3,ES,569
2023,A,3,GO,2116
2023,A,3,MA,3342
2023,A,3,MG,2497
2023,A,3,MS,541
2023,A,3,MT,967
2023,A,3,PA,4525
2023,A,3,PB,1531
2023,A,3,PE,2752
2023,A,3,PI,1254
2023,A,3,PR,901
2023,A,3,RJ,2593
2023,A,3,RN,1002
2023,A,3,RO,546
2023,A,3,RR,198
2023,A,3,RS,616
2023,A,3,SC,474
2023,A,3,SE,911
2023,A,3,SP,3435
2023,A,3,TO,575
2023,A,4,AC,40
2023,A,4,AL,88
2023,A,4,AM,84
2023,A,4,AP,16
2023,A,4,BA,210
2023,A,4,CE,109
2023,A,4,DF,42
2023,A,4,ES,26
2023,A,4,GO,154
2023,A,4,MA,84
2023,A,4,MG,108
2023,A,4,MS,34
2023,A,4,MT,53
2023,A,4,PA,156
2023,A,4,PB,67
2023,A,4,PE,130
2023,A,4,PI,46
2023,A,4,PR,72
2023,A,4,RJ,100
2023,A,4,RN,54
2023,A,4,RO,20
2023,A,4,RR,5
2023,A,4,RS,21
2023,A,4,SC,19
2023,A,4,SE,41
2023,A,4,SP,303
2023,A,4,TO,32
2023,A,5,AC,11
2023,A,5,AL,39
2023,A,5,AM,388
2023,A,5,AP,18
2023,A,5,BA,127
2023,A,5,CE,107
2023,A,5,DF,14
2023,A,5,ES,11
2023,A,5,GO,40
2023,A,5,MA,41
2023,A,5,MG,26
2023,A,5,MS,88
2023,A,5,MT,25
2023,A,5,PA,61
2023,A,5,PB,89
2023,A,5,PE,132
2023,A,5,PI,18
2023,A,5,PR,21
2023,A,5,RJ,37
2023,A,5,RN,11
2023,A,5,RO,18
2023,A,5,RR,31
2023,A,5,RS,14
2023,A,5,SC,9
2023,A,5,SE,12
2023,A,5,SP,92
2023,A,5,TO,44
2023,B,0,AC,83
2023,B,0,AL,304
2023,B,0,AM,388
2023,B,0,AP,74
2023,B,0,BA,1140
2023,B,0,CE,1616
2023,B,0,DF,206
2023,B,0,ES,116
2023,B,0,GO,517
2023,B,0,MA,473
2023,B,0,MG,711
2023,B,0,MS,97
2023,B,0,MT,142
2023,B,0,PA,958
2023,B,0,PB,441
2023,B,0,PE,783
2023,B,0,PI,383
2023,B,0,PR,310
2023,B,0,RJ,831
2023,B,0,RN,296
2023,B,0,RO,84
2023,B,0,RR,18
2023,B,0,RS,407
2023,B,0,SC,203
2023,B,0,SE,268
2023,B,0,SP,839
2023,B,0,TO,77
2023,B,1,AC,1017
2023,B,1,AL,4155
2023,B,1,AM,3177
2023,B,1,AP,1233
2023,B,1,BA,11611
2023,B,1,CE,13298
2023,B,1,DF,3260
2023,B,1,ES,3085
2023,B,1,GO,6640
2023,B,1,MA,7002
2023,B,1,MG,16297
2023,B,1,MS,2907
2023,B,1,MT,2748
2023,B,1,PA,9824
2023,B,1,PB,8531
2023,B,1,PE,13012
2023,B,1,PI,4124
2023,B,1,PR,11094
2023,B,1,RJ,17140
2023,B,1,RN,6946
2023,B,1,RO,1538
2023,B,1,RR,268
2023,B,1,RS,17674
2023,B,1,SC,6519
2023,B,1,SE,3137
2023,B,1,SP,31375
2023,B,1,TO,1090
2023,B,2,AC,786
2023,B,2,AL,2782
2023,B,2,AM,1472
2023,B,2,AP,1128
2023,B,2,BA,26560
2023,B,2,CE,5377
2023,B,2,DF,2166
2023,B,2,ES,2145
2023,B,2,GO,3453
2023,B,2,MA,7073
2023,B,2,MG,8759
2023,B,2,MS,821
2023,B,2,MT,1638
2023,B,2,PA,9095
2023,B,2,PB,3428
2023,B,2,PE,7153
2023,B,2,PI,3861
2023,B,2,PR,1540
2023,B,2,RJ,13287
2023,B,2,RN,2416
2023,B,2,RO,880
2023,B,2,RR,149
2023,B,2,RS,2816
2023,B,2,SC,1144
2023,B,2,SE,2607
2023,B,2,SP,10547
2023,B,2,TO,1205
2023,B,3,AC,3988
2023,B,3,AL,12467
2023,B,3,AM,18065
2023,B,3,AP,4654
2023,B,3,BA,40226
2023,B,3,CE,44209
2023,B,3,DF,5626
2023,B,3,ES,4862
2023,B,3,GO,11476
2023,B,3,MA,29332
2023,B,3,MG,21938
2023,B,3,MS,3683
2023,B,3,MT,5347
2023,B,3,PA,45243
2023,B,3,PB,18468
2023,B,3,PE,25782
2023,B,3,PI,15173
2023,B,3,PR,6273
2023,B,3,RJ,20494
2023,B,3,RN,10659
2023,B,3,RO,4113
2023,B,3,RR,1024
2023,B,3,RS,4371
2023,B,3,SC,3404
2023,B,3,SE,9448
2023,B,3,SP,23923
2023,B,3,TO,3556
2023,B,4,AC,198
2023,B,4,AL,657
2023,B,4,AM,354
2023,B,4,AP,107
2023,B,4,BA,1539
2023,B,4,CE,910
2023,B,4,DF,242
2023,B,4,ES,148
2023,B,4,GO,765
2023,B,4,MA,683
2023,B,4,MG,855
2023,B,4,MS,172
2023,B,4,MT,220
2023,B,4,PA,1124
2023,B,4,PB,714
2023,B,4,PE,976
2023,B,4,PI,551
2023,B,4,PR,388
2023,B,4,RJ,796
2023,B,4,RN,409
2023,B,4,RO,180
2023,B,4,RR,23
2023,B,4,RS,106
2023,B,4,SC,139
2023,B,4,SE,364
2023,B,4,SP,1227
2023,B,4,TO,189
2023,B,5,AC,109
2023,B,5,AL,232
2023,B,5,AM,1514
2023,B,5,AP,82
2023,B,5,BA,763
2023,B,5,CE,413
2023,B,5,DF,64
2023,B,5,ES,62
2023,B,5,GO,204
2023,B,5,MA,293
2023,B,5,MG,261
2023,B,5,MS,536
2023,B,5,MT,132
2023,B,5,PA,395
2023,B,5,PB,525
2023,B,5,PE,1058
2023,B,5,PI,130
2023,B,5,PR,115
2023,B,5,RJ,217
2023,B,5,RN,119
2023,B,5,RO,118
2023,B,5,RR,175
2023,B,5,RS,108
2023,B,5,SC,86
2023,B,5,SE,111
2023,B,5,SP,362
2023,B,5,TO,82
2023,C,0,AC,119
2023,C,0,AL,348
2023,C,0,AM,434
2023,C,0,AP,101
2023,C,0,BA,1305
2023,C,0,CE,1773
2023,C,0,DF,302
2023,C,0,ES,173
2023,C,0,GO,703
2023,C,0,MA,511
2023,C,0,MG,1246
2023,C,0,MS,179
2023,C,0,MT,218
2023,C,0,PA,995
2023,C,0,PB,538
2023,C,0,PE,785
2023,C,0,PI,456
2023,C,0,PR,523
2023,C,0,RJ,1005
2023,C,0,RN,395
2023,C,0,RO,121
2023,C,0,RR,38
2023,C,0,RS,593
2023,C,0,SC,255
2023,C,0,SE,343
2023,C,0,SP,1297
2023,C,0,TO,98
2023,C,1,AC,1398
2023,C,1,AL,6076
2023,C,1,AM,4456
2023,C,1,AP,1755
2023,C,1,BA,18314
2023,C,1,CE,19679
2023,C,1,DF,5930
2023,C,1,ES,6757
2023,C,1,GO,12287
2023,C,1,MA,10186
2023,C,1,MG,36993
2023,C,1,MS,5349
2023,C,1,MT,5078
2023,C,1,PA,13622
2023,C,1,PB,12764
2023,C,1,PE,21363
2023,C,1,PI,6630
2023,C,1,PR,23834
2023,C,1,RJ,30297
2023,C,1,RN,12193
2023,C,1,RO,2689
2023,C,1,RR,535
2023,C,1,RS,33005
2023,C,1,SC,14326
2023,C,1,SE,4854
2023,C,1,SP,68913
2023,C,1,TO,1884
2023,C,2,AC,832
2023,C,2,AL,3304
2023,C,2,AM,1632
2023,C,2,AP,1288
2023,C,2,BA,30079
2023,C,2,CE,6103
2023,C,2,DF,2711
2023,C,2,ES,3409
2023,C,2,GO,4742
2023,C,2,MA,7908
2023,C,2,MG,14309
2023,C,2,MS,1086
2023,C,2,MT,2290
2023,C,2,PA,9391
2023,C,2,PB,4076
2023,C,2,PE,9199
2023,C,2,PI,4766
2023,C,2,PR,2357
2023,C,2,RJ,15443
2023,C,2,RN,3423
2023,C,2,RO,1102
2023,C,2,RR,234
2023,C,2,RS,3757
2023,C,2,SC,1347
2023,C,2,SE,3492
2023,C,2,SP,15635
2023,C,2,TO,1446
2023,C,3,AC,4738
2023,C,3,AL,14753
2023,C,3,AM,19453
2023,C,3,AP,5654
2023,C,3,BA,50450
2023,C,3,CE,45639
2023,C,3,DF,8091
2023,C,3,ES,8646
2023,C,3,GO,17930
2023,C,3,MA,33274
2023,C,3,MG,38208
2023,C,3,MS,5408
2023,C,3,MT,8021
2023,C,3,PA,45906
2023,C,3,PB,22388
2023,C,3,PE,35410
2023,C,3,PI,19358
2023,C,3,PR,10462
2023,C,3,RJ,26818
2023,C,3,RN,15794
2023,C,3,RO,6072
2023,C,3,RR,1571
2023,C,3,RS,6710
2023,C,3,SC,4590
2023,C,3,SE,12227
2023,C,3,SP,39219
2023,C,3,TO,5182
2023,C,4,AC,212
2023,C,4,AL,720
2023,C,4,AM,408
2023,C,4,AP,116
2023,C,4,BA,1794
2023,C,4,CE,996
2023,C,4,DF,319
2023,C,4,ES,233
2023,C,4,GO,1057
2023,C,4,MA,698
2023,C,4,MG,1329
2023,C,4,MS,231
2023,C,4,MT,306
2023,C,4,PA,1181
2023,C,4,PB,846
2023,C,4,PE,1182
2023,C,4,PI,673
2023,C,4,PR,630
2023,C,4,RJ,804
2023,C,4,RN,504
2023,C,4,RO,225
2023,C,4,RR,34
2023,C,4,RS,148
2023,C,4,SC,187
2023,C,4,SE,463
2023,C,4,SP,2087
2023,C,4,TO,260
2023,C,5,AC,84
2023,C,5,AL,204
2023,C,5,AM,905
2023,C,5,AP,51
2023,C,5,BA,697
2023,C,5,CE,377
2023,C,5,DF,52
2023,C,5,ES,75
2023,C,5,GO,176
2023,C,5,MA,180
2023,C,5,MG,286
2023,C,5,MS,289
2023,C,5,MT,117
2023,C,5,PA,388
2023,C,5,PB,367
2023,C,5,PE,948
2023,C,5,PI,166
2023,C,5,PR,108
2023,C,5,RJ,196
2023,C,5,RN,102
2023,C,5,RO,77
2023,C,5,RR,165
2023,C,5,RS,87
2023,C,5,SC,70
2023,C,5,SE,118
2023,C,5,SP,415
2023,C,5,TO,56
2023,D,0,AC,99
2023,D,0,AL,278
2023,D,0,AM,364
2023,D,0,AP,84
2023,D,0,BA,1033
2023,D,0,CE,976
2023,D,0,DF,308
2023,D,0,ES,201
2023,D,0,GO,805
2023,D,0,MA,405
2023,D,0,MG,1463
2023,D,0,MS,172
2023,D,0,MT,262
2023,D,0,PA,737
2023,D,0,PB,385
2023,D,0,PE,691
2023,D,0,PI,363
2023,D,0,PR,680
2023,D,0,RJ,1041
2023,D,0,RN,318
2023,D,0,RO,150
2023,D,0,RR,37
2023,D,0,RS,641
2023,D,0,SC,345
2023,D,0,SE,273
2023,D,0,SP,1680
2023,D,0,TO,82
2023,D,1,AC,1436
2023,D,1,AL,6159
2023,D,1,AM,4497
2023,D,1,AP,1657
2023,D,1,BA,19406
2023,D,1,CE,18921
2023,D,1,DF,8676
2023,D,1,ES,10478
2023,D,1,GO,18233
2023,D,1,MA,9244
2023,D,1,MG,56031
2023,D,1,MS,7437
2023,D,1,MT,7503
2023,D,1,PA,12520
2023,D,1,PB,11225
2023,D,1,PE,20753
2023,D,1,PI,6363
2023,D,1,PR,39433
2023,D,1,RJ,42033
2023,D,1,RN,11916
2023,D,1,RO,3478
2023,D,1,RR,707
2023,D,1,RS,42779
2023,D,1,SC,25664
2023,D,1,SE,4918
2023,D,1,SP,125394
2023,D,1,TO,2486
2023,D,2,AC,603
2023,D,2,AL,2337
2023,D,2,AM,1212
2023,D,2,AP,862
2023,D,2,BA,21892
2023,D,2,CE,4156
2023,D,2,DF,2665
2023,D,2,ES,3316
2023,D,2,GO,4871
2023,D,2,MA,5310
2023,D,2,MG,14809
2023,D,2,MS,1017
2023,D,2,MT,2448
2023,D,2,PA,6119
2023,D,2,PB,2690
2023,D,2,PE,7095
2023,D,2,PI,3386
2023,D,2,PR,2606
2023,D,2,RJ,13992
2023,D,2,RN,2513
2023,D,2,RO,986
2023,D,2,RR,211
2023,D,2,RS,3055
2023,D,2,SC,1216
2023,D,2,SE,2311
2023,D,2,SP,18553
2023,D,2,TO,1259
2023,D,3,AC,3494
2023,D,3,AL,10921
2023,D,3,AM,14232
2023,D,3,AP,3981
2023,D,3,BA,40406
2023,D,3,CE,30923
2023,D,3,DF,8631
2023,D,3,ES,9981
2023,D,3,GO,20397
2023,D,3,MA,23500
2023,D,3,MG,44384
2023,D,3,MS,5353
2023,D,3,MT,9306
2023,D,3,PA,30759
2023,D,3,PB,14934
2023,D,3,PE,27719
2023,D,3,PI,14459
2023,D,3,PR,13720
2023,D,3,RJ,26837
2023,D,3,RN,12564
2023,D,3,RO,5619
2023,D,3,RR,1548
2023,D,3,RS,6437
2023,D,3,SC,5199
2023,D,3,SE,8908
2023,D,3,SP,52414
2023,D,3,TO,5238
2023,D,4,AC,183
2023,D,4,AL,481
2023,D,4,AM,297
2023,D,4,AP,78
2023,D,4,BA,1277
2023,D,4,CE,671
2023,D,4,DF,303
2023,D,4,ES,223
2023,D,4,GO,1104
2023,D,4,MA,549
2023,D,4,MG,1359
2023,D,4,MS,309
2023,D,4,MT,351
2023,D,4,PA,833
2023,D,4,PB,540
2023,D,4,PE,817
2023,D,4,PI,438
2023,D,4,PR,1030
2023,D,4,RJ,710
2023,D,4,RN,380
2023,D,4,RO,184
2023,D,4,RR,29
2023,D,4,RS,158
2023,D,4,SC,219
2023,D,4,SE,284
2023,D,4,SP,3810
2023,D,4,TO,223
2023,D,5,AC,52
2023,D,5,AL,133
2023,D,5,AM,525
2023,D,5,AP,42
2023,D,5,BA,447
2023,D,5,CE,253
2023,D,5,DF,50
2023,D,5,ES,102
2023,D,5,GO,177
2023,D,5,MA,154
2023,D,5,MG,251
2023,D,5,MS,208
2023,D,5,MT,110
2023,D,5,PA,225
2023,D,5,PB,177
2023,D,5,PE,641
2023,D,5,PI,101
2023,D,5,PR,89
2023,D,5,RJ,162
2023,D,5,RN,104
2023,D,5,RO,60
2023,D,5,RR,116
2023,D,5,RS,71
2023,D,5,SC,78
2023,D,5,SE,74
2023,D,5,SP,504
2023,D,5,TO,48
2023,E,0,AC,59
2023,E,0,AL,189
2023,E,0,AM,270
2023,E,0,AP,75
2023,E,0,BA,663
2023,E,0,CE,649
2023,E,0,DF,327
2023,E,0,ES,166
2023,E,0,GO,634
2023,E,0,MA,224
2023,E,0,MG,1216
2023,E,0,MS,117
2023,E,0,MT,190
2023,E,0,PA,497
2023,E,0,PB,258
2023,E,0,PE,469
2023,E,0,PI,234
2023,E,0,PR,554
2023,E,0,RJ,778
2023,E,0,RN,191
2023,E,0,RO,96
2023,E,0,RR,38
2023,E,0,RS,379
2023,E,0,SC,256
2023,E,0,SE,185
2023,E,0,SP,1540
2023,E,0,TO,84
2023,E,1,AC,1116
2023,E,1,AL,4922
2023,E,1,AM,3862
2023,E,1,AP,1304
2023,E,1,BA,13541
2023,E,1,CE,14701
2023,E,1,DF,10668
2023,E,1,ES,8800
2023,E,1,GO,17337
2023,E,1,MA,6739
2023,E,1,MG,48342
2023,E,1,MS,6071
2023,E,1,MT,6516
2023,E,1,PA,9781
2023,E,1,PB,8199
2023,E,1,PE,16212
2023,E,1,PI,5074
2023,E,1,PR,34125
2023,E,1,RJ,34701
2023,E,1,RN,8762
2023,E,1,RO,2592
2023,E,1,RR,738
2023,E,1,RS,27343
2023,E,1,SC,19515
2023,E,1,SE,3348
2023,E,1,SP,117655
2023,E,1,TO,2260
2023,E,2,AC,363
2023,E,2,AL,1413
2023,E,2,AM,874
2023,E,2,AP,578
2023,E,2,BA,10188
2023,E,2,CE,2490
2023,E,2,DF,2243
2023,E,2,ES,2235
2023,E,2,GO,3711
2023,E,2,MA,2896
2023,E,2,MG,10128
2023,E,2,MS,603
2023,E,2,MT,1706
2023,E,2,PA,3517
2023,E,2,PB,1487
2023,E,2,PE,4001
2023,E,2,PI,1982
2023,E,2,PR,1962
2023,E,2,RJ,8746
2023,E,2,RN,1359
2023,E,2,RO,676
2023,E,2,RR,180
2023,E,2,RS,1733
2023,E,2,SC,890
2023,E,2,SE,1277
2023,E,2,SP,14803
2023,E,2,TO,915
2023,E,3,AC,2100
2023,E,3,AL,6773
2023,E,3,AM,9685
2023,E,3,AP,2692
2023,E,3,BA,20970
2023,E,3,CE,18128
2023,E,3,DF,7782
2023,E,3,ES,6973
2023,E,3,GO,16286
2023,E,3,MA,13334
2023,E,3,MG,32314
2023,E,3,MS,3710
2023,E,3,MT,6885
2023,E,3,PA,17978
2023,E,3,PB,8245
2023,E,3,PE,16318
2023,E,3,PI,8560
2023,E,3,PR,10404
2023,E,3,RJ,17771
2023,E,3,RN,6978
2023,E,3,RO,3817
2023,E,3,RR,1331
2023,E,3,RS,3743
2023,E,3,SC,3574
2023,E,3,SE,4638
2023,E,3,SP,42114
2023,E,3,TO,3678
2023,E,4,AC,80
2023,E,4,AL,254
2023,E,4,AM,238
2023,E,4,AP,58
2023,E,4,BA,691
2023,E,4,CE,400
2023,E,4,DF,324
2023,E,4,ES,145
2023,E,4,GO,871
2023,E,4,MA,284
2023,E,4,MG,952
2023,E,4,MS,265
2023,E,4,MT,268
2023,E,4,PA,542
2023,E,4,PB,250
2023,E,4,PE,503
2023,E,4,PI,259
2023,E,4,PR,1151
2023,E,4,RJ,534
2023,E,4,RN,214
2023,E,4,RO,151
2023,E,4,RR,17
2023,E,4,RS,108
2023,E,4,SC,182
2023,E,4,SE,162
2023,E,4,SP,4826
2023,E,4,TO,150
2023,E,5,AC,24
2023,E,5,AL,88
2023,E,5,AM,301
2023,E,5,AP,27
2023,E,5,BA,243
2023,E,5,CE,138
2023,E,5,DF,55
2023,E,5,ES,81
2023,E,5,GO,135
2023,E,5,MA,95
2023,E,5,MG,155
2023,E,5,MS,123
2023,E,5,MT,75
2023,E,5,PA,179
2023,E,5,PB,90
2023,E,5,PE,346
2023,E,5,PI,47
2023,E,5,PR,84
2023,E,5,RJ,122
2023,E,5,RN,45
2023,E,5,RO,55
2023,E,5,RR,111
2023,E,5,RS,45
2023,E,5,SC,49
2023,E,5,SE,36
2023,E,5,SP,433
2023,E,5,TO,29
