NU_ANO,TP_COR_RACA,TP_LOCALIZACAO_ESC,SG_UF_PROVA,QTD
2019,0,1.0,AC,113
2019,0,1.0,AL,360
2019,0,1.0,AM,628
2019,0,1.0,AP,130
2019,0,1.0,BA,1922
2019,0,1.0,CE,4008
2019,0,1.0,DF,442
2019,0,1.0,ES,356
2019,0,1.0,GO,1113
2019,0,1.0,MA,891
2019,0,1.0,MG,1825
2019,0,1.0,MS,304
2019,0,1.0,MT,380
2019,0,1.0,PA,754
2019,0,1.0,PB,571
2019,0,1.0,PE,1703
2019,0,1.0,PI,454
2019,0,1.0,PR,954
2019,0,1.0,RJ,1416
2019,0,1.0,RN,298
2019,0,1.0,RO,257
2019,0,1.0,RR,31
2019,0,1.0,RS,949
2019,0,1.0,SC,729
2019,0,1.0,SE,338
2019,0,1.0,SP,2950
2019,0,1.0,TO,161
2019,0,2.0,AC,10
2019,0,2.0,AL,15
2019,0,2.0,AM,59
2019,0,2.0,AP,9
2019,0,2.0,BA,163
2019,0,2.0,CE,273
2019,0,2.0,DF,14
2019,0,2.0,ES,20
2019,0,2.0,GO,13
2019,0,2.0,MA,164
2019,0,2.0,MG,52
2019,0,2.0,MS,13
2019,0,2.0,MT,45
2019,0,2.0,PA,67
2019,0,2.0,PB,19
2019,0,2.0,PE,131
2019,0,2.0,PI,35
2019,0,2.0,PR,26
2019,0,2.0,RJ,61
2019,0,2.0,RN,15
2019,0,2.0,RO,2
2019,0,2.0,RR,2
2019,0,2.0,RS,30
2019,0,2.0,SC,27
2019,0,2.0,SE,35
2019,0,2.0,SP,25
2019,0,2.0,TO,9
2019,1,1.0,AC,845
2019,1,1.0,AL,3548
2019,1,1.0,AM,3563
2019,1,1.0,AP,1038
2019,1,1.0,BA,10874
2019,1,1.0,CE,16381
2019,1,1.0,DF,6965
2019,1,1.0,ES,8121
2019,1,1.0,GO,11311
2019,1,1.0,MA,6767
2019,1,1.0,MG,40870
2019,1,1.0,MS,6400
2019,1,1.0,MT,5008
2019,1,1.0,PA,7387
2019,1,1.0,PB,7011
2019,1,1.0,PE,16132
2019,1,1.0,PI,3975
2019,1,1.0,PR,32664
2019,1,1.0,RJ,30601
2019,1,1.0,RN,6673
2019,1,1.0,RO,2821
2019,1,1.0,RR,350
2019,1,1.0,RS,34496
2019,1,1.0,SC,26165
2019,1,1.0,SE,2263
2019,1,1.0,SP,120783
2019,1,1.0,TO,1629
2019,1,2.0,AC,45
2019,1,2.0,AL,125
2019,1,2.0,AM,61
2019,1,2.0,AP,33
2019,1,2.0,BA,502
2019,1,2.0,CE,688
2019,1,2.0,DF,85
2019,1,2.0,ES,475
2019,1,2.0,GO,285
2019,1,2.0,MA,450
2019,1,2.0,MG,934
2019,1,2.0,MS,260
2019,1,2.0,MT,350
2019,1,2.0,PA,200
2019,1,2.0,PB,207
2019,1,2.0,PE,582
2019,1,2.0,PI,125
2019,1,2.0,PR,1311
2019,1,2.0,RJ,820
2019,1,2.0,RN,153
2019,1,2.0,RO,117
2019,1,2.0,RR,17
2019,1,2.0,RS,1435
2019,1,2.0,SC,781
2019,1,2.0,SE,88
2019,1,2.0,SP,1732
2019,1,2.0,TO,49
2019,2,1.0,AC,583
2019,2,1.0,AL,1839
2019,2,1.0,AM,1117
2019,2,1.0,AP,771
2019,2,1.0,BA,17279
2019,2,1.0,CE,8271
2019,2,1.0,DF,2720
2019,2,1.0,ES,3504
2019,2,1.0,GO,3895
2019,2,1.0,MA,5311
2019,2,1.0,MG,13446
2019,2,1.0,MS,1018
2019,2,1.0,MT,2209
2019,2,1.0,PA,5499
2019,2,1.0,PB,2558
2019,2,1.0,PE,6988
2019,2,1.0,PI,3408
2019,2,1.0,PR,2231
2019,2,1.0,RJ,12337
2019,2,1.0,RN,2044
2019,2,1.0,RO,1130
2019,2,1.0,RR,136
2019,2,1.0,RS,2640
2019,2,1.0,SC,1197
2019,2,1.0,SE,2084
2019,2,1.0,SP,20556
2019,2,1.0,TO,1322
2019,2,2.0,AC,36
2019,2,2.0,AL,85
2019,2,2.0,AM,31
2019,2,2.0,AP,36
2019,2,2.0,BA,1065
2019,2,2.0,CE,383
2019,2,2.0,DF,61
2019,2,2.0,ES,65
2019,2,2.0,GO,81
2019,2,2.0,MA,489
2019,2,2.0,MG,421
2019,2,2.0,MS,49
2019,2,2.0,MT,171
2019,2,2.0,PA,187
2019,2,2.0,PB,78
2019,2,2.0,PE,252
2019,2,2.0,PI,131
2019,2,2.0,PR,39
2019,2,2.0,RJ,316
2019,2,2.0,RN,88
2019,2,2.0,RO,57
2019,2,2.0,RR,2
2019,2,2.0,RS,54
2019,2,2.0,SC,24
2019,2,2.0,SE,106
2019,2,2.0,SP,207
2019,2,2.0,TO,103
2019,3,1.0,AC,3258
2019,3,1.0,AL,9836
2019,3,1.0,AM,18594
2019,3,1.0,AP,3815
2019,3,1.0,BA,33682
2019,3,1.0,CE,75126
2019,3,1.0,DF,9564
2019,3,1.0,ES,11831
2019,3,1.0,GO,17352
2019,3,1.0,MA,26352
2019,3,1.0,MG,45629
2019,3,1.0,MS,6491
2019,3,1.0,MT,8630
2019,3,1.0,PA,29587
2019,3,1.0,PB,14903
2019,3,1.0,PE,32075
2019,3,1.0,PI,14282
2019,3,1.0,PR,13602
2019,3,1.0,RJ,25402
2019,3,1.0,RN,10304
2019,3,1.0,RO,6868
2019,3,1.0,RR,1465
2019,3,1.0,RS,5997
2019,3,1.0,SC,5580
2019,3,1.0,SE,8128
2019,3,1.0,SP,66741
2019,3,1.0,TO,4910
2019,3,2.0,AC,273
2019,3,2.0,AL,471
2019,3,2.0,AM,705
2019,3,2.0,AP,309
2019,3,2.0,BA,1996
2019,3,2.0,CE,4135
2019,3,2.0,DF,244
2019,3,2.0,ES,364
2019,3,2.0,GO,396
2019,3,2.0,MA,2276
2019,3,2.0,MG,1601
2019,3,2.0,MS,275
2019,3,2.0,MT,700
2019,3,2.0,PA,1272
2019,3,2.0,PB,491
2019,3,2.0,PE,1597
2019,3,2.0,PI,623
2019,3,2.0,PR,519
2019,3,2.0,RJ,713
2019,3,2.0,RN,420
2019,3,2.0,RO,259
2019,3,2.0,RR,91
2019,3,2.0,RS,181
2019,3,2.0,SC,121
2019,3,2.0,SE,537
2019,3,2.0,SP,918
2019,3,2.0,TO,321
2019,4,1.0,AC,201
2019,4,1.0,AL,661
2019,4,1.0,AM,480
2019,4,1.0,AP,93
2019,4,1.0,BA,1856
2019,4,1.0,CE,1802
2019,4,1.0,DF,532
2019,4,1.0,ES,445
2019,4,1.0,GO,1440
2019,4,1.0,MA,644
2019,4,1.0,MG,2232
2019,4,1.0,MS,349
2019,4,1.0,MT,385
2019,4,1.0,PA,1026
2019,4,1.0,PB,794
2019,4,1.0,PE,1745
2019,4,1.0,PI,798
2019,4,1.0,PR,1040
2019,4,1.0,RJ,1207
2019,4,1.0,RN,510
2019,4,1.0,RO,337
2019,4,1.0,RR,21
2019,4,1.0,RS,227
2019,4,1.0,SC,312
2019,4,1.0,SE,407
2019,4,1.0,SP,4804
2019,4,1.0,TO,300
2019,4,2.0,AC,8
2019,4,2.0,AL,26
2019,4,2.0,AM,16
2019,4,2.0,AP,3
2019,4,2.0,BA,122
2019,4,2.0,CE,88
2019,4,2.0,DF,18
2019,4,2.0,ES,14
2019,4,2.0,GO,41
2019,4,2.0,MA,49
2019,4,2.0,MG,69
2019,4,2.0,MS,9
2019,4,2.0,MT,41
2019,4,2.0,PA,36
2019,4,2.0,PB,37
2019,4,2.0,PE,68
2019,4,2.0,PI,20
2019,4,2.0,PR,22
2019,4,2.0,RJ,55
2019,4,2.0,RN,26
2019,4,2.0,RO,19
2019,4,2.0,RR,1
2019,4,2.0,RS,7
2019,4,2.0,SC,5
2019,4,2.0,SE,15
2019,4,2.0,SP,56
2019,4,2.0,TO,13
2019,5,1.0,AC,57
2019,5,1.0,AL,145
2019,5,1.0,AM,484
2019,5,1.0,AP,25
2019,5,1.0,BA,523
2019,5,1.0,CE,545
2019,5,1.0,DF,96
2019,5,1.0,ES,178
2019,5,1.0,GO,163
2019,5,1.0,MA,173
2019,5,1.0,MG,505
2019,5,1.0,MS,139
2019,5,1.0,MT,74
2019,5,1.0,PA,368
2019,5,1.0,PB,234
2019,5,1.0,PE,657
2019,5,1.0,PI,160
2019,5,1.0,PR,109
2019,5,1.0,RJ,248
2019,5,1.0,RN,86
2019,5,1.0,RO,78
2019,5,1.0,RR,83
2019,5,1.0,RS,81
2019,5,1.0,SC,87
2019,5,1.0,SE,92
2019,5,1.0,SP,991
2019,5,1.0,TO,42
2019,5,2.0,AC,3
2019,5,2.0,AL,16
2019,5,2.0,AM,125
2019,5,2.0,AP,2
2019,5,2.0,BA,68
2019,5,2.0,CE,149
2019,5,2.0,ES,4
2019,5,2.0,GO,12
2019,5,2.0,MA,21
2019,5,2.0,MG,30
2019,5,2.0,MS,199
2019,5,2.0,MT,15
2019,5,2.0,PA,20
2019,5,2.0,PB,62
2019,5,2.0,PE,90
2019,5,2.0,PI,3
2019,5,2.0,PR,27
2019,5,2.0,RJ,7
2019,5,2.0,RN,8
2019,5,2.0,RO,54
2019,5,2.0,RR,9
2019,5,2.0,RS,10
2019,5,2.0,SC,6
2019,5,2.0,SE,8
2019,5,2.0,SP,20
2019,5,2.0,TO,20
2020,0,1.0,AC,79
2020,0,1.0,AL,333
2020,0,1.0,AM,765
2020,0,1.0,AP,87
2020,0,1.0,BA,1644
2020,0,1.0,CE,3967
2020,0,1.0,DF,429
2020,0,1.0,ES,303
2020,0,1.0,GO,1613
2020,0,1.0,MA,422
2020,0,1.0,MG,1315
2020,0,1.0,MS,204
2020,0,1.0,MT,295
2020,0,1.0,PA,602
2020,0,1.0,PB,479
2020,0,1.0,PE,2124
2020,0,1.0,PI,332
2020,0,1.0,PR,781
2020,0,1.0,RJ,1348
2020,0,1.0,RN,235
2020,0,1.0,RO,220
2020,0,1.0,RR,45
2020,0,1.0,RS,642
2020,0,1.0,SC,518
2020,0,1.0,SE,628
2020,0,1.0,SP,2523
2020,0,1.0,TO,163
2020,0,2.0,AC,8
2020,0,2.0,AL,14
2020,0,2.0,AM,83
2020,0,2.0,AP,20
2020,0,2.0,BA,82
2020,0,2.0,CE,197
2020,0,2.0,DF,8
2020,0,2.0,ES,7
2020,0,2.0,GO,29
2020,0,2.0,MA,38
2020,0,2.0,MG,38
2020,0,2.0,MS,15
2020,0,2.0,MT,25
2020,0,2.0,PA,29
2020,0,2.0,PB,8
2020,0,2.0,PE,154
2020,0,2.0,PI,24
2020,0,2.0,PR,22
2020,0,2.0,RJ,28
2020,0,2.0,RN,2
2020,0,2.0,RO,9
2020,0,2.0,RR,3
2020,0,2.0,RS,15
2020,0,2.0,SC,13
2020,0,2.0,SE,48
2020,0,2.0,SP,28
2020,0,2.0,TO,15
2020,1,1.0,AC,682
2020,1,1.0,AL,3438
2020,1,1.0,AM,4080
2020,1,1.0,AP,721
2020,1,1.0,BA,9216
2020,1,1.0,CE,15951
2020,1,1.0,DF,7643
2020,1,1.0,ES,6878
2020,1,1.0,GO,12725
2020,1,1.0,MA,4678
2020,1,1.0,MG,32538
2020,1,1.0,MS,5407
2020,1,1.0,MT,4693
2020,1,1.0,PA,6291
2020,1,1.0,PB,5993
2020,1,1.0,PE,13832
2020,1,1.0,PI,3173
2020,1,1.0,PR,28914
2020,1,1.0,RJ,29935
2020,1,1.0,RN,5689
2020,1,1.0,RO,2555
2020,1,1.0,RR,471
2020,1,1.0,RS,28500
2020,1,1.0,SC,21007
2020,1,1.0,SE,2142
2020,1,1.0,SP,103892
2020,1,1.0,TO,1613
2020,1,2.0,AC,28
2020,1,2.0,AL,108
2020,1,2.0,AM,94
2020,1,2.0,AP,15
2020,1,2.0,BA,299
2020,1,2.0,CE,557
2020,1,2.0,DF,93
2020,1,2.0,ES,320
2020,1,2.0,GO,251
2020,1,2.0,MA,364
2020,1,2.0,MG,703
2020,1,2.0,MS,176
2020,1,2.0,MT,246
2020,1,2.0,PA,167
2020,1,2.0,PB,136
2020,1,2.0,PE,471
2020,1,2.0,PI,79
2020,1,2.0,PR,681
2020,1,2.0,RJ,533
2020,1,2.0,RN,125
2020,1,2.0,RO,107
2020,1,2.0,RR,20
2020,1,2.0,RS,834
2020,1,2.0,SC,471
2020,1,2.0,SE,66
2020,1,2.0,SP,1184
2020,1,2.0,TO,68
2020,2,1.0,AC,345
2020,2,1.0,AL,1354
2020,2,1.0,AM,1249
2020,2,1.0,AP,385
2020,2,1.0,BA,10541
2020,2,1.0,CE,5729
2020,2,1.0,DF,2374
2020,2,1.0,ES,2355
2020,2,1.0,GO,3824
2020,2,1.0,MA,2903
2020,2,1.0,MG,7313
2020,2,1.0,MS,784
2020,2,1.0,MT,1620
2020,2,1.0,PA,3788
2020,2,1.0,PB,1626
2020,2,1.0,PE,4579
2020,2,1.0,PI,1900
2020,2,1.0,PR,1560
2020,2,1.0,RJ,8934
2020,2,1.0,RN,1144
2020,2,1.0,RO,895
2020,2,1.0,RR,171
2020,2,1.0,RS,1853
2020,2,1.0,SC,855
2020,2,1.0,SE,1436
2020,2,1.0,SP,12286
2020,2,1.0,TO,1141
2020,2,2.0,AC,21
2020,2,2.0,AL,55
2020,2,2.0,AM,42
2020,2,2.0,AP,14
2020,2,2.0,BA,557
2020,2,2.0,CE,290
2020,2,2.0,DF,68
2020,2,2.0,ES,50
2020,2,2.0,GO,82
2020,2,2.0,MA,378
2020,2,2.0,MG,222
2020,2,2.0,MS,27
2020,2,2.0,MT,112
2020,2,2.0,PA,174
2020,2,2.0,PB,46
2020,2,2.0,PE,210
2020,2,2.0,PI,83
2020,2,2.0,PR,32
2020,2,2.0,RJ,171
2020,2,2.0,RN,58
2020,2,2.0,RO,26
2020,2,2.0,RR,8
2020,2,2.0,RS,33
2020,2,2.0,SC,14
2020,2,2.0,SE,79
2020,2,2.0,SP,110
2020,2,2.0,TO,91
2020,3,1.0,AC,2168
2020,3,1.0,AL,7412
2020,3,1.0,AM,21191
2020,3,1.0,AP,2205
2020,3,1.0,BA,22070
2020,3,1.0,CE,71485
2020,3,1.0,DF,8273
2020,3,1.0,ES,7815
2020,3,1.0,GO,19413
2020,3,1.0,MA,15359
2020,3,1.0,MG,26917
2020,3,1.0,MS,4646
2020,3,1.0,MT,6804
2020,3,1.0,PA,19835
2020,3,1.0,PB,10259
2020,3,1.0,PE,23798
2020,3,1.0,PI,8994
2020,3,1.0,PR,9773
2020,3,1.0,RJ,19912
2020,3,1.0,RN,6827
2020,3,1.0,RO,5417
2020,3,1.0,RR,1463
2020,3,1.0,RS,4266
2020,3,1.0,SC,4278
2020,3,1.0,SE,6075
2020,3,1.0,SP,42047
2020,3,1.0,TO,4493
2020,3,2.0,AC,164
2020,3,2.0,AL,380
2020,3,2.0,AM,1373
2020,3,2.0,AP,129
2020,3,2.0,BA,1222
2020,3,2.0,CE,4364
2020,3,2.0,DF,214
2020,3,2.0,ES,230
2020,3,2.0,GO,399
2020,3,2.0,MA,1581
2020,3,2.0,MG,920
2020,3,2.0,MS,180
2020,3,2.0,MT,489
2020,3,2.0,PA,1020
2020,3,2.0,PB,309
2020,3,2.0,PE,1134
2020,3,2.0,PI,439
2020,3,2.0,PR,221
2020,3,2.0,RJ,535
2020,3,2.0,RN,253
2020,3,2.0,RO,245
2020,3,2.0,RR,118
2020,3,2.0,RS,113
2020,3,2.0,SC,89
2020,3,2.0,SE,385
2020,3,2.0,SP,538
2020,3,2.0,TO,287
2020,4,1.0,AC,97
2020,4,1.0,AL,455
2020,4,1.0,AM,413
2020,4,1.0,AP,58
2020,4,1.0,BA,1108
2020,4,1.0,CE,1280
2020,4,1.0,DF,484
2020,4,1.0,ES,273
2020,4,1.0,GO,1392
2020,4,1.0,MA,380
2020,4,1.0,MG,1239
2020,4,1.0,MS,282
2020,4,1.0,MT,302
2020,4,1.0,PA,682
2020,4,1.0,PB,554
2020,4,1.0,PE,1071
2020,4,1.0,PI,449
2020,4,1.0,PR,916
2020,4,1.0,RJ,801
2020,4,1.0,RN,288
2020,4,1.0,RO,265
2020,4,1.0,RR,28
2020,4,1.0,RS,156
2020,4,1.0,SC,210
2020,4,1.0,SE,288
2020,4,1.0,SP,4083
2020,4,1.0,TO,278
2020,4,2.0,AC,6
2020,4,2.0,AL,23
2020,4,2.0,AM,15
2020,4,2.0,AP,4
2020,4,2.0,BA,58
2020,4,2.0,CE,73
2020,4,2.0,DF,19
2020,4,2.0,ES,6
2020,4,2.0,GO,36
2020,4,2.0,MA,37
2020,4,2.0,MG,43
2020,4,2.0,MS,8
2020,4,2.0,MT,28
2020,4,2.0,PA,30
2020,4,2.0,PB,21
2020,4,2.0,PE,50
2020,4,2.0,PI,12
2020,4,2.0,PR,13
2020,4,2.0,RJ,23
2020,4,2.0,RN,8
2020,4,2.0,RO,33
2020,4,2.0,RR,3
2020,4,2.0,RS,6
2020,4,2.0,SC,2
2020,4,2.0,SE,7
2020,4,2.0,SP,43
2020,4,2.0,TO,11
2020,5,1.0,AC,32
2020,5,1.0,AL,133
2020,5,1.0,AM,619
2020,5,1.0,AP,23
2020,5,1.0,BA,310
2020,5,1.0,CE,432
2020,5,1.0,DF,69
2020,5,1.0,ES,120
2020,5,1.0,GO,164
2020,5,1.0,MA,96
2020,5,1.0,MG,260
2020,5,1.0,MS,108
2020,5,1.0,MT,64
2020,5,1.0,PA,241
2020,5,1.0,PB,179
2020,5,1.0,PE,416
2020,5,1.0,PI,89
2020,5,1.0,PR,91
2020,5,1.0,RJ,193
2020,5,1.0,RN,36
2020,5,1.0,RO,74
2020,5,1.0,RR,85
2020,5,1.0,RS,52
2020,5,1.0,SC,52
2020,5,1.0,SE,76
2020,5,1.0,SP,556
2020,5,1.0,TO,54
2020,5,2.0,AC,4
2020,5,2.0,AL,24
2020,5,2.0,AM,166
2020,5,2.0,AP,4
2020,5,2.0,BA,54
2020,5,2.0,CE,286
2020,5,2.0,DF,2
2020,5,2.0,ES,9
2020,5,2.0,GO,4
2020,5,2.0,MA,12
2020,5,2.0,MG,8
2020,5,2.0,MS,125
2020,5,2.0,MT,43
2020,5,2.0,PA,23
2020,5,2.0,PB,30
2020,5,2.0,PE,60
2020,5,2.0,PI,3
2020,5,2.0,PR,22
2020,5,2.0,RJ,8
2020,5,2.0,RN,4
2020,5,2.0,RO,37
2020,5,2.0,RR,35
2020,5,2.0,RS,8
2020,5,2.0,SC,6
2020,5,2.0,SE,8
2020,5,2.0,SP,9
2020,5,2.0,TO,67
2021,0,1.0,AC,78
2021,0,1.0,AL,258
2021,0,1.0,AM,1018
2021,0,1.0,AP,51
2021,0,1.0,BA,1585
2021,0,1.0,CE,3203
2021,0,1.0,DF,354
2021,0,1.0,ES,239
2021,0,1.0,GO,2627
2021,0,1.0,MA,475
2021,0,1.0,MG,1084
2021,0,1.0,MS,178
2021,0,1.0,MT,289
2021,0,1.0,PA,597
2021,0,1.0,PB,327
2021,0,1.0,PE,1696
2021,0,1.0,PI,312
2021,0,1.0,PR,720
2021,0,1.0,RJ,1145
2021,0,1.0,RN,221
2021,0,1.0,RO,218
2021,0,1.0,RR,42
2021,0,1.0,RS,552
2021,0,1.0,SC,459
2021,0,1.0,SE,203
2021,0,1.0,SP,1753
2021,0,1.0,TO,127
2021,0,2.0,AC,3
2021,0,2.0,AL,13
2021,0,2.0,AM,112
2021,0,2.0,AP,5
2021,0,2.0,BA,55
2021,0,2.0,CE,475
2021,0,2.0,DF,12
2021,0,2.0,ES,8
2021,0,2.0,GO,47
2021,0,2.0,MA,37
2021,0,2.0,MG,28
2021,0,2.0,MS,11
2021,0,2.0,MT,19
2021,0,2.0,PA,24
2021,0,2.0,PB,9
2021,0,2.0,PE,128
2021,0,2.0,PI,22
2021,0,2.0,PR,22
2021,0,2.0,RJ,25
2021,0,2.0,RN,7
2021,0,2.0,RO,10
2021,0,2.0,RR,4
2021,0,2.0,RS,28
2021,0,2.0,SC,23
2021,0,2.0,SE,41
2021,0,2.0,SP,35
2021,0,2.0,TO,5
2021,1,1.0,AC,713
2021,1,1.0,AL,3151
2021,1,1.0,AM,4631
2021,1,1.0,AP,706
2021,1,1.0,BA,10601
2021,1,1.0,CE,16170
2021,1,1.0,DF,7436
2021,1,1.0,ES,7208
2021,1,1.0,GO,14607
2021,1,1.0,MA,4535
2021,1,1.0,MG,31995
2021,1,1.0,MS,5191
2021,1,1.0,MT,4519
2021,1,1.0,PA,6139
2021,1,1.0,PB,6041
2021,1,1.0,PE,13117
2021,1,1.0,PI,3262
2021,1,1.0,PR,29219
2021,1,1.0,RJ,28538
2021,1,1.0,RN,5515
2021,1,1.0,RO,2221
2021,1,1.0,RR,384
2021,1,1.0,RS,28329
2021,1,1.0,SC,20819
2021,1,1.0,SE,2272
2021,1,1.0,SP,91423
2021,1,1.0,TO,1581
2021,1,2.0,AC,33
2021,1,2.0,AL,61
2021,1,2.0,AM,126
2021,1,2.0,AP,14
2021,1,2.0,BA,353
2021,1,2.0,CE,608
2021,1,2.0,DF,93
2021,1,2.0,ES,362
2021,1,2.0,GO,299
2021,1,2.0,MA,247
2021,1,2.0,MG,763
2021,1,2.0,MS,197
2021,1,2.0,MT,299
2021,1,2.0,PA,160
2021,1,2.0,PB,166
2021,1,2.0,PE,481
2021,1,2.0,PI,58
2021,1,2.0,PR,751
2021,1,2.0,RJ,471
2021,1,2.0,RN,134
2021,1,2.0,RO,116
2021,1,2.0,RR,18
2021,1,2.0,RS,997
2021,1,2.0,SC,554
2021,1,2.0,SE,55
2021,1,2.0,SP,964
2021,1,2.0,TO,45
2021,2,1.0,AC,291
2021,2,1.0,AL,1024
2021,2,1.0,AM,1455
2021,2,1.0,AP,346
2021,2,1.0,BA,11168
2021,2,1.0,CE,4609
2021,2,1.0,DF,1915
2021,2,1.0,ES,2153
2021,2,1.0,GO,4343
2021,2,1.0,MA,2277
2021,2,1.0,MG,6255
2021,2,1.0,MS,634
2021,2,1.0,MT,1311
2021,2,1.0,PA,2931
2021,2,1.0,PB,1430
2021,2,1.0,PE,4035
2021,2,1.0,PI,1643
2021,2,1.0,PR,1565
2021,2,1.0,RJ,7335
2021,2,1.0,RN,1029
2021,2,1.0,RO,703
2021,2,1.0,RR,136
2021,2,1.0,RS,1789
2021,2,1.0,SC,864
2021,2,1.0,SE,1154
2021,2,1.0,SP,10093
2021,2,1.0,TO,777
2021,2,2.0,AC,21
2021,2,2.0,AL,28
2021,2,2.0,AM,55
2021,2,2.0,AP,15
2021,2,2.0,BA,485
2021,2,2.0,CE,197
2021,2,2.0,DF,68
2021,2,2.0,ES,64
2021,2,2.0,GO,85
2021,2,2.0,MA,190
2021,2,2.0,MG,227
2021,2,2.0,MS,29
2021,2,2.0,MT,96
2021,2,2.0,PA,106
2021,2,2.0,PB,44
2021,2,2.0,PE,184
2021,2,2.0,PI,35
2021,2,2.0,PR,27
2021,2,2.0,RJ,152
2021,2,2.0,RN,40
2021,2,2.0,RO,32
2021,2,2.0,RR,12
2021,2,2.0,RS,50
2021,2,2.0,SC,11
2021,2,2.0,SE,54
2021,2,2.0,SP,72
2021,2,2.0,TO,67
2021,3,1.0,AC,1725
2021,3,1.0,AL,5309
2021,3,1.0,AM,22587
2021,3,1.0,AP,1636
2021,3,1.0,BA,21087
2021,3,1.0,CE,62040
2021,3,1.0,DF,6627
2021,3,1.0,ES,7016
2021,3,1.0,GO,20593
2021,3,1.0,MA,11911
2021,3,1.0,MG,21876
2021,3,1.0,MS,3905
2021,3,1.0,MT,5468
2021,3,1.0,PA,15309
2021,3,1.0,PB,8296
2021,3,1.0,PE,19095
2021,3,1.0,PI,7452
2021,3,1.0,PR,8699
2021,3,1.0,RJ,15759
2021,3,1.0,RN,5740
2021,3,1.0,RO,3865
2021,3,1.0,RR,1037
2021,3,1.0,RS,3748
2021,3,1.0,SC,3678
2021,3,1.0,SE,4491
2021,3,1.0,SP,31572
2021,3,1.0,TO,3304
2021,3,2.0,AC,113
2021,3,2.0,AL,219
2021,3,2.0,AM,1544
2021,3,2.0,AP,75
2021,3,2.0,BA,1120
2021,3,2.0,CE,3823
2021,3,2.0,DF,192
2021,3,2.0,ES,219
2021,3,2.0,GO,492
2021,3,2.0,MA,1071
2021,3,2.0,MG,883
2021,3,2.0,MS,174
2021,3,2.0,MT,431
2021,3,2.0,PA,767
2021,3,2.0,PB,316
2021,3,2.0,PE,883
2021,3,2.0,PI,288
2021,3,2.0,PR,257
2021,3,2.0,RJ,361
2021,3,2.0,RN,221
2021,3,2.0,RO,196
2021,3,2.0,RR,68
2021,3,2.0,RS,125
2021,3,2.0,SC,91
2021,3,2.0,SE,228
2021,3,2.0,SP,384
2021,3,2.0,TO,251
2021,4,1.0,AC,94
2021,4,1.0,AL,327
2021,4,1.0,AM,491
2021,4,1.0,AP,41
2021,4,1.0,BA,1027
2021,4,1.0,CE,963
2021,4,1.0,DF,337
2021,4,1.0,ES,209
2021,4,1.0,GO,1316
2021,4,1.0,MA,302
2021,4,1.0,MG,938
2021,4,1.0,MS,253
2021,4,1.0,MT,246
2021,4,1.0,PA,561
2021,4,1.0,PB,390
2021,4,1.0,PE,771
2021,4,1.0,PI,299
2021,4,1.0,PR,948
2021,4,1.0,RJ,605
2021,4,1.0,RN,233
2021,4,1.0,RO,197
2021,4,1.0,RR,21
2021,4,1.0,RS,113
2021,4,1.0,SC,185
2021,4,1.0,SE,208
2021,4,1.0,SP,3380
2021,4,1.0,TO,210
2021,4,2.0,AC,6
2021,4,2.0,AL,12
2021,4,2.0,AM,20
2021,4,2.0,AP,2
2021,4,2.0,BA,36
2021,4,2.0,CE,43
2021,4,2.0,DF,9
2021,4,2.0,ES,4
2021,4,2.0,GO,33
2021,4,2.0,MA,31
2021,4,2.0,MG,28
2021,4,2.0,MS,5
2021,4,2.0,MT,19
2021,4,2.0,PA,21
2021,4,2.0,PB,9
2021,4,2.0,PE,38
2021,4,2.0,PI,4
2021,4,2.0,PR,13
2021,4,2.0,RJ,17
2021,4,2.0,RN,13
2021,4,2.0,RO,7
2021,4,2.0,RR,1
2021,4,2.0,RS,3
2021,4,2.0,SC,2
2021,4,2.0,SE,3
2021,4,2.0,SP,22
2021,4,2.0,TO,7
2021,5,1.0,AC,17
2021,5,1.0,AL,58
2021,5,1.0,AM,853
2021,5,1.0,AP,18
2021,5,1.0,BA,268
2021,5,1.0,CE,255
2021,5,1.0,DF,48
2021,5,1.0,ES,77
2021,5,1.0,GO,161
2021,5,1.0,MA,68
2021,5,1.0,MG,144
2021,5,1.0,MS,94
2021,5,1.0,MT,42
2021,5,1.0,PA,138
2021,5,1.0,PB,136
2021,5,1.0,PE,325
2021,5,1.0,PI,48
2021,5,1.0,PR,53
2021,5,1.0,RJ,115
2021,5,1.0,RN,43
2021,5,1.0,RO,56
2021,5,1.0,RR,46
2021,5,1.0,RS,46
2021,5,1.0,SC,53
2021,5,1.0,SE,45
2021,5,1.0,SP,296
2021,5,1.0,TO,39
2021,5,2.0,AC,3
2021,5,2.0,AL,13
2021,5,2.0,AM,450
2021,5,2.0,AP,8
2021,5,2.0,BA,35
2021,5,2.0,CE,213
2021,5,2.0,DF,2
2021,5,2.0,ES,5
2021,5,2.0,GO,5
2021,5,2.0,MA,10
2021,5,2.0,MG,6
2021,5,2.0,MS,104
2021,5,2.0,MT,14
2021,5,2.0,PA,12
2021,5,2.0,PB,32
2021,5,2.0,PE,71
2021,5,2.0,PI,4
2021,5,2.0,PR,9
2021,5,2.0,RJ,3
2021,5,2.0,RN,2
2021,5,2.0,RO,34
2021,5,2.0,RR,17
2021,5,2.0,RS,15
2021,5,2.0,SC,2
2021,5,2.0,SP,8
2021,5,2.0,TO,19
2022,0,1.0,AC,87
2022,0,1.0,AL,328
2022,0,1.0,AM,692
2022,0,1.0,AP,58
2022,0,1.0,BA,935
2022,0,1.0,CE,3805
2022,0,1.0,DF,349
2022,0,1.0,ES,229
2022,0,1.0,GO,1504
2022,0,1.0,MA,446
2022,0,1.0,MG,1041
2022,0,1.0,MS,210
2022,0,1.0,MT,331
2022,0,1.0,PA,762
2022,0,1.0,PB,411
2022,0,1.0,PE,829
2022,0,1.0,PI,346
2022,0,1.0,PR,878
2022,0,1.0,RJ,1287
2022,0,1.0,RN,235
2022,0,1.0,RO,259
2022,0,1.0,RR,46
2022,0,1.0,RS,682
2022,0,1.0,SC,513
2022,0,1.0,SE,216
2022,0,1.0,SP,2165
2022,0,1.0,TO,128
2022,0,2.0,AC,11
2022,0,2.0,AL,20
2022,0,2.0,AM,59
2022,0,2.0,AP,31
2022,0,2.0,BA,69
2022,0,2.0,CE,202
2022,0,2.0,DF,100
2022,0,2.0,ES,4
2022,0,2.0,GO,31
2022,0,2.0,MA,82
2022,0,2.0,MG,33
2022,0,2.0,MS,18
2022,0,2.0,MT,25
2022,0,2.0,PA,47
2022,0,2.0,PB,17
2022,0,2.0,PE,74
2022,0,2.0,PI,12
2022,0,2.0,PR,64
2022,0,2.0,RJ,32
2022,0,2.0,RN,7
2022,0,2.0,RO,5
2022,0,2.0,RR,1
2022,0,2.0,RS,40
2022,0,2.0,SC,13
2022,0,2.0,SE,16
2022,0,2.0,SP,37
2022,0,2.0,TO,10
2022,1,1.0,AC,954
2022,1,1.0,AL,4115
2022,1,1.0,AM,4592
2022,1,1.0,AP,929
2022,1,1.0,BA,10313
2022,1,1.0,CE,19717
2022,1,1.0,DF,8232
2022,1,1.0,ES,8024
2022,1,1.0,GO,16554
2022,1,1.0,MA,5616
2022,1,1.0,MG,33598
2022,1,1.0,MS,6220
2022,1,1.0,MT,5875
2022,1,1.0,PA,7901
2022,1,1.0,PB,7105
2022,1,1.0,PE,14567
2022,1,1.0,PI,3905
2022,1,1.0,PR,33806
2022,1,1.0,RJ,32989
2022,1,1.0,RN,6799
2022,1,1.0,RO,2707
2022,1,1.0,RR,522
2022,1,1.0,RS,32246
2022,1,1.0,SC,24181
2022,1,1.0,SE,2817
2022,1,1.0,SP,112835
2022,1,1.0,TO,1770
2022,1,2.0,AC,55
2022,1,2.0,AL,145
2022,1,2.0,AM,107
2022,1,2.0,AP,20
2022,1,2.0,BA,402
2022,1,2.0,CE,666
2022,1,2.0,DF,92
2022,1,2.0,ES,382
2022,1,2.0,GO,303
2022,1,2.0,MA,416
2022,1,2.0,MG,805
2022,1,2.0,MS,234
2022,1,2.0,MT,369
2022,1,2.0,PA,231
2022,1,2.0,PB,160
2022,1,2.0,PE,465
2022,1,2.0,PI,83
2022,1,2.0,PR,965
2022,1,2.0,RJ,695
2022,1,2.0,RN,159
2022,1,2.0,RO,124
2022,1,2.0,RR,26
2022,1,2.0,RS,1144
2022,1,2.0,SC,662
2022,1,2.0,SE,91
2022,1,2.0,SP,1446
2022,1,2.0,TO,71
2022,2,1.0,AC,414
2022,2,1.0,AL,1675
2022,2,1.0,AM,1234
2022,2,1.0,AP,429
2022,2,1.0,BA,10126
2022,2,1.0,CE,6605
2022,2,1.0,DF,2226
2022,2,1.0,ES,2525
2022,2,1.0,GO,5152
2022,2,1.0,MA,2981
2022,2,1.0,MG,6667
2022,2,1.0,MS,801
2022,2,1.0,MT,1822
2022,2,1.0,PA,3716
2022,2,1.0,PB,1808
2022,2,1.0,PE,4596
2022,2,1.0,PI,1859
2022,2,1.0,PR,1913
2022,2,1.0,RJ,10434
2022,2,1.0,RN,1481
2022,2,1.0,RO,809
2022,2,1.0,RR,168
2022,2,1.0,RS,2336
2022,2,1.0,SC,1037
2022,2,1.0,SE,1527
2022,2,1.0,SP,15612
2022,2,1.0,TO,961
2022,2,2.0,AC,28
2022,2,2.0,AL,75
2022,2,2.0,AM,42
2022,2,2.0,AP,24
2022,2,2.0,BA,503
2022,2,2.0,CE,231
2022,2,2.0,DF,37
2022,2,2.0,ES,55
2022,2,2.0,GO,83
2022,2,2.0,MA,317
2022,2,2.0,MG,220
2022,2,2.0,MS,31
2022,2,2.0,MT,111
2022,2,2.0,PA,147
2022,2,2.0,PB,62
2022,2,2.0,PE,238
2022,2,2.0,PI,69
2022,2,2.0,PR,41
2022,2,2.0,RJ,238
2022,2,2.0,RN,52
2022,2,2.0,RO,46
2022,2,2.0,RR,9
2022,2,2.0,RS,45
2022,2,2.0,SC,12
2022,2,2.0,SE,58
2022,2,2.0,SP,130
2022,2,2.0,TO,95
2022,3,1.0,AC,2418
2022,3,1.0,AL,8031
2022,3,1.0,AM,18290
2022,3,1.0,AP,2212
2022,3,1.0,BA,19684
2022,3,1.0,CE,65140
2022,3,1.0,DF,7712
2022,3,1.0,ES,8006
2022,3,1.0,GO,21851
2022,3,1.0,MA,15616
2022,3,1.0,MG,24276
2022,3,1.0,MS,4805
2022,3,1.0,MT,7457
2022,3,1.0,PA,19818
2022,3,1.0,PB,10618
2022,3,1.0,PE,21188
2022,3,1.0,PI,9125
2022,3,1.0,PR,11000
2022,3,1.0,RJ,21371
2022,3,1.0,RN,7747
2022,3,1.0,RO,5111
2022,3,1.0,RR,1180
2022,3,1.0,RS,5026
2022,3,1.0,SC,4728
2022,3,1.0,SE,5813
2022,3,1.0,SP,47402
2022,3,1.0,TO,3925
2022,3,2.0,AC,214
2022,3,2.0,AL,378
2022,3,2.0,AM,1319
2022,3,2.0,AP,158
2022,3,2.0,BA,1119
2022,3,2.0,CE,4143
2022,3,2.0,DF,171
2022,3,2.0,ES,270
2022,3,2.0,GO,402
2022,3,2.0,MA,1769
2022,3,2.0,MG,913
2022,3,2.0,MS,221
2022,3,2.0,MT,506
2022,3,2.0,PA,1177
2022,3,2.0,PB,347
2022,3,2.0,PE,1007
2022,3,2.0,PI,430
2022,3,2.0,PR,395
2022,3,2.0,RJ,469
2022,3,2.0,RN,260
2022,3,2.0,RO,270
2022,3,2.0,RR,108
2022,3,2.0,RS,155
2022,3,2.0,SC,127
2022,3,2.0,SE,283
2022,3,2.0,SP,655
2022,3,2.0,TO,289
2022,4,1.0,AC,146
2022,4,1.0,AL,403
2022,4,1.0,AM,426
2022,4,1.0,AP,41
2022,4,1.0,BA,903
2022,4,1.0,CE,1212
2022,4,1.0,DF,351
2022,4,1.0,ES,274
2022,4,1.0,GO,1382
2022,4,1.0,MA,317
2022,4,1.0,MG,901
2022,4,1.0,MS,260
2022,4,1.0,MT,292
2022,4,1.0,PA,617
2022,4,1.0,PB,369
2022,4,1.0,PE,749
2022,4,1.0,PI,372
2022,4,1.0,PR,953
2022,4,1.0,RJ,745
2022,4,1.0,RN,292
2022,4,1.0,RO,202
2022,4,1.0,RR,22
2022,4,1.0,RS,142
2022,4,1.0,SC,216
2022,4,1.0,SE,266
2022,4,1.0,SP,3861
2022,4,1.0,TO,244
2022,4,2.0,AC,14
2022,4,2.0,AL,16
2022,4,2.0,AM,20
2022,4,2.0,AP,3
2022,4,2.0,BA,52
2022,4,2.0,CE,51
2022,4,2.0,DF,9
2022,4,2.0,ES,5
2022,4,2.0,GO,27
2022,4,2.0,MA,24
2022,4,2.0,MG,23
2022,4,2.0,MS,5
2022,4,2.0,MT,20
2022,4,2.0,PA,29
2022,4,2.0,PB,15
2022,4,2.0,PE,37
2022,4,2.0,PI,16
2022,4,2.0,PR,17
2022,4,2.0,RJ,20
2022,4,2.0,RN,13
2022,4,2.0,RO,17
2022,4,2.0,RR,3
2022,4,2.0,RS,2
2022,4,2.0,SC,6
2022,4,2.0,SE,13
2022,4,2.0,SP,31
2022,4,2.0,TO,15
2022,5,1.0,AC,29
2022,5,1.0,AL,99
2022,5,1.0,AM,722
2022,5,1.0,AP,21
2022,5,1.0,BA,247
2022,5,1.0,CE,373
2022,5,1.0,DF,72
2022,5,1.0,ES,81
2022,5,1.0,GO,214
2022,5,1.0,MA,88
2022,5,1.0,MG,180
2022,5,1.0,MS,167
2022,5,1.0,MT,58
2022,5,1.0,PA,158
2022,5,1.0,PB,135
2022,5,1.0,PE,345
2022,5,1.0,PI,85
2022,5,1.0,PR,82
2022,5,1.0,RJ,190
2022,5,1.0,RN,46
2022,5,1.0,RO,86
2022,5,1.0,RR,95
2022,5,1.0,RS,69
2022,5,1.0,SC,61
2022,5,1.0,SE,43
2022,5,1.0,SP,546
2022,5,1.0,TO,34
2022,5,2.0,AC,2
2022,5,2.0,AL,46
2022,5,2.0,AM,205
2022,5,2.0,AP,7
2022,5,2.0,BA,43
2022,5,2.0,CE,228
2022,5,2.0,DF,1
2022,5,2.0,ES,19
2022,5,2.0,GO,12
2022,5,2.0,MA,12
2022,5,2.0,MG,12
2022,5,2.0,MS,193
2022,5,2.0,MT,14
2022,5,2.0,PA,22
2022,5,2.0,PB,30
2022,5,2.0,PE,76
2022,5,2.0,PI,4
2022,5,2.0,PR,14
2022,5,2.0,RJ,7
2022,5,2.0,RN,13
2022,5,2.0,RO,42
2022,5,2.0,RR,41
2022,5,2.0,RS,4
2022,5,2.0,SC,6
2022,5,2.0,SE,4
2022,5,2.0,SP,13
2022,5,2.0,TO,30
2023,0,1.0,AC,67
2023,0,1.0,AL,199
2023,0,1.0,AM,461
2023,0,1.0,AP,52
2023,0,1.0,BA,505
2023,0,1.0,CE,2954
2023,0,1.0,DF,229
2023,0,1.0,ES,151
2023,0,1.0,GO,1013
2023,0,1.0,MA,224
2023,0,1.0,MG,645
2023,0,1.0,MS,122
2023,0,1.0,MT,182
2023,0,1.0,PA,424
2023,0,1.0,PB,305
2023,0,1.0,PE,522
2023,0,1.0,PI,213
2023,0,1.0,PR,623
2023,0,1.0,RJ,685
2023,0,1.0,RN,147
2023,0,1.0,RO,130
2023,0,1.0,RR,31
2023,0,1.0,RS,394
2023,0,1.0,SC,324
2023,0,1.0,SE,123
2023,0,1.0,SP,1465
2023,0,1.0,TO,52
2023,0,2.0,AC,11
2023,0,2.0,AL,9
2023,0,2.0,AM,50
2023,0,2.0,AP,2
2023,0,2.0,BA,23
2023,0,2.0,CE,87
2023,0,2.0,DF,12
2023,0,2.0,ES,2
2023,0,2.0,GO,15
2023,0,2.0,MA,34
2023,0,2.0,MG,22
2023,0,2.0,MS,3
2023,0,2.0,MT,13
2023,0,2.0,PA,41
2023,0,2.0,PB,5
2023,0,2.0,PE,68
2023,0,2.0,PI,18
2023,0,2.0,PR,26
2023,0,2.0,RJ,16
2023,0,2.0,RN,2
2023,0,2.0,RO,7
2023,0,2.0,RR,4
2023,0,2.0,RS,18
2023,0,2.0,SC,7
2023,0,2.0,SE,7
2023,0,2.0,SP,19
2023,0,2.0,TO,10
2023,1,1.0,AC,930
2023,1,1.0,AL,5098
2023,1,1.0,AM,4684
2023,1,1.0,AP,1104
2023,1,1.0,BA,10709
2023,1,1.0,CE,21190
2023,1,1.0,DF,8884
2023,1,1.0,ES,8550
2023,1,1.0,GO,16848
2023,1,1.0,MA,6238
2023,1,1.0,MG,33249
2023,1,1.0,MS,5955
2023,1,1.0,MT,6083
2023,1,1.0,PA,8402
2023,1,1.0,PB,7942
2023,1,1.0,PE,15435
2023,1,1.0,PI,4306
2023,1,1.0,PR,35823
2023,1,1.0,RJ,31855
2023,1,1.0,RN,7237
2023,1,1.0,RO,3105
2023,1,1.0,RR,578
2023,1,1.0,RS,31150
2023,1,1.0,SC,24299
2023,1,1.0,SE,2898
2023,1,1.0,SP,115160
2023,1,1.0,TO,1755
2023,1,2.0,AC,68
2023,1,2.0,AL,176
2023,1,2.0,AM,111
2023,1,2.0,AP,24
2023,1,2.0,BA,467
2023,1,2.0,CE,986
2023,1,2.0,DF,81
2023,1,2.0,ES,434
2023,1,2.0,GO,296
2023,1,2.0,MA,449
2023,1,2.0,MG,835
2023,1,2.0,MS,237
2023,1,2.0,MT,341
2023,1,2.0,PA,269
2023,1,2.0,PB,204
2023,1,2.0,PE,458
2023,1,2.0,PI,111
2023,1,2.0,PR,1081
2023,1,2.0,RJ,605
2023,1,2.0,RN,151
2023,1,2.0,RO,126
2023,1,2.0,RR,26
2023,1,2.0,RS,942
2023,1,2.0,SC,635
2023,1,2.0,SE,82
2023,1,2.0,SP,1543
2023,1,2.0,TO,86
2023,2,1.0,AC,375
2023,2,1.0,AL,2484
2023,2,1.0,AM,1341
2023,2,1.0,AP,510
2023,2,1.0,BA,9682
2023,2,1.0,CE,6974
2023,2,1.0,DF,2335
2023,2,1.0,ES,2637
2023,2,1.0,GO,5137
2023,2,1.0,MA,3797
2023,2,1.0,MG,7135
2023,2,1.0,MS,667
2023,2,1.0,MT,1800
2023,2,1.0,PA,3902
2023,2,1.0,PB,2225
2023,2,1.0,PE,5279
2023,2,1.0,PI,2357
2023,2,1.0,PR,2304
2023,2,1.0,RJ,9719
2023,2,1.0,RN,1415
2023,2,1.0,RO,944
2023,2,1.0,RR,169
2023,2,1.0,RS,1992
2023,2,1.0,SC,1135
2023,2,1.0,SE,1474
2023,2,1.0,SP,16551
2023,2,1.0,TO,938
2023,2,2.0,AC,47
2023,2,2.0,AL,111
2023,2,2.0,AM,53
2023,2,2.0,AP,49
2023,2,2.0,BA,483
2023,2,2.0,CE,335
2023,2,2.0,DF,62
2023,2,2.0,ES,73
2023,2,2.0,GO,107
2023,2,2.0,MA,495
2023,2,2.0,MG,226
2023,2,2.0,MS,23
2023,2,2.0,MT,128
2023,2,2.0,PA,222
2023,2,2.0,PB,83
2023,2,2.0,PE,247
2023,2,2.0,PI,135
2023,2,2.0,PR,50
2023,2,2.0,RJ,246
2023,2,2.0,RN,61
2023,2,2.0,RO,45
2023,2,2.0,RR,16
2023,2,2.0,RS,39
2023,2,2.0,SC,18
2023,2,2.0,SE,64
2023,2,2.0,SP,167
2023,2,2.0,TO,87
2023,3,1.0,AC,2176
2023,3,1.0,AL,11027
2023,3,1.0,AM,17295
2023,3,1.0,AP,2346
2023,3,1.0,BA,19351
2023,3,1.0,CE,60068
2023,3,1.0,DF,7893
2023,3,1.0,ES,8076
2023,3,1.0,GO,20490
2023,3,1.0,MA,17837
2023,3,1.0,MG,23007
2023,3,1.0,MS,4167
2023,3,1.0,MT,7221
2023,3,1.0,PA,19614
2023,3,1.0,PB,12683
2023,3,1.0,PE,21318
2023,3,1.0,PI,10244
2023,3,1.0,PR,12619
2023,3,1.0,RJ,19379
2023,3,1.0,RN,7517
2023,3,1.0,RO,5299
2023,3,1.0,RR,1172
2023,3,1.0,RS,4710
2023,3,1.0,SC,4959
2023,3,1.0,SE,5423
2023,3,1.0,SP,47594
2023,3,1.0,TO,3745
2023,3,2.0,AC,322
2023,3,2.0,AL,687
2023,3,2.0,AM,1133
2023,3,2.0,AP,170
2023,3,2.0,BA,1273
2023,3,2.0,CE,3966
2023,3,2.0,DF,225
2023,3,2.0,ES,327
2023,3,2.0,GO,454
2023,3,2.0,MA,2198
2023,3,2.0,MG,923
2023,3,2.0,MS,226
2023,3,2.0,MT,594
2023,3,2.0,PA,1311
2023,3,2.0,PB,460
2023,3,2.0,PE,1095
2023,3,2.0,PI,526
2023,3,2.0,PR,398
2023,3,2.0,RJ,534
2023,3,2.0,RN,288
2023,3,2.0,RO,231
2023,3,2.0,RR,113
2023,3,2.0,RS,177
2023,3,2.0,SC,99
2023,3,2.0,SE,304
2023,3,2.0,SP,656
2023,3,2.0,TO,294
2023,4,1.0,AC,123
2023,4,1.0,AL,475
2023,4,1.0,AM,391
2023,4,1.0,AP,51
2023,4,1.0,BA,614
2023,4,1.0,CE,929
2023,4,1.0,DF,249
2023,4,1.0,ES,172
2023,4,1.0,GO,1224
2023,4,1.0,MA,361
2023,4,1.0,MG,650
2023,4,1.0,MS,275
2023,4,1.0,MT,303
2023,4,1.0,PA,562
2023,4,1.0,PB,363
2023,4,1.0,PE,621
2023,4,1.0,PI,336
2023,4,1.0,PR,1007
2023,4,1.0,RJ,585
2023,4,1.0,RN,204
2023,4,1.0,RO,214
2023,4,1.0,RR,17
2023,4,1.0,RS,130
2023,4,1.0,SC,204
2023,4,1.0,SE,202
2023,4,1.0,SP,3590
2023,4,1.0,TO,157
2023,4,2.0,AC,14
2023,4,2.0,AL,26
2023,4,2.0,AM,9
2023,4,2.0,AP,5
2023,4,2.0,BA,48
2023,4,2.0,CE,44
2023,4,2.0,DF,8
2023,4,2.0,ES,6
2023,4,2.0,GO,27
2023,4,2.0,MA,45
2023,4,2.0,MG,19
2023,4,2.0,MS,6
2023,4,2.0,MT,8
2023,4,2.0,PA,30
2023,4,2.0,PB,17
2023,4,2.0,PE,30
2023,4,2.0,PI,16
2023,4,2.0,PR,35
2023,4,2.0,RJ,22
2023,4,2.0,RN,8
2023,4,2.0,RO,4
2023,4,2.0,RR,3
2023,4,2.0,RS,4
2023,4,2.0,SC,1
2023,4,2.0,SE,9
2023,4,2.0,SP,33
2023,4,2.0,TO,12
2023,5,1.0,AC,56
2023,5,1.0,AL,146
2023,5,1.0,AM,780
2023,5,1.0,AP,14
2023,5,1.0,BA,231
2023,5,1.0,CE,386
2023,5,1.0,DF,54
2023,5,1.0,ES,92
2023,5,1.0,GO,275
2023,5,1.0,MA,147
2023,5,1.0,MG,143
2023,5,1.0,MS,106
2023,5,1.0,MT,61
2023,5,1.0,PA,205
2023,5,1.0,PB,124
2023,5,1.0,PE,367
2023,5,1.0,PI,100
2023,5,1.0,PR,104
2023,5,1.0,RJ,165
2023,5,1.0,RN,56
2023,5,1.0,RO,73
2023,5,1.0,RR,96
2023,5,1.0,RS,85
2023,5,1.0,SC,81
2023,5,1.0,SE,66
2023,5,1.0,SP,571
2023,5,1.0,TO,46
2023,5,2.0,AC,8
2023,5,2.0,AL,39
2023,5,2.0,AM,213
2023,5,2.0,AP,2
2023,5,2.0,BA,37
2023,5,2.0,CE,215
2023,5,2.0,DF,1
2023,5,2.0,ES,18
2023,5,2.0,GO,9
2023,5,2.0,MA,35
2023,5,2.0,MG,18
2023,5,2.0,MS,137
2023,5,2.0,MT,23
2023,5,2.0,PA,20
2023,5,2.0,PB,53
2023,5,2.0,PE,121
2023,5,2.0,PI,4
2023,5,2.0,PR,41
2023,5,2.0,RJ,2
2023,5,2.0,RN,15
2023,5,2.0,RO,14
2023,5,2.0,RR,58
2023,5,2.0,RS,13
2023,5,2.0,SC,3
2023,5,2.0,SE,6
2023,5,2.0,SP,10
2023,5,2.0,TO,35
