NU_ANO,TP_ESCOLA,Q024,SG_UF_PROVA,QTD
2019,1,A,AC,21146
2019,1,A,AL,38987
2019,1,A,AM,54552
2019,1,A,AP,23354
2019,1,A,BA,161356
2019,1,A,CE,97353
2019,1,A,DF,21961
2019,1,A,ES,25264
2019,1,A,GO,50565
2019,1,A,MA,112266
2019,1,A,MG,128982
2019,1,A,MS,22031
2019,1,A,MT,27435
2019,1,A,PA,149209
2019,1,A,PB,58852
2019,1,A,PE,103584
2019,1,A,PI,57391
2019,1,A,PR,40279
2019,1,A,RJ,79844
2019,1,A,RN,45625
2019,1,A,RO,22016
2019,1,A,RR,5106
2019,1,A,RS,49281
2019,1,A,SC,18492
2019,1,A,SE,35016
2019,1,A,SP,155412
2019,1,A,TO,19014
2019,1,B,AC,9127
2019,1,B,AL,25027
2019,1,B,AM,27927
2019,1,B,AP,9194
2019,1,B,BA,124727
2019,1,B,CE,66586
2019,1,B,DF,33205
2019,1,B,ES,38470
2019,1,B,GO,57604
2019,1,B,MA,45369
2019,1,B,MG,213173
2019,1,B,MS,22563
2019,1,B,MT,30380
2019,1,B,PA,60032
2019,1,B,PB,46467
2019,1,B,PE,82760
2019,1,B,PI,29988
2019,1,B,PR,74786
2019,1,B,RJ,122595
2019,1,B,RN,39715
2019,1,B,RO,19121
2019,1,B,RR,3770
2019,1,B,RS,84122
2019,1,B,SC,35890
2019,1,B,SE,21809
2019,1,B,SP,281724
2019,1,B,TO,12892
2019,1,C,AC,954
2019,1,C,AL,2985
2019,1,C,AM,3560
2019,1,C,AP,1245
2019,1,C,BA,12817
2019,1,C,CE,9571
2019,1,C,DF,8424
2019,1,C,ES,6412
2019,1,C,GO,9102
2019,1,C,MA,4913
2019,1,C,MG,36490
2019,1,C,MS,3728
2019,1,C,MT,4736
2019,1,C,PA,7024
2019,1,C,PB,6403
2019,1,C,PE,11072
2019,1,C,PI,3797
2019,1,C,PR,16782
2019,1,C,RJ,24693
2019,1,C,RN,5882
2019,1,C,RO,2257
2019,1,C,RR,689
2019,1,C,RS,16999
2019,1,C,SC,8598
2019,1,C,SE,2842
2019,1,C,SP,60083
2019,1,C,TO,1736
2019,1,D,AC,243
2019,1,D,AL,827
2019,1,D,AM,904
2019,1,D,AP,342
2019,1,D,BA,3363
2019,1,D,CE,2594
2019,1,D,DF,3284
2019,1,D,ES,1789
2019,1,D,GO,2324
2019,1,D,MA,1172
2019,1,D,MG,10084
2019,1,D,MS,1021
2019,1,D,MT,1217
2019,1,D,PA,1697
2019,1,D,PB,1753
2019,1,D,PE,3327
2019,1,D,PI,1017
2019,1,D,PR,5152
2019,1,D,RJ,7760
2019,1,D,RN,1641
2019,1,D,RO,485
2019,1,D,RR,225
2019,1,D,RS,4637
2019,1,D,SC,2510
2019,1,D,SE,787
2019,1,D,SP,19109
2019,1,D,TO,474
2019,1,E,AC,63
2019,1,E,AL,305
2019,1,E,AM,345
2019,1,E,AP,116
2019,1,E,BA,1087
2019,1,E,CE,1054
2019,1,E,DF,1725
2019,1,E,ES,615
2019,1,E,GO,843
2019,1,E,MA,369
2019,1,E,MG,4136
2019,1,E,MS,334
2019,1,E,MT,420
2019,1,E,PA,568
2019,1,E,PB,688
2019,1,E,PE,1336
2019,1,E,PI,318
2019,1,E,PR,1981
2019,1,E,RJ,3482
2019,1,E,RN,633
2019,1,E,RO,140
2019,1,E,RR,97
2019,1,E,RS,1789
2019,1,E,SC,918
2019,1,E,SE,290
2019,1,E,SP,8582
2019,1,E,TO,148
2019,2,A,AC,4902
2019,2,A,AL,13137
2019,2,A,AM,20637
2019,2,A,AP,5822
2019,2,A,BA,52785
2019,2,A,CE,88936
2019,2,A,DF,8100
2019,2,A,ES,12169
2019,2,A,GO,22319
2019,2,A,MA,41497
2019,2,A,MG,53611
2019,2,A,MS,9499
2019,2,A,MT,11158
2019,2,A,PA,42436
2019,2,A,PB,19798
2019,2,A,PE,43495
2019,2,A,PI,20261
2019,2,A,PR,23720
2019,2,A,RJ,35337
2019,2,A,RN,13514
2019,2,A,RO,8138
2019,2,A,RR,1599
2019,2,A,RS,19505
2019,2,A,SC,12267
2019,2,A,SE,10940
2019,2,A,SP,85900
2019,2,A,TO,7380
2019,2,B,AC,1615
2019,2,B,AL,4151
2019,2,B,AM,7497
2019,2,B,AP,1651
2019,2,B,BA,24099
2019,2,B,CE,17909
2019,2,B,DF,10104
2019,2,B,ES,12177
2019,2,B,GO,17738
2019,2,B,MA,8147
2019,2,B,MG,61324
2019,2,B,MS,7833
2019,2,B,MT,9213
2019,2,B,PA,10187
2019,2,B,PB,7103
2019,2,B,PE,18108
2019,2,B,PI,5154
2019,2,B,PR,31023
2019,2,B,RJ,33943
2019,2,B,RN,7345
2019,2,B,RO,5112
2019,2,B,RR,990
2019,2,B,RS,27743
2019,2,B,SC,20864
2019,2,B,SE,3011
2019,2,B,SP,120790
2019,2,B,TO,3352
2019,2,C,AC,177
2019,2,C,AL,253
2019,2,C,AM,814
2019,2,C,AP,183
2019,2,C,BA,1551
2019,2,C,CE,1390
2019,2,C,DF,1771
2019,2,C,ES,1626
2019,2,C,GO,1813
2019,2,C,MA,580
2019,2,C,MG,7899
2019,2,C,MS,1037
2019,2,C,MT,1013
2019,2,C,PA,855
2019,2,C,PB,488
2019,2,C,PE,1360
2019,2,C,PI,339
2019,2,C,PR,5242
2019,2,C,RJ,4277
2019,2,C,RN,685
2019,2,C,RO,627
2019,2,C,RR,176
2019,2,C,RS,4759
2019,2,C,SC,4065
2019,2,C,SE,180
2019,2,C,SP,19211
2019,2,C,TO,349
2019,2,D,AC,29
2019,2,D,AL,45
2019,2,D,AM,185
2019,2,D,AP,45
2019,2,D,BA,265
2019,2,D,CE,257
2019,2,D,DF,516
2019,2,D,ES,346
2019,2,D,GO,361
2019,2,D,MA,86
2019,2,D,MG,1606
2019,2,D,MS,252
2019,2,D,MT,231
2019,2,D,PA,150
2019,2,D,PB,81
2019,2,D,PE,276
2019,2,D,PI,48
2019,2,D,PR,1150
2019,2,D,RJ,960
2019,2,D,RN,136
2019,2,D,RO,133
2019,2,D,RR,47
2019,2,D,RS,1084
2019,2,D,SC,907
2019,2,D,SE,33
2019,2,D,SP,4092
2019,2,D,TO,62
2019,2,E,AC,7
2019,2,E,AL,5
2019,2,E,AM,67
2019,2,E,AP,5
2019,2,E,BA,85
2019,2,E,CE,105
2019,2,E,DF,217
2019,2,E,ES,117
2019,2,E,GO,105
2019,2,E,MA,38
2019,2,E,MG,471
2019,2,E,MS,71
2019,2,E,MT,62
2019,2,E,PA,41
2019,2,E,PB,31
2019,2,E,PE,83
2019,2,E,PI,22
2019,2,E,PR,360
2019,2,E,RJ,292
2019,2,E,RN,43
2019,2,E,RO,27
2019,2,E,RR,17
2019,2,E,RS,298
2019,2,E,SC,264
2019,2,E,SE,6
2019,2,E,SP,1229
2019,2,E,TO,18
2019,3,A,AC,93
2019,3,A,AL,1119
2019,3,A,AM,357
2019,3,A,AP,165
2019,3,A,BA,2645
2019,3,A,CE,2046
2019,3,A,DF,588
2019,3,A,ES,368
2019,3,A,GO,1256
2019,3,A,MA,1160
2019,3,A,MG,1635
2019,3,A,MS,296
2019,3,A,MT,381
2019,3,A,PA,2375
2019,3,A,PB,1223
2019,3,A,PE,2053
2019,3,A,PI,1066
2019,3,A,PR,881
2019,3,A,RJ,3685
2019,3,A,RN,903
2019,3,A,RO,124
2019,3,A,RR,41
2019,3,A,RS,784
2019,3,A,SC,529
2019,3,A,SE,940
2019,3,A,SP,5288
2019,3,A,TO,187
2019,3,B,AC,171
2019,3,B,AL,2148
2019,3,B,AM,730
2019,3,B,AP,296
2019,3,B,BA,7173
2019,3,B,CE,4553
2019,3,B,DF,2697
2019,3,B,ES,1624
2019,3,B,GO,3734
2019,3,B,MA,1629
2019,3,B,MG,8343
2019,3,B,MS,964
2019,3,B,MT,1113
2019,3,B,PA,3359
2019,3,B,PB,2830
2019,3,B,PE,4764
2019,3,B,PI,1976
2019,3,B,PR,4764
2019,3,B,RJ,13380
2019,3,B,RN,2085
2019,3,B,RO,287
2019,3,B,RR,110
2019,3,B,RS,3666
2019,3,B,SC,2554
2019,3,B,SE,1821
2019,3,B,SP,28574
2019,3,B,TO,391
2019,3,C,AC,81
2019,3,C,AL,568
2019,3,C,AM,350
2019,3,C,AP,110
2019,3,C,BA,2299
2019,3,C,CE,1662
2019,3,C,DF,1760
2019,3,C,ES,804
2019,3,C,GO,1453
2019,3,C,MA,555
2019,3,C,MG,4014
2019,3,C,MS,480
2019,3,C,MT,462
2019,3,C,PA,1098
2019,3,C,PB,937
2019,3,C,PE,1899
2019,3,C,PI,623
2019,3,C,PR,3034
2019,3,C,RJ,5680
2019,3,C,RN,719
2019,3,C,RO,109
2019,3,C,RR,44
2019,3,C,RS,2200
2019,3,C,SC,1617
2019,3,C,SE,523
2019,3,C,SP,14858
2019,3,C,TO,143
2019,3,D,AC,26
2019,3,D,AL,187
2019,3,D,AM,149
2019,3,D,AP,55
2019,3,D,BA,836
2019,3,D,CE,700
2019,3,D,DF,947
2019,3,D,ES,348
2019,3,D,GO,528
2019,3,D,MA,218
2019,3,D,MG,1887
2019,3,D,MS,202
2019,3,D,MT,218
2019,3,D,PA,392
2019,3,D,PB,359
2019,3,D,PE,798
2019,3,D,PI,221
2019,3,D,PR,1444
2019,3,D,RJ,2507
2019,3,D,RN,263
2019,3,D,RO,46
2019,3,D,RR,28
2019,3,D,RS,1005
2019,3,D,SC,818
2019,3,D,SE,212
2019,3,D,SP,7075
2019,3,D,TO,63
2019,3,E,AC,11
2019,3,E,AL,80
2019,3,E,AM,70
2019,3,E,AP,20
2019,3,E,BA,339
2019,3,E,CE,268
2019,3,E,DF,550
2019,3,E,ES,144
2019,3,E,GO,235
2019,3,E,MA,75
2019,3,E,MG,970
2019,3,E,MS,82
2019,3,E,MT,82
2019,3,E,PA,170
2019,3,E,PB,163
2019,3,E,PE,402
2019,3,E,PI,91
2019,3,E,PR,708
2019,3,E,RJ,1281
2019,3,E,RN,130
2019,3,E,RO,17
2019,3,E,RR,17
2019,3,E,RS,597
2019,3,E,SC,406
2019,3,E,SE,78
2019,3,E,SP,4063
2019,3,E,TO,40
2020,1,A,AC,23391
2020,1,A,AL,49420
2020,1,A,AM,76885
2020,1,A,AP,27753
2020,1,A,BA,205028
2020,1,A,CE,120035
2020,1,A,DF,32407
2020,1,A,ES,31590
2020,1,A,GO,66612
2020,1,A,MA,136410
2020,1,A,MG,166513
2020,1,A,MS,31944
2020,1,A,MT,36954
2020,1,A,PA,194537
2020,1,A,PB,72224
2020,1,A,PE,133953
2020,1,A,PI,69386
2020,1,A,PR,56195
2020,1,A,RJ,115098
2020,1,A,RN,55352
2020,1,A,RO,29102
2020,1,A,RR,7533
2020,1,A,RS,71282
2020,1,A,SC,26788
2020,1,A,SE,42006
2020,1,A,SP,228052
2020,1,A,TO,25961
2020,1,B,AC,9496
2020,1,B,AL,26627
2020,1,B,AM,35159
2020,1,B,AP,10084
2020,1,B,BA,130543
2020,1,B,CE,71023
2020,1,B,DF,39548
2020,1,B,ES,38508
2020,1,B,GO,63070
2020,1,B,MA,48690
2020,1,B,MG,225842
2020,1,B,MS,26006
2020,1,B,MT,32896
2020,1,B,PA,68860
2020,1,B,PB,48806
2020,1,B,PE,88182
2020,1,B,PI,32744
2020,1,B,PR,82200
2020,1,B,RJ,135617
2020,1,B,RN,42190
2020,1,B,RO,21232
2020,1,B,RR,4546
2020,1,B,RS,93461
2020,1,B,SC,39357
2020,1,B,SE,22609
2020,1,B,SP,322489
2020,1,B,TO,14727
2020,1,C,AC,1015
2020,1,C,AL,3146
2020,1,C,AM,4175
2020,1,C,AP,1358
2020,1,C,BA,13274
2020,1,C,CE,9915
2020,1,C,DF,8984
2020,1,C,ES,6284
2020,1,C,GO,8941
2020,1,C,MA,5341
2020,1,C,MG,37378
2020,1,C,MS,3769
2020,1,C,MT,4695
2020,1,C,PA,7650
2020,1,C,PB,6219
2020,1,C,PE,11415
2020,1,C,PI,3880
2020,1,C,PR,16789
2020,1,C,RJ,24657
2020,1,C,RN,6015
2020,1,C,RO,2314
2020,1,C,RR,727
2020,1,C,RS,16864
2020,1,C,SC,8732
2020,1,C,SE,2836
2020,1,C,SP,64716
2020,1,C,TO,1960
2020,1,D,AC,249
2020,1,D,AL,857
2020,1,D,AM,1102
2020,1,D,AP,339
2020,1,D,BA,3511
2020,1,D,CE,2919
2020,1,D,DF,3642
2020,1,D,ES,1756
2020,1,D,GO,2428
2020,1,D,MA,1232
2020,1,D,MG,10753
2020,1,D,MS,1092
2020,1,D,MT,1268
2020,1,D,PA,1836
2020,1,D,PB,1820
2020,1,D,PE,3538
2020,1,D,PI,1083
2020,1,D,PR,5030
2020,1,D,RJ,8138
2020,1,D,RN,1685
2020,1,D,RO,509
2020,1,D,RR,215
2020,1,D,RS,4880
2020,1,D,SC,2640
2020,1,D,SE,819
2020,1,D,SP,21784
2020,1,D,TO,493
2020,1,E,AC,68
2020,1,E,AL,318
2020,1,E,AM,419
2020,1,E,AP,146
2020,1,E,BA,1229
2020,1,E,CE,1109
2020,1,E,DF,2041
2020,1,E,ES,684
2020,1,E,GO,955
2020,1,E,MA,410
2020,1,E,MG,4313
2020,1,E,MS,389
2020,1,E,MT,483
2020,1,E,PA,642
2020,1,E,PB,718
2020,1,E,PE,1538
2020,1,E,PI,381
2020,1,E,PR,2201
2020,1,E,RJ,3770
2020,1,E,RN,654
2020,1,E,RO,141
2020,1,E,RR,83
2020,1,E,RS,1988
2020,1,E,SC,1063
2020,1,E,SE,307
2020,1,E,SP,11265
2020,1,E,TO,154
2020,2,A,AC,4504
2020,2,A,AL,12843
2020,2,A,AM,31428
2020,2,A,AP,4759
2020,2,A,BA,56277
2020,2,A,CE,94085
2020,2,A,DF,8394
2020,2,A,ES,11100
2020,2,A,GO,36703
2020,2,A,MA,34418
2020,2,A,MG,48544
2020,2,A,MS,8827
2020,2,A,MT,10847
2020,2,A,PA,40168
2020,2,A,PB,19920
2020,2,A,PE,48316
2020,2,A,PI,17829
2020,2,A,PR,23104
2020,2,A,RJ,33964
2020,2,A,RN,12559
2020,2,A,RO,9014
2020,2,A,RR,2049
2020,2,A,RS,18340
2020,2,A,SC,10662
2020,2,A,SE,12287
2020,2,A,SP,68753
2020,2,A,TO,10068
2020,2,B,AC,1453
2020,2,B,AL,3622
2020,2,B,AM,8488
2020,2,B,AP,1305
2020,2,B,BA,21187
2020,2,B,CE,14403
2020,2,B,DF,9347
2020,2,B,ES,9848
2020,2,B,GO,21624
2020,2,B,MA,6683
2020,2,B,MG,50532
2020,2,B,MS,7203
2020,2,B,MT,8172
2020,2,B,PA,9140
2020,2,B,PB,6043
2020,2,B,PE,15271
2020,2,B,PI,4121
2020,2,B,PR,29335
2020,2,B,RJ,30011
2020,2,B,RN,5986
2020,2,B,RO,5106
2020,2,B,RR,1131
2020,2,B,RS,24823
2020,2,B,SC,18140
2020,2,B,SE,2571
2020,2,B,SP,89048
2020,2,B,TO,3606
2020,2,C,AC,149
2020,2,C,AL,247
2020,2,C,AM,1054
2020,2,C,AP,148
2020,2,C,BA,1450
2020,2,C,CE,940
2020,2,C,DF,1888
2020,2,C,ES,1377
2020,2,C,GO,2071
2020,2,C,MA,551
2020,2,C,MG,7281
2020,2,C,MS,1065
2020,2,C,MT,1123
2020,2,C,PA,795
2020,2,C,PB,501
2020,2,C,PE,1246
2020,2,C,PI,332
2020,2,C,PR,5659
2020,2,C,RJ,4076
2020,2,C,RN,660
2020,2,C,RO,580
2020,2,C,RR,227
2020,2,C,RS,4902
2020,2,C,SC,4029
2020,2,C,SE,156
2020,2,C,SP,15502
2020,2,C,TO,393
2020,2,D,AC,33
2020,2,D,AL,50
2020,2,D,AM,220
2020,2,D,AP,37
2020,2,D,BA,295
2020,2,D,CE,168
2020,2,D,DF,589
2020,2,D,ES,318
2020,2,D,GO,418
2020,2,D,MA,102
2020,2,D,MG,1491
2020,2,D,MS,264
2020,2,D,MT,241
2020,2,D,PA,165
2020,2,D,PB,82
2020,2,D,PE,287
2020,2,D,PI,38
2020,2,D,PR,1432
2020,2,D,RJ,972
2020,2,D,RN,164
2020,2,D,RO,124
2020,2,D,RR,65
2020,2,D,RS,1259
2020,2,D,SC,974
2020,2,D,SE,25
2020,2,D,SP,3829
2020,2,D,TO,114
2020,2,E,AC,16
2020,2,E,AL,17
2020,2,E,AM,89
2020,2,E,AP,15
2020,2,E,BA,93
2020,2,E,CE,59
2020,2,E,DF,242
2020,2,E,ES,112
2020,2,E,GO,99
2020,2,E,MA,22
2020,2,E,MG,526
2020,2,E,MS,96
2020,2,E,MT,58
2020,2,E,PA,56
2020,2,E,PB,20
2020,2,E,PE,82
2020,2,E,PI,17
2020,2,E,PR,495
2020,2,E,RJ,344
2020,2,E,RN,48
2020,2,E,RO,43
2020,2,E,RR,23
2020,2,E,RS,384
2020,2,E,SC,303
2020,2,E,SE,14
2020,2,E,SP,1261
2020,2,E,TO,24
2020,3,A,AC,45
2020,3,A,AL,1027
2020,3,A,AM,217
2020,3,A,AP,84
2020,3,A,BA,2193
2020,3,A,CE,1521
2020,3,A,DF,395
2020,3,A,ES,212
2020,3,A,GO,841
2020,3,A,MA,679
2020,3,A,MG,1029
2020,3,A,MS,172
2020,3,A,MT,238
2020,3,A,PA,1871
2020,3,A,PB,1069
2020,3,A,PE,1509
2020,3,A,PI,765
2020,3,A,PR,605
2020,3,A,RJ,2603
2020,3,A,RN,707
2020,3,A,RO,53
2020,3,A,RR,35
2020,3,A,RS,441
2020,3,A,SC,291
2020,3,A,SE,760
2020,3,A,SP,3351
2020,3,A,TO,96
2020,3,B,AC,153
2020,3,B,AL,1659
2020,3,B,AM,668
2020,3,B,AP,251
2020,3,B,BA,6145
2020,3,B,CE,3682
2020,3,B,DF,2204
2020,3,B,ES,1289
2020,3,B,GO,3189
2020,3,B,MA,1430
2020,3,B,MG,6854
2020,3,B,MS,851
2020,3,B,MT,1021
2020,3,B,PA,2950
2020,3,B,PB,2503
2020,3,B,PE,4230
2020,3,B,PI,1850
2020,3,B,PR,4364
2020,3,B,RJ,11260
2020,3,B,RN,1823
2020,3,B,RO,233
2020,3,B,RR,96
2020,3,B,RS,3135
2020,3,B,SC,2172
2020,3,B,SE,1649
2020,3,B,SP,23280
2020,3,B,TO,337
2020,3,C,AC,63
2020,3,C,AL,552
2020,3,C,AM,360
2020,3,C,AP,117
2020,3,C,BA,2196
2020,3,C,CE,1618
2020,3,C,DF,1665
2020,3,C,ES,851
2020,3,C,GO,1409
2020,3,C,MA,514
2020,3,C,MG,4222
2020,3,C,MS,546
2020,3,C,MT,535
2020,3,C,PA,1047
2020,3,C,PB,942
2020,3,C,PE,1841
2020,3,C,PI,561
2020,3,C,PR,3090
2020,3,C,RJ,5606
2020,3,C,RN,747
2020,3,C,RO,117
2020,3,C,RR,60
2020,3,C,RS,2256
2020,3,C,SC,1666
2020,3,C,SE,567
2020,3,C,SP,14946
2020,3,C,TO,191
2020,3,D,AC,32
2020,3,D,AL,242
2020,3,D,AM,166
2020,3,D,AP,61
2020,3,D,BA,879
2020,3,D,CE,729
2020,3,D,DF,1049
2020,3,D,ES,406
2020,3,D,GO,662
2020,3,D,MA,233
2020,3,D,MG,2040
2020,3,D,MS,287
2020,3,D,MT,267
2020,3,D,PA,421
2020,3,D,PB,417
2020,3,D,PE,967
2020,3,D,PI,207
2020,3,D,PR,1728
2020,3,D,RJ,2845
2020,3,D,RN,353
2020,3,D,RO,45
2020,3,D,RR,26
2020,3,D,RS,1159
2020,3,D,SC,888
2020,3,D,SE,203
2020,3,D,SP,8168
2020,3,D,TO,76
2020,3,E,AC,4
2020,3,E,AL,90
2020,3,E,AM,100
2020,3,E,AP,25
2020,3,E,BA,436
2020,3,E,CE,364
2020,3,E,DF,775
2020,3,E,ES,194
2020,3,E,GO,322
2020,3,E,MA,119
2020,3,E,MG,1205
2020,3,E,MS,113
2020,3,E,MT,113
2020,3,E,PA,169
2020,3,E,PB,202
2020,3,E,PE,497
2020,3,E,PI,93
2020,3,E,PR,984
2020,3,E,RJ,1726
2020,3,E,RN,158
2020,3,E,RO,28
2020,3,E,RR,20
2020,3,E,RS,700
2020,3,E,SC,479
2020,3,E,SE,84
2020,3,E,SP,5438
2020,3,E,TO,41
2021,1,A,AC,8994
2021,1,A,AL,22525
2021,1,A,AM,27930
2021,1,A,AP,10192
2021,1,A,BA,87657
2021,1,A,CE,56430
2021,1,A,DF,11748
2021,1,A,ES,12853
2021,1,A,GO,26816
2021,1,A,MA,59780
2021,1,A,MG,65597
2021,1,A,MS,10294
2021,1,A,MT,14291
2021,1,A,PA,92706
2021,1,A,PB,37593
2021,1,A,PE,66362
2021,1,A,PI,33820
2021,1,A,PR,20985
2021,1,A,RJ,51264
2021,1,A,RN,26272
2021,1,A,RO,9388
2021,1,A,RR,2568
2021,1,A,RS,26701
2021,1,A,SC,10875
2021,1,A,SE,21106
2021,1,A,SP,79607
2021,1,A,TO,9606
2021,1,B,AC,5105
2021,1,B,AL,15098
2021,1,B,AM,15378
2021,1,B,AP,5087
2021,1,B,BA,71559
2021,1,B,CE,40619
2021,1,B,DF,20495
2021,1,B,ES,20547
2021,1,B,GO,34508
2021,1,B,MA,27595
2021,1,B,MG,118249
2021,1,B,MS,12235
2021,1,B,MT,17618
2021,1,B,PA,40965
2021,1,B,PB,29074
2021,1,B,PE,50915
2021,1,B,PI,20105
2021,1,B,PR,42807
2021,1,B,RJ,78398
2021,1,B,RN,26490
2021,1,B,RO,9855
2021,1,B,RR,2186
2021,1,B,RS,51767
2021,1,B,SC,22772
2021,1,B,SE,14210
2021,1,B,SP,159558
2021,1,B,TO,8189
2021,1,C,AC,910
2021,1,C,AL,2739
2021,1,C,AM,2877
2021,1,C,AP,1078
2021,1,C,BA,12332
2021,1,C,CE,8363
2021,1,C,DF,7509
2021,1,C,ES,5202
2021,1,C,GO,8306
2021,1,C,MA,4512
2021,1,C,MG,31331
2021,1,C,MS,3019
2021,1,C,MT,4275
2021,1,C,PA,6644
2021,1,C,PB,5687
2021,1,C,PE,9704
2021,1,C,PI,3645
2021,1,C,PR,13968
2021,1,C,RJ,21482
2021,1,C,RN,5594
2021,1,C,RO,1873
2021,1,C,RR,564
2021,1,C,RS,14766
2021,1,C,SC,7867
2021,1,C,SE,2812
2021,1,C,SP,51298
2021,1,C,TO,1749
2021,1,D,AC,243
2021,1,D,AL,966
2021,1,D,AM,930
2021,1,D,AP,363
2021,1,D,BA,3955
2021,1,D,CE,3023
2021,1,D,DF,3744
2021,1,D,ES,1756
2021,1,D,GO,2798
2021,1,D,MA,1321
2021,1,D,MG,11177
2021,1,D,MS,1094
2021,1,D,MT,1383
2021,1,D,PA,1965
2021,1,D,PB,1966
2021,1,D,PE,3523
2021,1,D,PI,1138
2021,1,D,PR,5443
2021,1,D,RJ,8335
2021,1,D,RN,1769
2021,1,D,RO,489
2021,1,D,RR,210
2021,1,D,RS,5227
2021,1,D,SC,3066
2021,1,D,SE,918
2021,1,D,SP,21801
2021,1,D,TO,577
2021,1,E,AC,85
2021,1,E,AL,425
2021,1,E,AM,403
2021,1,E,AP,168
2021,1,E,BA,1667
2021,1,E,CE,1461
2021,1,E,DF,2416
2021,1,E,ES,834
2021,1,E,GO,1272
2021,1,E,MA,493
2021,1,E,MG,5131
2021,1,E,MS,439
2021,1,E,MT,610
2021,1,E,PA,778
2021,1,E,PB,905
2021,1,E,PE,1847
2021,1,E,PI,484
2021,1,E,PR,2607
2021,1,E,RJ,4408
2021,1,E,RN,835
2021,1,E,RO,205
2021,1,E,RR,95
2021,1,E,RS,2439
2021,1,E,SC,1320
2021,1,E,SE,381
2021,1,E,SP,12409
2021,1,E,TO,228
2021,2,A,AC,3107
2021,2,A,AL,8061
2021,2,A,AM,30571
2021,2,A,AP,3022
2021,2,A,BA,50927
2021,2,A,CE,86531
2021,2,A,DF,5271
2021,2,A,ES,8460
2021,2,A,GO,32571
2021,2,A,MA,23788
2021,2,A,MG,29795
2021,2,A,MS,6000
2021,2,A,MT,7087
2021,2,A,PA,27399
2021,2,A,PB,15227
2021,2,A,PE,37304
2021,2,A,PI,12794
2021,2,A,PR,14684
2021,2,A,RJ,21627
2021,2,A,RN,9063
2021,2,A,RO,5418
2021,2,A,RR,1180
2021,2,A,RS,12512
2021,2,A,SC,8076
2021,2,A,SE,8581
2021,2,A,SP,40257
2021,2,A,TO,6059
2021,2,B,AC,1323
2021,2,B,AL,2945
2021,2,B,AM,8481
2021,2,B,AP,1123
2021,2,B,BA,23212
2021,2,B,CE,14891
2021,2,B,DF,7619
2021,2,B,ES,9312
2021,2,B,GO,20809
2021,2,B,MA,6506
2021,2,B,MG,39835
2021,2,B,MS,6017
2021,2,B,MT,7007
2021,2,B,PA,8267
2021,2,B,PB,6043
2021,2,B,PE,13322
2021,2,B,PI,4031
2021,2,B,PR,24673
2021,2,B,RJ,23777
2021,2,B,RN,6006
2021,2,B,RO,4199
2021,2,B,RR,826
2021,2,B,RS,22187
2021,2,B,SC,15645
2021,2,B,SE,2479
2021,2,B,SP,70023
2021,2,B,TO,3077
2021,2,C,AC,209
2021,2,C,AL,283
2021,2,C,AM,1296
2021,2,C,AP,181
2021,2,C,BA,2263
2021,2,C,CE,1287
2021,2,C,DF,1984
2021,2,C,ES,1785
2021,2,C,GO,2897
2021,2,C,MA,703
2021,2,C,MG,8366
2021,2,C,MS,1125
2021,2,C,MT,1167
2021,2,C,PA,960
2021,2,C,PB,605
2021,2,C,PE,1488
2021,2,C,PI,442
2021,2,C,PR,6298
2021,2,C,RJ,4321
2021,2,C,RN,861
2021,2,C,RO,660
2021,2,C,RR,183
2021,2,C,RS,5343
2021,2,C,SC,3948
2021,2,C,SE,220
2021,2,C,SP,16643
2021,2,C,TO,521
2021,2,D,AC,53
2021,2,D,AL,72
2021,2,D,AM,314
2021,2,D,AP,35
2021,2,D,BA,463
2021,2,D,CE,276
2021,2,D,DF,729
2021,2,D,ES,467
2021,2,D,GO,613
2021,2,D,MA,159
2021,2,D,MG,2226
2021,2,D,MS,314
2021,2,D,MT,328
2021,2,D,PA,223
2021,2,D,PB,132
2021,2,D,PE,364
2021,2,D,PI,75
2021,2,D,PR,1734
2021,2,D,RJ,1143
2021,2,D,RN,212
2021,2,D,RO,154
2021,2,D,RR,61
2021,2,D,RS,1492
2021,2,D,SC,1063
2021,2,D,SE,44
2021,2,D,SP,4666
2021,2,D,TO,119
2021,2,E,AC,18
2021,2,E,AL,11
2021,2,E,AM,106
2021,2,E,AP,16
2021,2,E,BA,119
2021,2,E,CE,72
2021,2,E,DF,346
2021,2,E,ES,175
2021,2,E,GO,181
2021,2,E,MA,34
2021,2,E,MG,743
2021,2,E,MS,89
2021,2,E,MT,105
2021,2,E,PA,58
2021,2,E,PB,44
2021,2,E,PE,123
2021,2,E,PI,15
2021,2,E,PR,583
2021,2,E,RJ,431
2021,2,E,RN,63
2021,2,E,RO,52
2021,2,E,RR,18
2021,2,E,RS,498
2021,2,E,SC,325
2021,2,E,SE,13
2021,2,E,SP,1759
2021,2,E,TO,37
2021,3,A,AC,43
2021,3,A,AL,809
2021,3,A,AM,174
2021,3,A,AP,77
2021,3,A,BA,1794
2021,3,A,CE,1081
2021,3,A,DF,282
2021,3,A,ES,143
2021,3,A,GO,604
2021,3,A,MA,602
2021,3,A,MG,617
2021,3,A,MS,143
2021,3,A,MT,170
2021,3,A,PA,1439
2021,3,A,PB,767
2021,3,A,PE,1285
2021,3,A,PI,584
2021,3,A,PR,375
2021,3,A,RJ,2040
2021,3,A,RN,570
2021,3,A,RO,59
2021,3,A,RR,25
2021,3,A,RS,284
2021,3,A,SC,262
2021,3,A,SE,646
2021,3,A,SP,2235
2021,3,A,TO,82
2021,3,B,AC,115
2021,3,B,AL,1618
2021,3,B,AM,595
2021,3,B,AP,196
2021,3,B,BA,5734
2021,3,B,CE,3195
2021,3,B,DF,1672
2021,3,B,ES,1072
2021,3,B,GO,2706
2021,3,B,MA,1312
2021,3,B,MG,5550
2021,3,B,MS,761
2021,3,B,MT,953
2021,3,B,PA,2628
2021,3,B,PB,2139
2021,3,B,PE,3673
2021,3,B,PI,1489
2021,3,B,PR,3535
2021,3,B,RJ,9665
2021,3,B,RN,1644
2021,3,B,RO,219
2021,3,B,RR,63
2021,3,B,RS,2630
2021,3,B,SC,2106
2021,3,B,SE,1364
2021,3,B,SP,18737
2021,3,B,TO,257
2021,3,C,AC,86
2021,3,C,AL,594
2021,3,C,AM,395
2021,3,C,AP,134
2021,3,C,BA,2583
2021,3,C,CE,1764
2021,3,C,DF,1544
2021,3,C,ES,844
2021,3,C,GO,1577
2021,3,C,MA,634
2021,3,C,MG,4562
2021,3,C,MS,539
2021,3,C,MT,627
2021,3,C,PA,1152
2021,3,C,PB,1043
2021,3,C,PE,1878
2021,3,C,PI,806
2021,3,C,PR,3230
2021,3,C,RJ,5946
2021,3,C,RN,811
2021,3,C,RO,121
2021,3,C,RR,46
2021,3,C,RS,2309
2021,3,C,SC,1819
2021,3,C,SE,627
2021,3,C,SP,14978
2021,3,C,TO,211
2021,3,D,AC,28
2021,3,D,AL,293
2021,3,D,AM,207
2021,3,D,AP,67
2021,3,D,BA,1267
2021,3,D,CE,963
2021,3,D,DF,1172
2021,3,D,ES,466
2021,3,D,GO,816
2021,3,D,MA,321
2021,3,D,MG,2810
2021,3,D,MS,280
2021,3,D,MT,312
2021,3,D,PA,550
2021,3,D,PB,509
2021,3,D,PE,1126
2021,3,D,PI,377
2021,3,D,PR,1988
2021,3,D,RJ,3366
2021,3,D,RN,412
2021,3,D,RO,83
2021,3,D,RR,17
2021,3,D,RS,1446
2021,3,D,SC,1012
2021,3,D,SE,266
2021,3,D,SP,9271
2021,3,D,TO,106
2021,3,E,AC,17
2021,3,E,AL,145
2021,3,E,AM,121
2021,3,E,AP,35
2021,3,E,BA,662
2021,3,E,CE,561
2021,3,E,DF,970
2021,3,E,ES,265
2021,3,E,GO,441
2021,3,E,MA,145
2021,3,E,MG,1840
2021,3,E,MS,141
2021,3,E,MT,152
2021,3,E,PA,244
2021,3,E,PB,268
2021,3,E,PE,702
2021,3,E,PI,164
2021,3,E,PR,1372
2021,3,E,RJ,2144
2021,3,E,RN,217
2021,3,E,RO,26
2021,3,E,RR,14
2021,3,E,RS,883
2021,3,E,SC,609
2021,3,E,SE,129
2021,3,E,SP,6711
2021,3,E,TO,55
2022,1,A,AC,9824
2022,1,A,AL,24135
2022,1,A,AM,25836
2022,1,A,AP,10296
2022,1,A,BA,102423
2022,1,A,CE,61676
2022,1,A,DF,11102
2022,1,A,ES,12390
2022,1,A,GO,28214
2022,1,A,MA,59947
2022,1,A,MG,64941
2022,1,A,MS,11137
2022,1,A,MT,14220
2022,1,A,PA,99408
2022,1,A,PB,38003
2022,1,A,PE,66525
2022,1,A,PI,35792
2022,1,A,PR,21563
2022,1,A,RJ,54455
2022,1,A,RN,30373
2022,1,A,RO,8435
2022,1,A,RR,2497
2022,1,A,RS,28016
2022,1,A,SC,11042
2022,1,A,SE,23109
2022,1,A,SP,80746
2022,1,A,TO,8758
2022,1,B,AC,4857
2022,1,B,AL,14354
2022,1,B,AM,13541
2022,1,B,AP,4517
2022,1,B,BA,65568
2022,1,B,CE,38065
2022,1,B,DF,17732
2022,1,B,ES,17960
2022,1,B,GO,31679
2022,1,B,MA,24849
2022,1,B,MG,102874
2022,1,B,MS,11036
2022,1,B,MT,16088
2022,1,B,PA,37968
2022,1,B,PB,25585
2022,1,B,PE,42691
2022,1,B,PI,18696
2022,1,B,PR,39310
2022,1,B,RJ,71791
2022,1,B,RN,25422
2022,1,B,RO,8029
2022,1,B,RR,2043
2022,1,B,RS,47226
2022,1,B,SC,20307
2022,1,B,SE,13131
2022,1,B,SP,145663
2022,1,B,TO,6558
2022,1,C,AC,917
2022,1,C,AL,2754
2022,1,C,AM,2701
2022,1,C,AP,988
2022,1,C,BA,11588
2022,1,C,CE,8217
2022,1,C,DF,6731
2022,1,C,ES,4857
2022,1,C,GO,8082
2022,1,C,MA,4212
2022,1,C,MG,27705
2022,1,C,MS,2738
2022,1,C,MT,4017
2022,1,C,PA,6302
2022,1,C,PB,5234
2022,1,C,PE,8859
2022,1,C,PI,3590
2022,1,C,PR,13098
2022,1,C,RJ,19806
2022,1,C,RN,5232
2022,1,C,RO,1614
2022,1,C,RR,628
2022,1,C,RS,13428
2022,1,C,SC,6953
2022,1,C,SE,2648
2022,1,C,SP,48820
2022,1,C,TO,1653
2022,1,D,AC,284
2022,1,D,AL,924
2022,1,D,AM,866
2022,1,D,AP,329
2022,1,D,BA,3624
2022,1,D,CE,2989
2022,1,D,DF,3284
2022,1,D,ES,1694
2022,1,D,GO,2729
2022,1,D,MA,1224
2022,1,D,MG,9652
2022,1,D,MS,942
2022,1,D,MT,1309
2022,1,D,PA,1990
2022,1,D,PB,1931
2022,1,D,PE,3436
2022,1,D,PI,1114
2022,1,D,PR,4985
2022,1,D,RJ,7950
2022,1,D,RN,1717
2022,1,D,RO,454
2022,1,D,RR,230
2022,1,D,RS,4448
2022,1,D,SC,2775
2022,1,D,SE,905
2022,1,D,SP,20347
2022,1,D,TO,539
2022,1,E,AC,86
2022,1,E,AL,388
2022,1,E,AM,411
2022,1,E,AP,129
2022,1,E,BA,1468
2022,1,E,CE,1391
2022,1,E,DF,2131
2022,1,E,ES,755
2022,1,E,GO,1178
2022,1,E,MA,448
2022,1,E,MG,4404
2022,1,E,MS,387
2022,1,E,MT,509
2022,1,E,PA,732
2022,1,E,PB,802
2022,1,E,PE,1708
2022,1,E,PI,440
2022,1,E,PR,2549
2022,1,E,RJ,3916
2022,1,E,RN,693
2022,1,E,RO,192
2022,1,E,RR,102
2022,1,E,RS,2040
2022,1,E,SC,1163
2022,1,E,SE,395
2022,1,E,SP,11462
2022,1,E,TO,220
2022,2,A,AC,4362
2022,2,A,AL,13790
2022,2,A,AM,26371
2022,2,A,AP,4225
2022,2,A,BA,48652
2022,2,A,CE,87581
2022,2,A,DF,7184
2022,2,A,ES,10320
2022,2,A,GO,32004
2022,2,A,MA,31239
2022,2,A,MG,36037
2022,2,A,MS,8512
2022,2,A,MT,10628
2022,2,A,PA,38790
2022,2,A,PB,19787
2022,2,A,PE,42372
2022,2,A,PI,16457
2022,2,A,PR,22518
2022,2,A,RJ,35235
2022,2,A,RN,12947
2022,2,A,RO,7113
2022,2,A,RR,1494
2022,2,A,RS,18257
2022,2,A,SC,11094
2022,2,A,SE,11954
2022,2,A,SP,71046
2022,2,A,TO,7149
2022,2,B,AC,1574
2022,2,B,AL,3473
2022,2,B,AM,7958
2022,2,B,AP,1331
2022,2,B,BA,17199
2022,2,B,CE,16116
2022,2,B,DF,7958
2022,2,B,ES,9875
2022,2,B,GO,24545
2022,2,B,MA,6847
2022,2,B,MG,37175
2022,2,B,MS,6184
2022,2,B,MT,7988
2022,2,B,PA,9320
2022,2,B,PB,5989
2022,2,B,PE,12990
2022,2,B,PI,4107
2022,2,B,PR,26221
2022,2,B,RJ,26440
2022,2,B,RN,6321
2022,2,B,RO,4483
2022,2,B,RR,916
2022,2,B,RS,23198
2022,2,B,SC,17059
2022,2,B,SE,2746
2022,2,B,SP,84030
2022,2,B,TO,3112
2022,2,C,AC,234
2022,2,C,AL,344
2022,2,C,AM,1166
2022,2,C,AP,224
2022,2,C,BA,1684
2022,2,C,CE,1847
2022,2,C,DF,2092
2022,2,C,ES,1936
2022,2,C,GO,4524
2022,2,C,MA,653
2022,2,C,MG,7582
2022,2,C,MS,1151
2022,2,C,MT,1442
2022,2,C,PA,1173
2022,2,C,PB,640
2022,2,C,PE,1491
2022,2,C,PI,490
2022,2,C,PR,6185
2022,2,C,RJ,4582
2022,2,C,RN,852
2022,2,C,RO,790
2022,2,C,RR,216
2022,2,C,RS,5274
2022,2,C,SC,4155
2022,2,C,SE,241
2022,2,C,SP,18165
2022,2,C,TO,498
2022,2,D,AC,57
2022,2,D,AL,87
2022,2,D,AM,316
2022,2,D,AP,60
2022,2,D,BA,384
2022,2,D,CE,394
2022,2,D,DF,728
2022,2,D,ES,493
2022,2,D,GO,1052
2022,2,D,MA,141
2022,2,D,MG,1838
2022,2,D,MS,302
2022,2,D,MT,330
2022,2,D,PA,246
2022,2,D,PB,137
2022,2,D,PE,382
2022,2,D,PI,86
2022,2,D,PR,1574
2022,2,D,RJ,1211
2022,2,D,RN,185
2022,2,D,RO,179
2022,2,D,RR,54
2022,2,D,RS,1408
2022,2,D,SC,1058
2022,2,D,SE,52
2022,2,D,SP,4746
2022,2,D,TO,103
2022,2,E,AC,21
2022,2,E,AL,19
2022,2,E,AM,105
2022,2,E,AP,10
2022,2,E,BA,84
2022,2,E,CE,131
2022,2,E,DF,306
2022,2,E,ES,158
2022,2,E,GO,322
2022,2,E,MA,38
2022,2,E,MG,631
2022,2,E,MS,103
2022,2,E,MT,90
2022,2,E,PA,68
2022,2,E,PB,32
2022,2,E,PE,137
2022,2,E,PI,18
2022,2,E,PR,574
2022,2,E,RJ,405
2022,2,E,RN,74
2022,2,E,RO,56
2022,2,E,RR,18
2022,2,E,RS,436
2022,2,E,SC,316
2022,2,E,SE,14
2022,2,E,SP,1645
2022,2,E,TO,37
2022,3,A,AC,54
2022,3,A,AL,944
2022,3,A,AM,247
2022,3,A,AP,109
2022,3,A,BA,2573
2022,3,A,CE,1403
2022,3,A,DF,345
2022,3,A,ES,221
2022,3,A,GO,926
2022,3,A,MA,734
2022,3,A,MG,1165
2022,3,A,MS,221
2022,3,A,MT,286
2022,3,A,PA,1796
2022,3,A,PB,1134
2022,3,A,PE,1622
2022,3,A,PI,791
2022,3,A,PR,700
2022,3,A,RJ,3078
2022,3,A,RN,748
2022,3,A,RO,102
2022,3,A,RR,44
2022,3,A,RS,531
2022,3,A,SC,418
2022,3,A,SE,674
2022,3,A,SP,4017
2022,3,A,TO,76
2022,3,B,AC,151
2022,3,B,AL,1700
2022,3,B,AM,712
2022,3,B,AP,215
2022,3,B,BA,5809
2022,3,B,CE,3275
2022,3,B,DF,1902
2022,3,B,ES,1295
2022,3,B,GO,3241
2022,3,B,MA,1429
2022,3,B,MG,6848
2022,3,B,MS,925
2022,3,B,MT,1266
2022,3,B,PA,2905
2022,3,B,PB,2170
2022,3,B,PE,3730
2022,3,B,PI,1593
2022,3,B,PR,4414
2022,3,B,RJ,10772
2022,3,B,RN,1995
2022,3,B,RO,247
2022,3,B,RR,89
2022,3,B,RS,3389
2022,3,B,SC,2652
2022,3,B,SE,1434
2022,3,B,SP,22400
2022,3,B,TO,350
2022,3,C,AC,115
2022,3,C,AL,636
2022,3,C,AM,379
2022,3,C,AP,133
2022,3,C,BA,2450
2022,3,C,CE,1820
2022,3,C,DF,1685
2022,3,C,ES,962
2022,3,C,GO,1832
2022,3,C,MA,679
2022,3,C,MG,4787
2022,3,C,MS,561
2022,3,C,MT,697
2022,3,C,PA,1207
2022,3,C,PB,1011
2022,3,C,PE,1893
2022,3,C,PI,748
2022,3,C,PR,3476
2022,3,C,RJ,6071
2022,3,C,RN,860
2022,3,C,RO,156
2022,3,C,RR,61
2022,3,C,RS,2408
2022,3,C,SC,2052
2022,3,C,SE,652
2022,3,C,SP,15922
2022,3,C,TO,223
2022,3,D,AC,48
2022,3,D,AL,267
2022,3,D,AM,232
2022,3,D,AP,64
2022,3,D,BA,1094
2022,3,D,CE,959
2022,3,D,DF,1303
2022,3,D,ES,517
2022,3,D,GO,851
2022,3,D,MA,330
2022,3,D,MG,2567
2022,3,D,MS,319
2022,3,D,MT,370
2022,3,D,PA,496
2022,3,D,PB,514
2022,3,D,PE,1123
2022,3,D,PI,333
2022,3,D,PR,2016
2022,3,D,RJ,3210
2022,3,D,RN,427
2022,3,D,RO,69
2022,3,D,RR,31
2022,3,D,RS,1376
2022,3,D,SC,1110
2022,3,D,SE,253
2022,3,D,SP,9126
2022,3,D,TO,112
2022,3,E,AC,17
2022,3,E,AL,130
2022,3,E,AM,145
2022,3,E,AP,44
2022,3,E,BA,566
2022,3,E,CE,513
2022,3,E,DF,918
2022,3,E,ES,267
2022,3,E,GO,443
2022,3,E,MA,146
2022,3,E,MG,1575
2022,3,E,MS,165
2022,3,E,MT,141
2022,3,E,PA,220
2022,3,E,PB,269
2022,3,E,PE,636
2022,3,E,PI,145
2022,3,E,PR,1213
2022,3,E,RJ,1968
2022,3,E,RN,203
2022,3,E,RO,50
2022,3,E,RR,11
2022,3,E,RS,860
2022,3,E,SC,637
2022,3,E,SE,104
2022,3,E,SP,6307
2022,3,E,TO,52
2023,1,A,AC,11248
2023,1,A,AL,33945
2023,1,A,AM,35947
2023,1,A,AP,14119
2023,1,A,BA,149396
2023,1,A,CE,81305
2023,1,A,DF,15255
2023,1,A,ES,17597
2023,1,A,GO,35510
2023,1,A,MA,81308
2023,1,A,MG,91793
2023,1,A,MS,13923
2023,1,A,MT,16842
2023,1,A,PA,120540
2023,1,A,PB,52937
2023,1,A,PE,89182
2023,1,A,PI,46478
2023,1,A,PR,27217
2023,1,A,RJ,77406
2023,1,A,RN,40534
2023,1,A,RO,10972
2023,1,A,RR,3143
2023,1,A,RS,34837
2023,1,A,SC,14980
2023,1,A,SE,29707
2023,1,A,SP,105630
2023,1,A,TO,10827
2023,1,B,AC,4805
2023,1,B,AL,15226
2023,1,B,AM,15455
2023,1,B,AP,5582
2023,1,B,BA,71705
2023,1,B,CE,38774
2023,1,B,DF,19030
2023,1,B,ES,20165
2023,1,B,GO,32062
2023,1,B,MA,27218
2023,1,B,MG,113705
2023,1,B,MS,11405
2023,1,B,MT,16251
2023,1,B,PA,39200
2023,1,B,PB,28004
2023,1,B,PE,45872
2023,1,B,PI,18564
2023,1,B,PR,40216
2023,1,B,RJ,78999
2023,1,B,RN,26841
2023,1,B,RO,8436
2023,1,B,RR,2214
2023,1,B,RS,47099
2023,1,B,SC,22353
2023,1,B,SE,13580
2023,1,B,SP,151770
2023,1,B,TO,7072
2023,1,C,AC,914
2023,1,C,AL,2871
2023,1,C,AM,2770
2023,1,C,AP,1158
2023,1,C,BA,11200
2023,1,C,CE,8439
2023,1,C,DF,6971
2023,1,C,ES,5012
2023,1,C,GO,7998
2023,1,C,MA,4350
2023,1,C,MG,29339
2023,1,C,MS,2887
2023,1,C,MT,3976
2023,1,C,PA,6447
2023,1,C,PB,5450
2023,1,C,PE,8920
2023,1,C,PI,3413
2023,1,C,PR,12909
2023,1,C,RJ,20645
2023,1,C,RN,5175
2023,1,C,RO,1664
2023,1,C,RR,709
2023,1,C,RS,13039
2023,1,C,SC,7282
2023,1,C,SE,2677
2023,1,C,SP,48667
2023,1,C,TO,1611
2023,1,D,AC,253
2023,1,D,AL,923
2023,1,D,AM,893
2023,1,D,AP,338
2023,1,D,BA,3555
2023,1,D,CE,3095
2023,1,D,DF,3467
2023,1,D,ES,1773
2023,1,D,GO,2755
2023,1,D,MA,1207
2023,1,D,MG,9720
2023,1,D,MS,973
2023,1,D,MT,1274
2023,1,D,PA,1933
2023,1,D,PB,1866
2023,1,D,PE,3379
2023,1,D,PI,1069
2023,1,D,PR,4792
2023,1,D,RJ,8041
2023,1,D,RN,1752
2023,1,D,RO,458
2023,1,D,RR,249
2023,1,D,RS,4316
2023,1,D,SC,2762
2023,1,D,SE,861
2023,1,D,SP,20106
2023,1,D,TO,510
2023,1,E,AC,87
2023,1,E,AL,371
2023,1,E,AM,361
2023,1,E,AP,142
2023,1,E,BA,1487
2023,1,E,CE,1389
2023,1,E,DF,2203
2023,1,E,ES,753
2023,1,E,GO,1117
2023,1,E,MA,430
2023,1,E,MG,4548
2023,1,E,MS,410
2023,1,E,MT,468
2023,1,E,PA,670
2023,1,E,PB,842
2023,1,E,PE,1721
2023,1,E,PI,419
2023,1,E,PR,2275
2023,1,E,RJ,4092
2023,1,E,RN,693
2023,1,E,RO,178
2023,1,E,RR,110
2023,1,E,RS,2028
2023,1,E,SC,1180
2023,1,E,SE,344
2023,1,E,SP,11306
2023,1,E,TO,178
2023,2,A,AC,4936
2023,2,A,AL,21414
2023,2,A,AM,26846
2023,2,A,AP,5086
2023,2,A,BA,56136
2023,2,A,CE,86448
2023,2,A,DF,8839
2023,2,A,ES,12461
2023,2,A,GO,36070
2023,2,A,MA,40040
2023,2,A,MG,48028
2023,2,A,MS,8838
2023,2,A,MT,12719
2023,2,A,PA,42507
2023,2,A,PB,24560
2023,2,A,PE,47774
2023,2,A,PI,21461
2023,2,A,PR,31603
2023,2,A,RJ,38796
2023,2,A,RN,14793
2023,2,A,RO,8278
2023,2,A,RR,1762
2023,2,A,RS,21536
2023,2,A,SC,14025
2023,2,A,SE,12717
2023,2,A,SP,89638
2023,2,A,TO,8014
2023,2,B,AC,1346
2023,2,B,AL,3464
2023,2,B,AM,7203
2023,2,B,AP,1442
2023,2,B,BA,14589
2023,2,B,CE,12682
2023,2,B,DF,7621
2023,2,B,ES,9811
2023,2,B,GO,20928
2023,2,B,MA,6616
2023,2,B,MG,34513
2023,2,B,MS,5252
2023,2,B,MT,7576
2023,2,B,PA,8820
2023,2,B,PB,4888
2023,2,B,PE,11101
2023,2,B,PI,3814
2023,2,B,PR,27141
2023,2,B,RJ,22561
2023,2,B,RN,5358
2023,2,B,RO,4318
2023,2,B,RR,868
2023,2,B,RS,21261
2023,2,B,SC,15804
2023,2,B,SE,2295
2023,2,B,SP,79320
2023,2,B,TO,2864
2023,2,C,AC,190
2023,2,C,AL,316
2023,2,C,AM,1066
2023,2,C,AP,235
2023,2,C,BA,1444
2023,2,C,CE,1442
2023,2,C,DF,1870
2023,2,C,ES,1887
2023,2,C,GO,3503
2023,2,C,MA,612
2023,2,C,MG,6117
2023,2,C,MS,990
2023,2,C,MT,1330
2023,2,C,PA,995
2023,2,C,PB,476
2023,2,C,PE,1199
2023,2,C,PI,379
2023,2,C,PR,5726
2023,2,C,RJ,3423
2023,2,C,RN,677
2023,2,C,RO,723
2023,2,C,RR,217
2023,2,C,RS,4360
2023,2,C,SC,3468
2023,2,C,SE,208
2023,2,C,SP,15433
2023,2,C,TO,475
2023,2,D,AC,50
2023,2,D,AL,67
2023,2,D,AM,233
2023,2,D,AP,43
2023,2,D,BA,282
2023,2,D,CE,300
2023,2,D,DF,670
2023,2,D,ES,502
2023,2,D,GO,809
2023,2,D,MA,110
2023,2,D,MG,1505
2023,2,D,MS,238
2023,2,D,MT,309
2023,2,D,PA,200
2023,2,D,PB,106
2023,2,D,PE,315
2023,2,D,PI,69
2023,2,D,PR,1354
2023,2,D,RJ,903
2023,2,D,RN,158
2023,2,D,RO,175
2023,2,D,RR,50
2023,2,D,RS,1090
2023,2,D,SC,873
2023,2,D,SE,34
2023,2,D,SP,3744
2023,2,D,TO,99
2023,2,E,AC,17
2023,2,E,AL,9
2023,2,E,AM,89
2023,2,E,AP,14
2023,2,E,BA,80
2023,2,E,CE,104
2023,2,E,DF,301
2023,2,E,ES,169
2023,2,E,GO,240
2023,2,E,MA,31
2023,2,E,MG,429
2023,2,E,MS,87
2023,2,E,MT,63
2023,2,E,PA,63
2023,2,E,PB,36
2023,2,E,PE,110
2023,2,E,PI,13
2023,2,E,PR,487
2023,2,E,RJ,294
2023,2,E,RN,44
2023,2,E,RO,67
2023,2,E,RR,22
2023,2,E,RS,369
2023,2,E,SC,266
2023,2,E,SE,12
2023,2,E,SP,1268
2023,2,E,TO,26
2023,3,A,AC,90
2023,3,A,AL,1316
2023,3,A,AM,354
2023,3,A,AP,167
2023,3,A,BA,3541
2023,3,A,CE,1633
2023,3,A,DF,463
2023,3,A,ES,351
2023,3,A,GO,1247
2023,3,A,MA,1101
2023,3,A,MG,1716
2023,3,A,MS,315
2023,3,A,MT,482
2023,3,A,PA,2321
2023,3,A,PB,1314
2023,3,A,PE,1875
2023,3,A,PI,961
2023,3,A,PR,909
2023,3,A,RJ,4201
2023,3,A,RN,1005
2023,3,A,RO,113
2023,3,A,RR,43
2023,3,A,RS,902
2023,3,A,SC,659
2023,3,A,SE,814
2023,3,A,SP,5696
2023,3,A,TO,145
2023,3,B,AC,163
2023,3,B,AL,1721
2023,3,B,AM,886
2023,3,B,AP,250
2023,3,B,BA,6491
2023,3,B,CE,3254
2023,3,B,DF,2141
2023,3,B,ES,1449
2023,3,B,GO,3503
2023,3,B,MA,1618
2023,3,B,MG,8060
2023,3,B,MS,1057
2023,3,B,MT,1337
2023,3,B,PA,3390
2023,3,B,PB,2265
2023,3,B,PE,3770
2023,3,B,PI,1754
2023,3,B,PR,4995
2023,3,B,RJ,11776
2023,3,B,RN,2015
2023,3,B,RO,353
2023,3,B,RR,118
2023,3,B,RS,4046
2023,3,B,SC,3355
2023,3,B,SE,1367
2023,3,B,SP,26047
2023,3,B,TO,394
2023,3,C,AC,94
2023,3,C,AL,698
2023,3,C,AM,463
2023,3,C,AP,140
2023,3,C,BA,2601
2023,3,C,CE,1747
2023,3,C,DF,1794
2023,3,C,ES,980
2023,3,C,GO,1923
2023,3,C,MA,683
2023,3,C,MG,4865
2023,3,C,MS,622
2023,3,C,MT,759
2023,3,C,PA,1285
2023,3,C,PB,1031
2023,3,C,PE,1930
2023,3,C,PI,740
2023,3,C,PR,3632
2023,3,C,RJ,6132
2023,3,C,RN,949
2023,3,C,RO,173
2023,3,C,RR,73
2023,3,C,RS,2674
2023,3,C,SC,2341
2023,3,C,SE,566
2023,3,C,SP,16741
2023,3,C,TO,230
2023,3,D,AC,57
2023,3,D,AL,274
2023,3,D,AM,227
2023,3,D,AP,67
2023,3,D,BA,1196
2023,3,D,CE,884
2023,3,D,DF,1343
2023,3,D,ES,504
2023,3,D,GO,941
2023,3,D,MA,311
2023,3,D,MG,2702
2023,3,D,MS,290
2023,3,D,MT,356
2023,3,D,PA,536
2023,3,D,PB,485
2023,3,D,PE,1059
2023,3,D,PI,353
2023,3,D,PR,2058
2023,3,D,RJ,3161
2023,3,D,RN,479
2023,3,D,RO,73
2023,3,D,RR,35
2023,3,D,RS,1496
2023,3,D,SC,1250
2023,3,D,SE,239
2023,3,D,SP,9204
2023,3,D,TO,108
2023,3,E,AC,24
2023,3,E,AL,145
2023,3,E,AM,123
2023,3,E,AP,24
2023,3,E,BA,565
2023,3,E,CE,464
2023,3,E,DF,1007
2023,3,E,ES,310
2023,3,E,GO,504
2023,3,E,MA,121
2023,3,E,MG,1535
2023,3,E,MS,168
2023,3,E,MT,170
2023,3,E,PA,255
2023,3,E,PB,251
2023,3,E,PE,652
2023,3,E,PI,152
2023,3,E,PR,1192
2023,3,E,RJ,1866
2023,3,E,RN,233
2023,3,E,RO,57
2023,3,E,RR,26
2023,3,E,RS,866
2023,3,E,SC,665
2023,3,E,SE,119
2023,3,E,SP,6197
2023,3,E,TO,65
