NU_ANO,TP_FAIXA_ETARIA,Q025,SG_UF_PROVA,QTD
2019,1,A,AC,497
2019,1,A,AL,737
2019,1,A,AM,1523
2019,1,A,AP,657
2019,1,A,BA,4426
2019,1,A,CE,6459
2019,1,A,DF,248
2019,1,A,ES,329
2019,1,A,GO,1925
2019,1,A,MA,6933
2019,1,A,MG,3842
2019,1,A,MS,524
2019,1,A,MT,934
2019,1,A,PA,5938
2019,1,A,PB,1776
2019,1,A,PE,3700
2019,1,A,PI,3468
2019,1,A,PR,898
2019,1,A,RJ,816
2019,1,A,RN,683
2019,1,A,RO,422
2019,1,A,RR,214
2019,1,A,RS,564
2019,1,A,SC,235
2019,1,A,SE,1393
2019,1,A,SP,2263
2019,1,A,TO,999
2019,1,B,AC,1382
2019,1,B,AL,4865
2019,1,B,AM,3546
2019,1,B,AP,1722
2019,1,B,BA,23552
2019,1,B,CE,20192
2019,1,B,DF,5168
2019,1,B,ES,5422
2019,1,B,GO,17914
2019,1,B,MA,11165
2019,1,B,MG,37978
2019,1,B,MS,5869
2019,1,B,MT,7018
2019,1,B,PA,13637
2019,1,B,PB,11198
2019,1,B,PE,23277
2019,1,B,PI,7798
2019,1,B,PR,19593
2019,1,B,RJ,19243
2019,1,B,RN,5204
2019,1,B,RO,2812
2019,1,B,RR,735
2019,1,B,RS,10690
2019,1,B,SC,9416
2019,1,B,SE,5969
2019,1,B,SP,69281
2019,1,B,TO,3612
2019,2,A,AC,1631
2019,2,A,AL,2469
2019,2,A,AM,5651
2019,2,A,AP,1696
2019,2,A,BA,10222
2019,2,A,CE,18691
2019,2,A,DF,977
2019,2,A,ES,1636
2019,2,A,GO,4393
2019,2,A,MA,14278
2019,2,A,MG,10854
2019,2,A,MS,1775
2019,2,A,MT,2769
2019,2,A,PA,12786
2019,2,A,PB,3681
2019,2,A,PE,7850
2019,2,A,PI,6367
2019,2,A,PR,4210
2019,2,A,RJ,3760
2019,2,A,RN,2114
2019,2,A,RO,1221
2019,2,A,RR,465
2019,2,A,RS,2276
2019,2,A,SC,1082
2019,2,A,SE,2535
2019,2,A,SP,17390
2019,2,A,TO,2306
2019,2,B,AC,2177
2019,2,B,AL,8596
2019,2,B,AM,7549
2019,2,B,AP,2453
2019,2,B,BA,38734
2019,2,B,CE,34493
2019,2,B,DF,12497
2019,2,B,ES,13080
2019,2,B,GO,27081
2019,2,B,MA,15126
2019,2,B,MG,71514
2019,2,B,MS,10050
2019,2,B,MT,12224
2019,2,B,PA,17288
2019,2,B,PB,14203
2019,2,B,PE,35318
2019,2,B,PI,10018
2019,2,B,PR,45243
2019,2,B,RJ,43791
2019,2,B,RN,10349
2019,2,B,RO,5068
2019,2,B,RR,1230
2019,2,B,RS,26936
2019,2,B,SC,22721
2019,2,B,SE,7026
2019,2,B,SP,202333
2019,2,B,TO,5101
2019,3,A,AC,2358
2019,3,A,AL,3628
2019,3,A,AM,8260
2019,3,A,AP,2410
2019,3,A,BA,13359
2019,3,A,CE,23429
2019,3,A,DF,1723
2019,3,A,ES,2428
2019,3,A,GO,5560
2019,3,A,MA,17187
2019,3,A,MG,14044
2019,3,A,MS,2112
2019,3,A,MT,3510
2019,3,A,PA,17410
2019,3,A,PB,4888
2019,3,A,PE,9573
2019,3,A,PI,7871
2019,3,A,PR,3672
2019,3,A,RJ,6717
2019,3,A,RN,3300
2019,3,A,RO,2156
2019,3,A,RR,829
2019,3,A,RS,4482
2019,3,A,SC,1744
2019,3,A,SE,3335
2019,3,A,SP,12809
2019,3,A,TO,2729
2019,3,B,AC,2548
2019,3,B,AL,9864
2019,3,B,AM,9801
2019,3,B,AP,2648
2019,3,B,BA,43205
2019,3,B,CE,37690
2019,3,B,DF,14184
2019,3,B,ES,15728
2019,3,B,GO,27080
2019,3,B,MA,16561
2019,3,B,MG,80868
2019,3,B,MS,8769
2019,3,B,MT,11830
2019,3,B,PA,18678
2019,3,B,PB,15169
2019,3,B,PE,37140
2019,3,B,PI,10947
2019,3,B,PR,33423
2019,3,B,RJ,54536
2019,3,B,RN,12713
2019,3,B,RO,6856
2019,3,B,RR,1368
2019,3,B,RS,37427
2019,3,B,SC,26014
2019,3,B,SE,7283
2019,3,B,SP,135245
2019,3,B,TO,5068
2019,4,A,AC,2019
2019,4,A,AL,2921
2019,4,A,AM,5767
2019,4,A,AP,2164
2019,4,A,BA,11813
2019,4,A,CE,12424
2019,4,A,DF,1477
2019,4,A,ES,1752
2019,4,A,GO,3133
2019,4,A,MA,13377
2019,4,A,MG,9418
2019,4,A,MS,1453
2019,4,A,MT,2028
2019,4,A,PA,14902
2019,4,A,PB,3908
2019,4,A,PE,6471
2019,4,A,PI,6545
2019,4,A,PR,2201
2019,4,A,RJ,5466
2019,4,A,RN,3151
2019,4,A,RO,1636
2019,4,A,RR,549
2019,4,A,RS,3067
2019,4,A,SC,873
2019,4,A,SE,3009
2019,4,A,SP,8096
2019,4,A,TO,1935
2019,4,B,AC,2020
2019,4,B,AL,7720
2019,4,B,AM,7141
2019,4,B,AP,2159
2019,4,B,BA,36068
2019,4,B,CE,23953
2019,4,B,DF,9553
2019,4,B,ES,11090
2019,4,B,GO,14598
2019,4,B,MA,13514
2019,4,B,MG,54373
2019,4,B,MS,5398
2019,4,B,MT,6728
2019,4,B,PA,14747
2019,4,B,PB,12011
2019,4,B,PE,25042
2019,4,B,PI,8416
2019,4,B,PR,19057
2019,4,B,RJ,38931
2019,4,B,RN,10856
2019,4,B,RO,4457
2019,4,B,RR,992
2019,4,B,RS,22682
2019,4,B,SC,10902
2019,4,B,SE,6060
2019,4,B,SP,73579
2019,4,B,TO,3553
2019,5,A,AC,1751
2019,5,A,AL,2290
2019,5,A,AM,4515
2019,5,A,AP,1866
2019,5,A,BA,9346
2019,5,A,CE,7524
2019,5,A,DF,1201
2019,5,A,ES,1214
2019,5,A,GO,2268
2019,5,A,MA,9978
2019,5,A,MG,6952
2019,5,A,MS,1131
2019,5,A,MT,1570
2019,5,A,PA,12818
2019,5,A,PB,3094
2019,5,A,PE,4400
2019,5,A,PI,4914
2019,5,A,PR,1582
2019,5,A,RJ,4116
2019,5,A,RN,2626
2019,5,A,RO,1270
2019,5,A,RR,405
2019,5,A,RS,2487
2019,5,A,SC,606
2019,5,A,SE,2435
2019,5,A,SP,6103
2019,5,A,TO,1464
2019,5,B,AC,1595
2019,5,B,AL,5677
2019,5,B,AM,5055
2019,5,B,AP,1652
2019,5,B,BA,28259
2019,5,B,CE,15597
2019,5,B,DF,6747
2019,5,B,ES,7653
2019,5,B,GO,9610
2019,5,B,MA,9976
2019,5,B,MG,37713
2019,5,B,MS,3553
2019,5,B,MT,4477
2019,5,B,PA,11356
2019,5,B,PB,9245
2019,5,B,PE,17747
2019,5,B,PI,5854
2019,5,B,PR,12519
2019,5,B,RJ,26023
2019,5,B,RN,8380
2019,5,B,RO,3210
2019,5,B,RR,660
2019,5,B,RS,16455
2019,5,B,SC,6033
2019,5,B,SE,4739
2019,5,B,SP,47093
2019,5,B,TO,2574
2019,6,A,AC,1452
2019,6,A,AL,1717
2019,6,A,AM,3559
2019,6,A,AP,1471
2019,6,A,BA,6864
2019,6,A,CE,4691
2019,6,A,DF,1002
2019,6,A,ES,895
2019,6,A,GO,1712
2019,6,A,MA,6999
2019,6,A,MG,5124
2019,6,A,MS,899
2019,6,A,MT,1205
2019,6,A,PA,9910
2019,6,A,PB,2357
2019,6,A,PE,3146
2019,6,A,PI,3776
2019,6,A,PR,1221
2019,6,A,RJ,2964
2019,6,A,RN,1977
2019,6,A,RO,1006
2019,6,A,RR,317
2019,6,A,RS,1912
2019,6,A,SC,468
2019,6,A,SE,1877
2019,6,A,SP,4662
2019,6,A,TO,1077
2019,6,B,AC,1203
2019,6,B,AL,4330
2019,6,B,AM,4005
2019,6,B,AP,1248
2019,6,B,BA,19495
2019,6,B,CE,10217
2019,6,B,DF,4890
2019,6,B,ES,5217
2019,6,B,GO,6724
2019,6,B,MA,6889
2019,6,B,MG,26100
2019,6,B,MS,2711
2019,6,B,MT,3201
2019,6,B,PA,8179
2019,6,B,PB,6902
2019,6,B,PE,12284
2019,6,B,PI,4255
2019,6,B,PR,8858
2019,6,B,RJ,16932
2019,6,B,RN,6215
2019,6,B,RO,2456
2019,6,B,RR,457
2019,6,B,RS,11375
2019,6,B,SC,4153
2019,6,B,SE,3323
2019,6,B,SP,32684
2019,6,B,TO,1744
2019,6,A,AC,1280
2019,6,A,AL,1474
2019,6,A,AM,2947
2019,6,A,AP,1259
2019,6,A,BA,5515
2019,6,A,CE,3512
2019,6,A,DF,770
2019,6,A,ES,778
2019,6,A,GO,1508
2019,6,A,MA,5505
2019,6,A,MG,4468
2019,6,A,MS,819
2019,6,A,MT,1015
2019,6,A,PA,8285
2019,6,A,PB,1978
2019,6,A,PE,2498
2019,6,A,PI,2818
2019,6,A,PR,1020
2019,6,A,RJ,2617
2019,6,A,RN,1611
2019,6,A,RO,917
2019,6,A,RR,270
2019,6,A,RS,1594
2019,6,A,SC,409
2019,6,A,SE,1460
2019,6,A,SP,4171
2019,6,A,TO,793
2019,6,B,AC,1020
2019,6,B,AL,3366
2019,6,B,AM,3193
2019,6,B,AP,979
2019,6,B,BA,15688
2019,6,B,CE,8006
2019,6,B,DF,3702
2019,6,B,ES,4008
2019,6,B,GO,5089
2019,6,B,MA,5607
2019,6,B,MG,20708
2019,6,B,MS,2193
2019,6,B,MT,2644
2019,6,B,PA,6556
2019,6,B,PB,5747
2019,6,B,PE,9775
2019,6,B,PI,3279
2019,6,B,PR,7347
2019,6,B,RJ,13556
2019,6,B,RN,5036
2019,6,B,RO,2028
2019,6,B,RR,397
2019,6,B,RS,8979
2019,6,B,SC,3240
2019,6,B,SE,2759
2019,6,B,SP,25406
2019,6,B,TO,1435
2019,6,A,AC,1012
2019,6,A,AL,1204
2019,6,A,AM,2577
2019,6,A,AP,1105
2019,6,A,BA,4403
2019,6,A,CE,2769
2019,6,A,DF,748
2019,6,A,ES,664
2019,6,A,GO,1185
2019,6,A,MA,4391
2019,6,A,MG,3716
2019,6,A,MS,677
2019,6,A,MT,833
2019,6,A,PA,7130
2019,6,A,PB,1511
2019,6,A,PE,2003
2019,6,A,PI,2314
2019,6,A,PR,909
2019,6,A,RJ,2046
2019,6,A,RN,1356
2019,6,A,RO,806
2019,6,A,RR,206
2019,6,A,RS,1451
2019,6,A,SC,381
2019,6,A,SE,1148
2019,6,A,SP,3481
2019,6,A,TO,674
2019,6,B,AC,851
2019,6,B,AL,2750
2019,6,B,AM,2694
2019,6,B,AP,900
2019,6,B,BA,12359
2019,6,B,CE,6330
2019,6,B,DF,2811
2019,6,B,ES,3039
2019,6,B,GO,4200
2019,6,B,MA,4669
2019,6,B,MG,16132
2019,6,B,MS,1808
2019,6,B,MT,2258
2019,6,B,PA,5523
2019,6,B,PB,4702
2019,6,B,PE,7871
2019,6,B,PI,2599
2019,6,B,PR,5786
2019,6,B,RJ,10453
2019,6,B,RN,4045
2019,6,B,RO,1778
2019,6,B,RR,305
2019,6,B,RS,7159
2019,6,B,SC,2585
2019,6,B,SE,2150
2019,6,B,SP,20105
2019,6,B,TO,1117
2019,6,A,AC,936
2019,6,A,AL,1015
2019,6,A,AM,2230
2019,6,A,AP,937
2019,6,A,BA,3648
2019,6,A,CE,2192
2019,6,A,DF,671
2019,6,A,ES,538
2019,6,A,GO,1035
2019,6,A,MA,3601
2019,6,A,MG,3120
2019,6,A,MS,568
2019,6,A,MT,768
2019,6,A,PA,5782
2019,6,A,PB,1323
2019,6,A,PE,1611
2019,6,A,PI,1781
2019,6,A,PR,816
2019,6,A,RJ,1787
2019,6,A,RN,1272
2019,6,A,RO,712
2019,6,A,RR,201
2019,6,A,RS,1252
2019,6,A,SC,343
2019,6,A,SE,911
2019,6,A,SP,2905
2019,6,A,TO,570
2019,6,B,AC,706
2019,6,B,AL,2402
2019,6,B,AM,2175
2019,6,B,AP,708
2019,6,B,BA,10205
2019,6,B,CE,5196
2019,6,B,DF,2434
2019,6,B,ES,2674
2019,6,B,GO,3593
2019,6,B,MA,3743
2019,6,B,MG,13248
2019,6,B,MS,1617
2019,6,B,MT,1872
2019,6,B,PA,4586
2019,6,B,PB,4125
2019,6,B,PE,6727
2019,6,B,PI,2163
2019,6,B,PR,4883
2019,6,B,RJ,8361
2019,6,B,RN,3622
2019,6,B,RO,1445
2019,6,B,RR,251
2019,6,B,RS,5863
2019,6,B,SC,2365
2019,6,B,SE,1885
2019,6,B,SP,15992
2019,6,B,TO,893
2019,6,A,AC,763
2019,6,A,AL,801
2019,6,A,AM,1860
2019,6,A,AP,811
2019,6,A,BA,2941
2019,6,A,CE,1731
2019,6,A,DF,581
2019,6,A,ES,426
2019,6,A,GO,909
2019,6,A,MA,2766
2019,6,A,MG,2583
2019,6,A,MS,530
2019,6,A,MT,641
2019,6,A,PA,5039
2019,6,A,PB,1095
2019,6,A,PE,1299
2019,6,A,PI,1359
2019,6,A,PR,733
2019,6,A,RJ,1404
2019,6,A,RN,993
2019,6,A,RO,618
2019,6,A,RR,164
2019,6,A,RS,1151
2019,6,A,SC,274
2019,6,A,SE,789
2019,6,A,SP,2454
2019,6,A,TO,450
2019,6,B,AC,618
2019,6,B,AL,1988
2019,6,B,AM,1939
2019,6,B,AP,680
2019,6,B,BA,8386
2019,6,B,CE,4158
2019,6,B,DF,1966
2019,6,B,ES,2178
2019,6,B,GO,2815
2019,6,B,MA,3031
2019,6,B,MG,10709
2019,6,B,MS,1351
2019,6,B,MT,1565
2019,6,B,PA,3999
2019,6,B,PB,3249
2019,6,B,PE,5274
2019,6,B,PI,1710
2019,6,B,PR,3968
2019,6,B,RJ,6866
2019,6,B,RN,2975
2019,6,B,RO,1390
2019,6,B,RR,211
2019,6,B,RS,4943
2019,6,B,SC,1845
2019,6,B,SE,1596
2019,6,B,SP,12694
2019,6,B,TO,769
2019,6,A,AC,2455
2019,6,A,AL,2430
2019,6,A,AM,6281
2019,6,A,AP,2770
2019,6,A,BA,8618
2019,6,A,CE,5533
2019,6,A,DF,1900
2019,6,A,ES,1478
2019,6,A,GO,2856
2019,6,A,MA,8126
2019,6,A,MG,8147
2019,6,A,MS,1881
2019,6,A,MT,2188
2019,6,A,PA,16063
2019,6,A,PB,3499
2019,6,A,PE,4260
2019,6,A,PI,4332
2019,6,A,PR,2316
2019,6,A,RJ,4541
2019,6,A,RN,3020
2019,6,A,RO,2151
2019,6,A,RR,478
2019,6,A,RS,3522
2019,6,A,SC,939
2019,6,A,SE,2284
2019,6,A,SP,7950
2019,6,A,TO,1256
2019,6,B,AC,2186
2019,6,B,AL,6154
2019,6,B,AM,6299
2019,6,B,AP,2251
2019,6,B,BA,25577
2019,6,B,CE,13430
2019,6,B,DF,6352
2019,6,B,ES,7068
2019,6,B,GO,8697
2019,6,B,MA,10081
2019,6,B,MG,33301
2019,6,B,MS,4622
2019,6,B,MT,5201
2019,6,B,PA,13248
2019,6,B,PB,11265
2019,6,B,PE,16922
2019,6,B,PI,5607
2019,6,B,PR,12439
2019,6,B,RJ,20941
2019,6,B,RN,9716
2019,6,B,RO,4499
2019,6,B,RR,665
2019,6,B,RS,14609
2019,6,B,SC,5706
2019,6,B,SE,4937
2019,6,B,SP,38580
2019,6,B,TO,2149
2019,6,A,AC,1415
2019,6,A,AL,1353
2019,6,A,AM,3873
2019,6,A,AP,1668
2019,6,A,BA,4953
2019,6,A,CE,3349
2019,6,A,DF,1152
2019,6,A,ES,826
2019,6,A,GO,1633
2019,6,A,MA,4777
2019,6,A,MG,4458
2019,6,A,MS,1215
2019,6,A,MT,1304
2019,6,A,PA,9634
2019,6,A,PB,1938
2019,6,A,PE,2376
2019,6,A,PI,2530
2019,6,A,PR,1231
2019,6,A,RJ,2725
2019,6,A,RN,1693
2019,6,A,RO,1311
2019,6,A,RR,291
2019,6,A,RS,2090
2019,6,A,SC,516
2019,6,A,SE,1287
2019,6,A,SP,4750
2019,6,A,TO,623
2019,6,B,AC,1414
2019,6,B,AL,3586
2019,6,B,AM,3935
2019,6,B,AP,1537
2019,6,B,BA,16163
2019,6,B,CE,7954
2019,6,B,DF,3802
2019,6,B,ES,4110
2019,6,B,GO,4903
2019,6,B,MA,6155
2019,6,B,MG,17949
2019,6,B,MS,2833
2019,6,B,MT,3186
2019,6,B,PA,8453
2019,6,B,PB,6756
2019,6,B,PE,9766
2019,6,B,PI,3490
2019,6,B,PR,6391
2019,6,B,RJ,11570
2019,6,B,RN,5970
2019,6,B,RO,2808
2019,6,B,RR,379
2019,6,B,RS,8325
2019,6,B,SC,3036
2019,6,B,SE,2892
2019,6,B,SP,21603
2019,6,B,TO,1107
2019,6,A,AC,857
2019,6,A,AL,865
2019,6,A,AM,2712
2019,6,A,AP,1160
2019,6,A,BA,3253
2019,6,A,CE,2049
2019,6,A,DF,741
2019,6,A,ES,579
2019,6,A,GO,1028
2019,6,A,MA,2778
2019,6,A,MG,3116
2019,6,A,MS,759
2019,6,A,MT,896
2019,6,A,PA,6481
2019,6,A,PB,1183
2019,6,A,PE,1542
2019,6,A,PI,1468
2019,6,A,PR,794
2019,6,A,RJ,2026
2019,6,A,RN,1072
2019,6,A,RO,862
2019,6,A,RR,201
2019,6,A,RS,1419
2019,6,A,SC,305
2019,6,A,SE,755
2019,6,A,SP,3208
2019,6,A,TO,400
2019,6,B,AC,947
2019,6,B,AL,2198
2019,6,B,AM,2890
2019,6,B,AP,1202
2019,6,B,BA,11163
2019,6,B,CE,4919
2019,6,B,DF,2976
2019,6,B,ES,2824
2019,6,B,GO,3270
2019,6,B,MA,3887
2019,6,B,MG,12513
2019,6,B,MS,2092
2019,6,B,MT,2302
2019,6,B,PA,6210
2019,6,B,PB,4361
2019,6,B,PE,6569
2019,6,B,PI,2154
2019,6,B,PR,4207
2019,6,B,RJ,8491
2019,6,B,RN,3707
2019,6,B,RO,1962
2019,6,B,RR,250
2019,6,B,RS,5774
2019,6,B,SC,1981
2019,6,B,SE,1708
2019,6,B,SP,15125
2019,6,B,TO,753
2019,6,A,AC,382
2019,6,A,AL,393
2019,6,A,AM,1374
2019,6,A,AP,632
2019,6,A,BA,1679
2019,6,A,CE,1122
2019,6,A,DF,447
2019,6,A,ES,299
2019,6,A,GO,538
2019,6,A,MA,1371
2019,6,A,MG,1669
2019,6,A,MS,374
2019,6,A,MT,477
2019,6,A,PA,3570
2019,6,A,PB,581
2019,6,A,PE,893
2019,6,A,PI,781
2019,6,A,PR,408
2019,6,A,RJ,1379
2019,6,A,RN,559
2019,6,A,RO,442
2019,6,A,RR,88
2019,6,A,RS,814
2019,6,A,SC,162
2019,6,A,SE,388
2019,6,A,SP,1921
2019,6,A,TO,191
2019,6,B,AC,523
2019,6,B,AL,1317
2019,6,B,AM,1740
2019,6,B,AP,688
2019,6,B,BA,6385
2019,6,B,CE,2775
2019,6,B,DF,1997
2019,6,B,ES,1832
2019,6,B,GO,2052
2019,6,B,MA,2174
2019,6,B,MG,7637
2019,6,B,MS,1198
2019,6,B,MT,1433
2019,6,B,PA,4021
2019,6,B,PB,2322
2019,6,B,PE,4031
2019,6,B,PI,1309
2019,6,B,PR,2560
2019,6,B,RJ,5658
2019,6,B,RN,2136
2019,6,B,RO,1089
2019,6,B,RR,161
2019,6,B,RS,3398
2019,6,B,SC,1046
2019,6,B,SE,1021
2019,6,B,SP,9491
2019,6,B,TO,400
2019,6,A,AC,149
2019,6,A,AL,180
2019,6,A,AM,729
2019,6,A,AP,281
2019,6,A,BA,904
2019,6,A,CE,615
2019,6,A,DF,269
2019,6,A,ES,188
2019,6,A,GO,285
2019,6,A,MA,675
2019,6,A,MG,1009
2019,6,A,MS,206
2019,6,A,MT,256
2019,6,A,PA,1857
2019,6,A,PB,305
2019,6,A,PE,579
2019,6,A,PI,394
2019,6,A,PR,198
2019,6,A,RJ,889
2019,6,A,RN,293
2019,6,A,RO,189
2019,6,A,RR,44
2019,6,A,RS,483
2019,6,A,SC,87
2019,6,A,SE,211
2019,6,A,SP,1088
2019,6,A,TO,91
2019,6,B,AC,263
2019,6,B,AL,797
2019,6,B,AM,1088
2019,6,B,AP,355
2019,6,B,BA,3832
2019,6,B,CE,1659
2019,6,B,DF,1360
2019,6,B,ES,1091
2019,6,B,GO,1163
2019,6,B,MA,1226
2019,6,B,MG,4956
2019,6,B,MS,676
2019,6,B,MT,865
2019,6,B,PA,2241
2019,6,B,PB,1320
2019,6,B,PE,2515
2019,6,B,PI,818
2019,6,B,PR,1399
2019,6,B,RJ,4151
2019,6,B,RN,1290
2019,6,B,RO,540
2019,6,B,RR,93
2019,6,B,RS,2168
2019,6,B,SC,604
2019,6,B,SE,628
2019,6,B,SP,6169
2019,6,B,TO,209
2019,6,A,AC,56
2019,6,A,AL,103
2019,6,A,AM,313
2019,6,A,AP,144
2019,6,A,BA,487
2019,6,A,CE,366
2019,6,A,DF,126
2019,6,A,ES,109
2019,6,A,GO,158
2019,6,A,MA,335
2019,6,A,MG,560
2019,6,A,MS,102
2019,6,A,MT,107
2019,6,A,PA,868
2019,6,A,PB,158
2019,6,A,PE,319
2019,6,A,PI,246
2019,6,A,PR,129
2019,6,A,RJ,618
2019,6,A,RN,128
2019,6,A,RO,96
2019,6,A,RR,11
2019,6,A,RS,331
2019,6,A,SC,45
2019,6,A,SE,118
2019,6,A,SP,618
2019,6,A,TO,38
2019,6,B,AC,109
2019,6,B,AL,359
2019,6,B,AM,448
2019,6,B,AP,187
2019,6,B,BA,2061
2019,6,B,CE,1033
2019,6,B,DF,768
2019,6,B,ES,604
2019,6,B,GO,580
2019,6,B,MA,619
2019,6,B,MG,3035
2019,6,B,MS,339
2019,6,B,MT,435
2019,6,B,PA,1164
2019,6,B,PB,757
2019,6,B,PE,1334
2019,6,B,PI,463
2019,6,B,PR,720
2019,6,B,RJ,2906
2019,6,B,RN,697
2019,6,B,RO,231
2019,6,B,RR,31
2019,6,B,RS,1377
2019,6,B,SC,295
2019,6,B,SE,312
2019,6,B,SP,3550
2019,6,B,TO,83
2019,6,A,AC,11
2019,6,A,AL,53
2019,6,A,AM,121
2019,6,A,AP,67
2019,6,A,BA,239
2019,6,A,CE,176
2019,6,A,DF,59
2019,6,A,ES,59
2019,6,A,GO,65
2019,6,A,MA,144
2019,6,A,MG,306
2019,6,A,MS,35
2019,6,A,MT,71
2019,6,A,PA,367
2019,6,A,PB,87
2019,6,A,PE,161
2019,6,A,PI,104
2019,6,A,PR,37
2019,6,A,RJ,347
2019,6,A,RN,64
2019,6,A,RO,46
2019,6,A,RR,9
2019,6,A,RS,170
2019,6,A,SC,26
2019,6,A,SE,38
2019,6,A,SP,337
2019,6,A,TO,20
2019,6,B,AC,34
2019,6,B,AL,158
2019,6,B,AM,214
2019,6,B,AP,70
2019,6,B,BA,944
2019,6,B,CE,438
2019,6,B,DF,334
2019,6,B,ES,277
2019,6,B,GO,240
2019,6,B,MA,247
2019,6,B,MG,1486
2019,6,B,MS,143
2019,6,B,MT,180
2019,6,B,PA,449
2019,6,B,PB,284
2019,6,B,PE,616
2019,6,B,PI,206
2019,6,B,PR,324
2019,6,B,RJ,1719
2019,6,B,RN,328
2019,6,B,RO,92
2019,6,B,RR,19
2019,6,B,RS,726
2019,6,B,SC,168
2019,6,B,SE,128
2019,6,B,SP,1660
2019,6,B,TO,40
2019,6,A,AC,7
2019,6,A,AL,15
2019,6,A,AM,37
2019,6,A,AP,23
2019,6,A,BA,115
2019,6,A,CE,64
2019,6,A,DF,25
2019,6,A,ES,19
2019,6,A,GO,21
2019,6,A,MA,49
2019,6,A,MG,129
2019,6,A,MS,23
2019,6,A,MT,25
2019,6,A,PA,137
2019,6,A,PB,36
2019,6,A,PE,47
2019,6,A,PI,34
2019,6,A,PR,18
2019,6,A,RJ,186
2019,6,A,RN,18
2019,6,A,RO,13
2019,6,A,RR,1
2019,6,A,RS,67
2019,6,A,SC,15
2019,6,A,SE,10
2019,6,A,SP,137
2019,6,A,TO,8
2019,6,B,AC,9
2019,6,B,AL,31
2019,6,B,AM,67
2019,6,B,AP,25
2019,6,B,BA,358
2019,6,B,CE,135
2019,6,B,DF,111
2019,6,B,ES,98
2019,6,B,GO,104
2019,6,B,MA,75
2019,6,B,MG,568
2019,6,B,MS,49
2019,6,B,MT,73
2019,6,B,PA,155
2019,6,B,PB,101
2019,6,B,PE,243
2019,6,B,PI,85
2019,6,B,PR,124
2019,6,B,RJ,732
2019,6,B,RN,105
2019,6,B,RO,24
2019,6,B,RR,4
2019,6,B,RS,294
2019,6,B,SC,45
2019,6,B,SE,53
2019,6,B,SP,664
2019,6,B,TO,12
2019,6,A,AC,3
2019,6,A,AL,3
2019,6,A,AM,10
2019,6,A,AP,6
2019,6,A,BA,41
2019,6,A,CE,27
2019,6,A,DF,10
2019,6,A,ES,7
2019,6,A,GO,12
2019,6,A,MA,20
2019,6,A,MG,40
2019,6,A,MS,10
2019,6,A,MT,6
2019,6,A,PA,46
2019,6,A,PB,10
2019,6,A,PE,19
2019,6,A,PI,12
2019,6,A,PR,15
2019,6,A,RJ,76
2019,6,A,RN,7
2019,6,A,RO,3
2019,6,A,RR,4
2019,6,A,RS,24
2019,6,A,SC,2
2019,6,A,SE,8
2019,6,A,SP,62
2019,6,A,TO,1
2019,6,B,AC,4
2019,6,B,AL,10
2019,6,B,AM,19
2019,6,B,AP,7
2019,6,B,BA,105
2019,6,B,CE,53
2019,6,B,DF,42
2019,6,B,ES,41
2019,6,B,GO,33
2019,6,B,MA,27
2019,6,B,MG,197
2019,6,B,MS,21
2019,6,B,MT,15
2019,6,B,PA,50
2019,6,B,PB,40
2019,6,B,PE,86
2019,6,B,PI,17
2019,6,B,PR,40
2019,6,B,RJ,241
2019,6,B,RN,26
2019,6,B,RO,10
2019,6,B,RR,1
2019,6,B,RS,84
2019,6,B,SC,24
2019,6,B,SE,17
2019,6,B,SP,223
2019,6,B,TO,2
2019,6,A,AC,1
2019,6,A,AL,2
2019,6,A,AM,1
2019,6,A,AP,2
2019,6,A,BA,13
2019,6,A,CE,10
2019,6,A,DF,5
2019,6,A,ES,4
2019,6,A,GO,2
2019,6,A,MA,4
2019,6,A,MG,20
2019,6,A,MS,3
2019,6,A,MT,3
2019,6,A,PA,11
2019,6,A,PB,3
2019,6,A,PE,12
2019,6,A,PI,4
2019,6,A,PR,3
2019,6,A,RJ,35
2019,6,A,RN,5
2019,6,A,RO,1
2019,6,A,RS,11
2019,6,A,SC,1
2019,6,A,SE,2
2019,6,A,SP,32
2019,6,A,TO,2
2019,6,B,AC,1
2019,6,B,AL,3
2019,6,B,AM,6
2019,6,B,AP,3
2019,6,B,BA,49
2019,6,B,CE,23
2019,6,B,DF,23
2019,6,B,ES,11
2019,6,B,GO,8
2019,6,B,MA,8
2019,6,B,MG,65
2019,6,B,MS,5
2019,6,B,MT,8
2019,6,B,PA,19
2019,6,B,PB,8
2019,6,B,PE,21
2019,6,B,PI,6
2019,6,B,PR,14
2019,6,B,RJ,100
2019,6,B,RN,7
2019,6,B,RO,6
2019,6,B,RS,38
2019,6,B,SC,7
2019,6,B,SE,9
2019,6,B,SP,76
2019,6,B,TO,1
2020,1,A,AC,294
2020,1,A,AL,395
2020,1,A,AM,1433
2020,1,A,AP,389
2020,1,A,BA,2839
2020,1,A,CE,4465
2020,1,A,DF,192
2020,1,A,ES,164
2020,1,A,GO,1078
2020,1,A,MA,4294
2020,1,A,MG,2114
2020,1,A,MS,369
2020,1,A,MT,490
2020,1,A,PA,4404
2020,1,A,PB,1187
2020,1,A,PE,2445
2020,1,A,PI,2067
2020,1,A,PR,494
2020,1,A,RJ,489
2020,1,A,RN,393
2020,1,A,RO,258
2020,1,A,RR,175
2020,1,A,RS,313
2020,1,A,SC,110
2020,1,A,SE,957
2020,1,A,SP,1241
2020,1,A,TO,812
2020,1,B,AC,1188
2020,1,B,AL,4264
2020,1,B,AM,4167
2020,1,B,AP,1422
2020,1,B,BA,21189
2020,1,B,CE,18740
2020,1,B,DF,4542
2020,1,B,ES,4159
2020,1,B,GO,14877
2020,1,B,MA,11135
2020,1,B,MG,31335
2020,1,B,MS,5563
2020,1,B,MT,5434
2020,1,B,PA,12927
2020,1,B,PB,10261
2020,1,B,PE,22165
2020,1,B,PI,7205
2020,1,B,PR,15733
2020,1,B,RJ,15111
2020,1,B,RN,4698
2020,1,B,RO,2538
2020,1,B,RR,712
2020,1,B,RS,9578
2020,1,B,SC,7682
2020,1,B,SE,5433
2020,1,B,SP,56930
2020,1,B,TO,3766
2020,2,A,AC,1164
2020,2,A,AL,1543
2020,2,A,AM,5622
2020,2,A,AP,1050
2020,2,A,BA,7162
2020,2,A,CE,15698
2020,2,A,DF,750
2020,2,A,ES,879
2020,2,A,GO,3674
2020,2,A,MA,10177
2020,2,A,MG,6608
2020,2,A,MS,1266
2020,2,A,MT,1720
2020,2,A,PA,9619
2020,2,A,PB,2555
2020,2,A,PE,5525
2020,2,A,PI,4279
2020,2,A,PR,2426
2020,2,A,RJ,2397
2020,2,A,RN,1289
2020,2,A,RO,765
2020,2,A,RR,434
2020,2,A,RS,1232
2020,2,A,SC,511
2020,2,A,SE,1939
2020,2,A,SP,8276
2020,2,A,TO,2158
2020,2,B,AC,2302
2020,2,B,AL,8637
2020,2,B,AM,9761
2020,2,B,AP,2666
2020,2,B,BA,38678
2020,2,B,CE,35349
2020,2,B,DF,12732
2020,2,B,ES,11127
2020,2,B,GO,29363
2020,2,B,MA,17475
2020,2,B,MG,67221
2020,2,B,MS,10343
2020,2,B,MT,11343
2020,2,B,PA,19177
2020,2,B,PB,14951
2020,2,B,PE,36743
2020,2,B,PI,10523
2020,2,B,PR,44211
2020,2,B,RJ,42022
2020,2,B,RN,9841
2020,2,B,RO,5282
2020,2,B,RR,1451
2020,2,B,RS,24521
2020,2,B,SC,19630
2020,2,B,SE,7346
2020,2,B,SP,166830
2020,2,B,TO,6222
2020,3,A,AC,1949
2020,3,A,AL,2697
2020,3,A,AM,9172
2020,3,A,AP,1760
2020,3,A,BA,10987
2020,3,A,CE,21227
2020,3,A,DF,1268
2020,3,A,ES,1747
2020,3,A,GO,5802
2020,3,A,MA,13013
2020,3,A,MG,9541
2020,3,A,MS,1515
2020,3,A,MT,2628
2020,3,A,PA,14547
2020,3,A,PB,3627
2020,3,A,PE,8393
2020,3,A,PI,5666
2020,3,A,PR,2601
2020,3,A,RJ,4721
2020,3,A,RN,2238
2020,3,A,RO,1640
2020,3,A,RR,725
2020,3,A,RS,2802
2020,3,A,SC,1025
2020,3,A,SE,2861
2020,3,A,SP,9835
2020,3,A,TO,2633
2020,3,B,AC,2760
2020,3,B,AL,10880
2020,3,B,AM,13559
2020,3,B,AP,3072
2020,3,B,BA,47903
2020,3,B,CE,41210
2020,3,B,DF,15221
2020,3,B,ES,16052
2020,3,B,GO,34419
2020,3,B,MA,19301
2020,3,B,MG,79055
2020,3,B,MS,9173
2020,3,B,MT,13189
2020,3,B,PA,22315
2020,3,B,PB,15834
2020,3,B,PE,40117
2020,3,B,PI,11800
2020,3,B,PR,35367
2020,3,B,RJ,53008
2020,3,B,RN,13240
2020,3,B,RO,7869
2020,3,B,RR,1981
2020,3,B,RS,37470
2020,3,B,SC,25325
2020,3,B,SE,7819
2020,3,B,SP,143576
2020,3,B,TO,6368
2020,4,A,AC,1822
2020,4,A,AL,2465
2020,4,A,AM,7100
2020,4,A,AP,1678
2020,4,A,BA,9692
2020,4,A,CE,10620
2020,4,A,DF,1233
2020,4,A,ES,1292
2020,4,A,GO,3664
2020,4,A,MA,11332
2020,4,A,MG,7131
2020,4,A,MS,1277
2020,4,A,MT,1896
2020,4,A,PA,13930
2020,4,A,PB,3362
2020,4,A,PE,5765
2020,4,A,PI,5310
2020,4,A,PR,1742
2020,4,A,RJ,4163
2020,4,A,RN,2185
2020,4,A,RO,1300
2020,4,A,RR,535
2020,4,A,RS,2442
2020,4,A,SC,654
2020,4,A,SE,2728
2020,4,A,SP,6584
2020,4,A,TO,2019
2020,4,B,AC,2232
2020,4,B,AL,8678
2020,4,B,AM,9517
2020,4,B,AP,2701
2020,4,B,BA,39528
2020,4,B,CE,25698
2020,4,B,DF,10347
2020,4,B,ES,10895
2020,4,B,GO,19106
2020,4,B,MA,15622
2020,4,B,MG,54740
2020,4,B,MS,6181
2020,4,B,MT,7778
2020,4,B,PA,18958
2020,4,B,PB,12974
2020,4,B,PE,28515
2020,4,B,PI,9596
2020,4,B,PR,20372
2020,4,B,RJ,38782
2020,4,B,RN,11062
2020,4,B,RO,5530
2020,4,B,RR,1320
2020,4,B,RS,24980
2020,4,B,SC,10839
2020,4,B,SE,6445
2020,4,B,SP,78931
2020,4,B,TO,4698
2020,5,A,AC,1506
2020,5,A,AL,2056
2020,5,A,AM,5356
2020,5,A,AP,1476
2020,5,A,BA,8363
2020,5,A,CE,6610
2020,5,A,DF,1145
2020,5,A,ES,985
2020,5,A,GO,2498
2020,5,A,MA,8923
2020,5,A,MG,5724
2020,5,A,MS,1181
2020,5,A,MT,1435
2020,5,A,PA,11746
2020,5,A,PB,2547
2020,5,A,PE,3972
2020,5,A,PI,4238
2020,5,A,PR,1393
2020,5,A,RJ,3716
2020,5,A,RN,2020
2020,5,A,RO,1080
2020,5,A,RR,415
2020,5,A,RS,2170
2020,5,A,SC,556
2020,5,A,SE,2420
2020,5,A,SP,5544
2020,5,A,TO,1497
2020,5,B,AC,1784
2020,5,B,AL,6802
2020,5,B,AM,7691
2020,5,B,AP,2209
2020,5,B,BA,32034
2020,5,B,CE,18031
2020,5,B,DF,7753
2020,5,B,ES,7887
2020,5,B,GO,12294
2020,5,B,MA,12679
2020,5,B,MG,41427
2020,5,B,MS,4702
2020,5,B,MT,5564
2020,5,B,PA,14862
2020,5,B,PB,10373
2020,5,B,PE,20422
2020,5,B,PI,7428
2020,5,B,PR,14254
2020,5,B,RJ,29216
2020,5,B,RN,9317
2020,5,B,RO,4039
2020,5,B,RR,940
2020,5,B,RS,18390
2020,5,B,SC,7128
2020,5,B,SE,5457
2020,5,B,SP,55580
2020,5,B,TO,3364
2020,6,A,AC,1374
2020,6,A,AL,1583
2020,6,A,AM,4322
2020,6,A,AP,1300
2020,6,A,BA,6704
2020,6,A,CE,4234
2020,6,A,DF,1006
2020,6,A,ES,770
2020,6,A,GO,1932
2020,6,A,MA,6978
2020,6,A,MG,4577
2020,6,A,MS,1004
2020,6,A,MT,1155
2020,6,A,PA,10074
2020,6,A,PB,2052
2020,6,A,PE,2981
2020,6,A,PI,3252
2020,6,A,PR,1156
2020,6,A,RJ,3095
2020,6,A,RN,1716
2020,6,A,RO,901
2020,6,A,RR,328
2020,6,A,RS,1876
2020,6,A,SC,507
2020,6,A,SE,1840
2020,6,A,SP,4603
2020,6,A,TO,1170
2020,6,B,AC,1484
2020,6,B,AL,5360
2020,6,B,AM,5767
2020,6,B,AP,1797
2020,6,B,BA,25199
2020,6,B,CE,13019
2020,6,B,DF,6039
2020,6,B,ES,5849
2020,6,B,GO,9178
2020,6,B,MA,9661
2020,6,B,MG,31434
2020,6,B,MS,3410
2020,6,B,MT,4058
2020,6,B,PA,12167
2020,6,B,PB,8332
2020,6,B,PE,15715
2020,6,B,PI,5608
2020,6,B,PR,10848
2020,6,B,RJ,21692
2020,6,B,RN,7261
2020,6,B,RO,3300
2020,6,B,RR,768
2020,6,B,RS,13904
2020,6,B,SC,5154
2020,6,B,SE,4346
2020,6,B,SP,41298
2020,6,B,TO,2625
2020,6,A,AC,1163
2020,6,A,AL,1227
2020,6,A,AM,3451
2020,6,A,AP,1115
2020,6,A,BA,5011
2020,6,A,CE,2986
2020,6,A,DF,919
2020,6,A,ES,691
2020,6,A,GO,1591
2020,6,A,MA,5075
2020,6,A,MG,3732
2020,6,A,MS,818
2020,6,A,MT,1005
2020,6,A,PA,7945
2020,6,A,PB,1634
2020,6,A,PE,2246
2020,6,A,PI,2669
2020,6,A,PR,1025
2020,6,A,RJ,2428
2020,6,A,RN,1340
2020,6,A,RO,781
2020,6,A,RR,309
2020,6,A,RS,1564
2020,6,A,SC,429
2020,6,A,SE,1387
2020,6,A,SP,4105
2020,6,A,TO,894
2020,6,B,AC,1244
2020,6,B,AL,4152
2020,6,B,AM,4909
2020,6,B,AP,1453
2020,6,B,BA,18575
2020,6,B,CE,10040
2020,6,B,DF,4931
2020,6,B,ES,4424
2020,6,B,GO,7264
2020,6,B,MA,7375
2020,6,B,MG,23898
2020,6,B,MS,2777
2020,6,B,MT,3299
2020,6,B,PA,9369
2020,6,B,PB,6629
2020,6,B,PE,12032
2020,6,B,PI,4313
2020,6,B,PR,8679
2020,6,B,RJ,15944
2020,6,B,RN,5920
2020,6,B,RO,2537
2020,6,B,RR,534
2020,6,B,RS,10607
2020,6,B,SC,3988
2020,6,B,SE,3169
2020,6,B,SP,32015
2020,6,B,TO,1994
2020,6,A,AC,1062
2020,6,A,AL,1111
2020,6,A,AM,3178
2020,6,A,AP,1047
2020,6,A,BA,4351
2020,6,A,CE,2481
2020,6,A,DF,782
2020,6,A,ES,576
2020,6,A,GO,1354
2020,6,A,MA,4274
2020,6,A,MG,3492
2020,6,A,MS,739
2020,6,A,MT,968
2020,6,A,PA,7140
2020,6,A,PB,1402
2020,6,A,PE,1902
2020,6,A,PI,2188
2020,6,A,PR,925
2020,6,A,RJ,2381
2020,6,A,RN,1170
2020,6,A,RO,710
2020,6,A,RR,238
2020,6,A,RS,1538
2020,6,A,SC,442
2020,6,A,SE,1144
2020,6,A,SP,3834
2020,6,A,TO,798
2020,6,B,AC,1110
2020,6,B,AL,3705
2020,6,B,AM,4307
2020,6,B,AP,1239
2020,6,B,BA,16193
2020,6,B,CE,8640
2020,6,B,DF,4040
2020,6,B,ES,3840
2020,6,B,GO,6015
2020,6,B,MA,6408
2020,6,B,MG,20624
2020,6,B,MS,2544
2020,6,B,MT,2924
2020,6,B,PA,8222
2020,6,B,PB,5869
2020,6,B,PE,10152
2020,6,B,PI,3660
2020,6,B,PR,7478
2020,6,B,RJ,14074
2020,6,B,RN,5038
2020,6,B,RO,2316
2020,6,B,RR,503
2020,6,B,RS,8994
2020,6,B,SC,3497
2020,6,B,SE,2754
2020,6,B,SP,28017
2020,6,B,TO,1691
2020,6,A,AC,855
2020,6,A,AL,908
2020,6,A,AM,2692
2020,6,A,AP,935
2020,6,A,BA,3459
2020,6,A,CE,2186
2020,6,A,DF,773
2020,6,A,ES,515
2020,6,A,GO,1249
2020,6,A,MA,3552
2020,6,A,MG,2986
2020,6,A,MS,691
2020,6,A,MT,853
2020,6,A,PA,6456
2020,6,A,PB,1177
2020,6,A,PE,1630
2020,6,A,PI,1864
2020,6,A,PR,891
2020,6,A,RJ,1996
2020,6,A,RN,1042
2020,6,A,RO,692
2020,6,A,RR,194
2020,6,A,RS,1351
2020,6,A,SC,401
2020,6,A,SE,971
2020,6,A,SP,3309
2020,6,A,TO,662
2020,6,B,AC,934
2020,6,B,AL,3106
2020,6,B,AM,3864
2020,6,B,AP,1154
2020,6,B,BA,13301
2020,6,B,CE,7520
2020,6,B,DF,3504
2020,6,B,ES,3003
2020,6,B,GO,5071
2020,6,B,MA,5547
2020,6,B,MG,17076
2020,6,B,MS,2236
2020,6,B,MT,2636
2020,6,B,PA,7233
2020,6,B,PB,5063
2020,6,B,PE,8814
2020,6,B,PI,3158
2020,6,B,PR,6501
2020,6,B,RJ,11577
2020,6,B,RN,4306
2020,6,B,RO,2128
2020,6,B,RR,418
2020,6,B,RS,7678
2020,6,B,SC,3020
2020,6,B,SE,2324
2020,6,B,SP,23560
2020,6,B,TO,1428
2020,6,A,AC,738
2020,6,A,AL,751
2020,6,A,AM,2369
2020,6,A,AP,784
2020,6,A,BA,3070
2020,6,A,CE,1874
2020,6,A,DF,650
2020,6,A,ES,420
2020,6,A,GO,1091
2020,6,A,MA,2941
2020,6,A,MG,2620
2020,6,A,MS,566
2020,6,A,MT,724
2020,6,A,PA,5302
2020,6,A,PB,1051
2020,6,A,PE,1258
2020,6,A,PI,1445
2020,6,A,PR,768
2020,6,A,RJ,1848
2020,6,A,RN,959
2020,6,A,RO,627
2020,6,A,RR,188
2020,6,A,RS,1254
2020,6,A,SC,340
2020,6,A,SE,791
2020,6,A,SP,2837
2020,6,A,TO,557
2020,6,B,AC,860
2020,6,B,AL,2823
2020,6,B,AM,3197
2020,6,B,AP,960
2020,6,B,BA,11463
2020,6,B,CE,6689
2020,6,B,DF,3122
2020,6,B,ES,2646
2020,6,B,GO,4458
2020,6,B,MA,4612
2020,6,B,MG,14837
2020,6,B,MS,1979
2020,6,B,MT,2374
2020,6,B,PA,6396
2020,6,B,PB,4557
2020,6,B,PE,7646
2020,6,B,PI,2785
2020,6,B,PR,5663
2020,6,B,RJ,9886
2020,6,B,RN,4057
2020,6,B,RO,1811
2020,6,B,RR,341
2020,6,B,RS,6723
2020,6,B,SC,2756
2020,6,B,SE,2070
2020,6,B,SP,19870
2020,6,B,TO,1156
2020,6,A,AC,2455
2020,6,A,AL,2501
2020,6,A,AM,7959
2020,6,A,AP,2663
2020,6,A,BA,9169
2020,6,A,CE,5470
2020,6,A,DF,2235
2020,6,A,ES,1350
2020,6,A,GO,3573
2020,6,A,MA,8445
2020,6,A,MG,8586
2020,6,A,MS,2218
2020,6,A,MT,2592
2020,6,A,PA,18158
2020,6,A,PB,3179
2020,6,A,PE,4189
2020,6,A,PI,4479
2020,6,A,PR,2679
2020,6,A,RJ,6025
2020,6,A,RN,2803
2020,6,A,RO,2189
2020,6,A,RR,556
2020,6,A,RS,4185
2020,6,A,SC,1232
2020,6,A,SE,2536
2020,6,A,SP,9766
2020,6,A,TO,1717
2020,6,B,AC,2866
2020,6,B,AL,9142
2020,6,B,AM,11466
2020,6,B,AP,3533
2020,6,B,BA,36818
2020,6,B,CE,21000
2020,6,B,DF,9842
2020,6,B,ES,8660
2020,6,B,GO,14089
2020,6,B,MA,14810
2020,6,B,MG,47165
2020,6,B,MS,7083
2020,6,B,MT,7976
2020,6,B,PA,22554
2020,6,B,PB,15402
2020,6,B,PE,24674
2020,6,B,PI,9014
2020,6,B,PR,18558
2020,6,B,RJ,31309
2020,6,B,RN,13053
2020,6,B,RO,6615
2020,6,B,RR,1249
2020,6,B,RS,21287
2020,6,B,SC,8980
2020,6,B,SE,6882
2020,6,B,SP,61523
2020,6,B,TO,3704
2020,6,A,AC,1380
2020,6,A,AL,1413
2020,6,A,AM,4678
2020,6,A,AP,1621
2020,6,A,BA,5281
2020,6,A,CE,3424
2020,6,A,DF,1418
2020,6,A,ES,833
2020,6,A,GO,2073
2020,6,A,MA,4990
2020,6,A,MG,5096
2020,6,A,MS,1398
2020,6,A,MT,1584
2020,6,A,PA,10858
2020,6,A,PB,1914
2020,6,A,PE,2490
2020,6,A,PI,2770
2020,6,A,PR,1547
2020,6,A,RJ,3473
2020,6,A,RN,1734
2020,6,A,RO,1355
2020,6,A,RR,305
2020,6,A,RS,2607
2020,6,A,SC,714
2020,6,A,SE,1327
2020,6,A,SP,6006
2020,6,A,TO,814
2020,6,B,AC,1886
2020,6,B,AL,5351
2020,6,B,AM,7026
2020,6,B,AP,2364
2020,6,B,BA,22771
2020,6,B,CE,12940
2020,6,B,DF,5596
2020,6,B,ES,5181
2020,6,B,GO,8085
2020,6,B,MA,9603
2020,6,B,MG,25686
2020,6,B,MS,4362
2020,6,B,MT,4987
2020,6,B,PA,14737
2020,6,B,PB,9691
2020,6,B,PE,15084
2020,6,B,PI,5897
2020,6,B,PR,10270
2020,6,B,RJ,17300
2020,6,B,RN,8264
2020,6,B,RO,4281
2020,6,B,RR,735
2020,6,B,RS,12455
2020,6,B,SC,4983
2020,6,B,SE,4115
2020,6,B,SP,35011
2020,6,B,TO,1961
2020,6,A,AC,843
2020,6,A,AL,857
2020,6,A,AM,3162
2020,6,A,AP,1054
2020,6,A,BA,3751
2020,6,A,CE,2033
2020,6,A,DF,912
2020,6,A,ES,618
2020,6,A,GO,1379
2020,6,A,MA,2987
2020,6,A,MG,3298
2020,6,A,MS,924
2020,6,A,MT,1059
2020,6,A,PA,7481
2020,6,A,PB,1131
2020,6,A,PE,1776
2020,6,A,PI,1646
2020,6,A,PR,1016
2020,6,A,RJ,2662
2020,6,A,RN,1107
2020,6,A,RO,853
2020,6,A,RR,202
2020,6,A,RS,1837
2020,6,A,SC,476
2020,6,A,SE,902
2020,6,A,SP,4266
2020,6,A,TO,517
2020,6,B,AC,1349
2020,6,B,AL,3482
2020,6,B,AM,5135
2020,6,B,AP,1830
2020,6,B,BA,16357
2020,6,B,CE,7959
2020,6,B,DF,4235
2020,6,B,ES,3705
2020,6,B,GO,5488
2020,6,B,MA,6115
2020,6,B,MG,17963
2020,6,B,MS,3191
2020,6,B,MT,3526
2020,6,B,PA,10765
2020,6,B,PB,6189
2020,6,B,PE,10022
2020,6,B,PI,3692
2020,6,B,PR,6758
2020,6,B,RJ,12735
2020,6,B,RN,5403
2020,6,B,RO,2974
2020,6,B,RR,525
2020,6,B,RS,8944
2020,6,B,SC,3288
2020,6,B,SE,2681
2020,6,B,SP,25199
2020,6,B,TO,1286
2020,6,A,AC,402
2020,6,A,AL,402
2020,6,A,AM,1752
2020,6,A,AP,606
2020,6,A,BA,2027
2020,6,A,CE,1169
2020,6,A,DF,610
2020,6,A,ES,379
2020,6,A,GO,729
2020,6,A,MA,1536
2020,6,A,MG,1921
2020,6,A,MS,571
2020,6,A,MT,622
2020,6,A,PA,4355
2020,6,A,PB,602
2020,6,A,PE,987
2020,6,A,PI,966
2020,6,A,PR,590
2020,6,A,RJ,1813
2020,6,A,RN,542
2020,6,A,RO,471
2020,6,A,RR,118
2020,6,A,RS,1074
2020,6,A,SC,290
2020,6,A,SE,449
2020,6,A,SP,2725
2020,6,A,TO,240
2020,6,B,AC,775
2020,6,B,AL,1982
2020,6,B,AM,3199
2020,6,B,AP,1076
2020,6,B,BA,9643
2020,6,B,CE,4486
2020,6,B,DF,3019
2020,6,B,ES,2442
2020,6,B,GO,3519
2020,6,B,MA,3455
2020,6,B,MG,11389
2020,6,B,MS,1921
2020,6,B,MT,2241
2020,6,B,PA,6893
2020,6,B,PB,3505
2020,6,B,PE,6426
2020,6,B,PI,2324
2020,6,B,PR,4130
2020,6,B,RJ,8992
2020,6,B,RN,3100
2020,6,B,RO,1763
2020,6,B,RR,282
2020,6,B,RS,5479
2020,6,B,SC,1916
2020,6,B,SE,1579
2020,6,B,SP,16468
2020,6,B,TO,723
2020,6,A,AC,194
2020,6,A,AL,194
2020,6,A,AM,886
2020,6,A,AP,324
2020,6,A,BA,1113
2020,6,A,CE,717
2020,6,A,DF,320
2020,6,A,ES,222
2020,6,A,GO,404
2020,6,A,MA,665
2020,6,A,MG,1139
2020,6,A,MS,274
2020,6,A,MT,314
2020,6,A,PA,2316
2020,6,A,PB,332
2020,6,A,PE,631
2020,6,A,PI,469
2020,6,A,PR,300
2020,6,A,RJ,1311
2020,6,A,RN,263
2020,6,A,RO,237
2020,6,A,RR,41
2020,6,A,RS,679
2020,6,A,SC,159
2020,6,A,SE,256
2020,6,A,SP,1582
2020,6,A,TO,117
2020,6,B,AC,372
2020,6,B,AL,1145
2020,6,B,AM,1840
2020,6,B,AP,571
2020,6,B,BA,5657
2020,6,B,CE,2706
2020,6,B,DF,1959
2020,6,B,ES,1533
2020,6,B,GO,2035
2020,6,B,MA,1821
2020,6,B,MG,7291
2020,6,B,MS,1155
2020,6,B,MT,1228
2020,6,B,PA,4183
2020,6,B,PB,2010
2020,6,B,PE,3937
2020,6,B,PI,1333
2020,6,B,PR,2465
2020,6,B,RJ,6505
2020,6,B,RN,1776
2020,6,B,RO,978
2020,6,B,RR,162
2020,6,B,RS,3478
2020,6,B,SC,1132
2020,6,B,SE,922
2020,6,B,SP,10470
2020,6,B,TO,332
2020,6,A,AC,67
2020,6,A,AL,108
2020,6,A,AM,391
2020,6,A,AP,124
2020,6,A,BA,613
2020,6,A,CE,394
2020,6,A,DF,167
2020,6,A,ES,135
2020,6,A,GO,218
2020,6,A,MA,351
2020,6,A,MG,678
2020,6,A,MS,177
2020,6,A,MT,163
2020,6,A,PA,1154
2020,6,A,PB,182
2020,6,A,PE,360
2020,6,A,PI,242
2020,6,A,PR,182
2020,6,A,RJ,891
2020,6,A,RN,142
2020,6,A,RO,111
2020,6,A,RR,22
2020,6,A,RS,420
2020,6,A,SC,75
2020,6,A,SE,148
2020,6,A,SP,931
2020,6,A,TO,52
2020,6,B,AC,153
2020,6,B,AL,590
2020,6,B,AM,847
2020,6,B,AP,264
2020,6,B,BA,3098
2020,6,B,CE,1516
2020,6,B,DF,1092
2020,6,B,ES,866
2020,6,B,GO,1017
2020,6,B,MA,880
2020,6,B,MG,4322
2020,6,B,MS,553
2020,6,B,MT,637
2020,6,B,PA,2071
2020,6,B,PB,1068
2020,6,B,PE,2118
2020,6,B,PI,752
2020,6,B,PR,1270
2020,6,B,RJ,4402
2020,6,B,RN,1006
2020,6,B,RO,426
2020,6,B,RR,70
2020,6,B,RS,2036
2020,6,B,SC,535
2020,6,B,SE,487
2020,6,B,SP,6022
2020,6,B,TO,149
2020,6,A,AC,15
2020,6,A,AL,46
2020,6,A,AM,175
2020,6,A,AP,60
2020,6,A,BA,300
2020,6,A,CE,209
2020,6,A,DF,81
2020,6,A,ES,76
2020,6,A,GO,123
2020,6,A,MA,151
2020,6,A,MG,388
2020,6,A,MS,60
2020,6,A,MT,74
2020,6,A,PA,473
2020,6,A,PB,87
2020,6,A,PE,216
2020,6,A,PI,112
2020,6,A,PR,97
2020,6,A,RJ,504
2020,6,A,RN,84
2020,6,A,RO,49
2020,6,A,RR,10
2020,6,A,RS,248
2020,6,A,SC,41
2020,6,A,SE,53
2020,6,A,SP,488
2020,6,A,TO,20
2020,6,B,AC,58
2020,6,B,AL,260
2020,6,B,AM,356
2020,6,B,AP,111
2020,6,B,BA,1457
2020,6,B,CE,755
2020,6,B,DF,468
2020,6,B,ES,365
2020,6,B,GO,399
2020,6,B,MA,394
2020,6,B,MG,2123
2020,6,B,MS,242
2020,6,B,MT,265
2020,6,B,PA,834
2020,6,B,PB,472
2020,6,B,PE,962
2020,6,B,PI,343
2020,6,B,PR,508
2020,6,B,RJ,2359
2020,6,B,RN,466
2020,6,B,RO,148
2020,6,B,RR,31
2020,6,B,RS,1081
2020,6,B,SC,233
2020,6,B,SE,217
2020,6,B,SP,2834
2020,6,B,TO,56
2020,6,A,AC,6
2020,6,A,AL,14
2020,6,A,AM,58
2020,6,A,AP,17
2020,6,A,BA,145
2020,6,A,CE,69
2020,6,A,DF,25
2020,6,A,ES,19
2020,6,A,GO,31
2020,6,A,MA,52
2020,6,A,MG,122
2020,6,A,MS,37
2020,6,A,MT,23
2020,6,A,PA,179
2020,6,A,PB,40
2020,6,A,PE,64
2020,6,A,PI,36
2020,6,A,PR,31
2020,6,A,RJ,242
2020,6,A,RN,31
2020,6,A,RO,11
2020,6,A,RR,3
2020,6,A,RS,89
2020,6,A,SC,12
2020,6,A,SE,14
2020,6,A,SP,215
2020,6,A,TO,7
2020,6,B,AC,11
2020,6,B,AL,49
2020,6,B,AM,112
2020,6,B,AP,34
2020,6,B,BA,521
2020,6,B,CE,262
2020,6,B,DF,151
2020,6,B,ES,151
2020,6,B,GO,118
2020,6,B,MA,126
2020,6,B,MG,751
2020,6,B,MS,87
2020,6,B,MT,88
2020,6,B,PA,334
2020,6,B,PB,168
2020,6,B,PE,328
2020,6,B,PI,92
2020,6,B,PR,186
2020,6,B,RJ,1021
2020,6,B,RN,165
2020,6,B,RO,51
2020,6,B,RR,8
2020,6,B,RS,388
2020,6,B,SC,86
2020,6,B,SE,69
2020,6,B,SP,1043
2020,6,B,TO,26
2020,6,A,AC,3
2020,6,A,AL,6
2020,6,A,AM,10
2020,6,A,AP,4
2020,6,A,BA,57
2020,6,A,CE,27
2020,6,A,DF,14
2020,6,A,ES,9
2020,6,A,GO,14
2020,6,A,MA,20
2020,6,A,MG,49
2020,6,A,MS,9
2020,6,A,MT,5
2020,6,A,PA,56
2020,6,A,PB,7
2020,6,A,PE,29
2020,6,A,PI,18
2020,6,A,PR,14
2020,6,A,RJ,90
2020,6,A,RN,8
2020,6,A,RO,5
2020,6,A,RR,3
2020,6,A,RS,32
2020,6,A,SC,3
2020,6,A,SE,7
2020,6,A,SP,57
2020,6,A,TO,3
2020,6,B,AC,9
2020,6,B,AL,25
2020,6,B,AM,31
2020,6,B,AP,11
2020,6,B,BA,193
2020,6,B,CE,84
2020,6,B,DF,56
2020,6,B,ES,49
2020,6,B,GO,57
2020,6,B,MA,42
2020,6,B,MG,252
2020,6,B,MS,21
2020,6,B,MT,43
2020,6,B,PA,76
2020,6,B,PB,47
2020,6,B,PE,96
2020,6,B,PI,37
2020,6,B,PR,62
2020,6,B,RJ,323
2020,6,B,RN,42
2020,6,B,RO,15
2020,6,B,RR,4
2020,6,B,RS,115
2020,6,B,SC,24
2020,6,B,SE,37
2020,6,B,SP,352
2020,6,B,TO,2
2020,6,A,AC,1
2020,6,A,AL,2
2020,6,A,AM,3
2020,6,A,AP,1
2020,6,A,BA,16
2020,6,A,CE,9
2020,6,A,DF,3
2020,6,A,ES,3
2020,6,A,GO,8
2020,6,A,MA,6
2020,6,A,MG,27
2020,6,A,MS,2
2020,6,A,MT,1
2020,6,A,PA,8
2020,6,A,PB,7
2020,6,A,PE,9
2020,6,A,PI,2
2020,6,A,PR,3
2020,6,A,RJ,44
2020,6,A,RO,4
2020,6,A,RS,14
2020,6,A,SC,1
2020,6,A,SE,3
2020,6,A,SP,35
2020,6,A,TO,1
2020,6,B,AC,1
2020,6,B,AL,5
2020,6,B,AM,10
2020,6,B,AP,7
2020,6,B,BA,48
2020,6,B,CE,24
2020,6,B,DF,18
2020,6,B,ES,12
2020,6,B,GO,7
2020,6,B,MA,11
2020,6,B,MG,105
2020,6,B,MS,5
2020,6,B,MT,10
2020,6,B,PA,33
2020,6,B,PB,16
2020,6,B,PE,36
2020,6,B,PI,9
2020,6,B,PR,18
2020,6,B,RJ,140
2020,6,B,RN,20
2020,6,B,RO,1
2020,6,B,RR,1
2020,6,B,RS,39
2020,6,B,SC,10
2020,6,B,SE,8
2020,6,B,SP,114
2020,6,B,TO,2
2021,1,A,AC,127
2021,1,A,AL,156
2021,1,A,AM,599
2021,1,A,AP,87
2021,1,A,BA,808
2021,1,A,CE,1198
2021,1,A,DF,48
2021,1,A,ES,68
2021,1,A,GO,328
2021,1,A,MA,1442
2021,1,A,MG,545
2021,1,A,MS,109
2021,1,A,MT,131
2021,1,A,PA,1735
2021,1,A,PB,518
2021,1,A,PE,933
2021,1,A,PI,748
2021,1,A,PR,120
2021,1,A,RJ,186
2021,1,A,RN,138
2021,1,A,RO,54
2021,1,A,RR,30
2021,1,A,RS,107
2021,1,A,SC,41
2021,1,A,SE,407
2021,1,A,SP,281
2021,1,A,TO,248
2021,1,B,AC,1025
2021,1,B,AL,4068
2021,1,B,AM,3064
2021,1,B,AP,1044
2021,1,B,BA,17784
2021,1,B,CE,15999
2021,1,B,DF,4152
2021,1,B,ES,3953
2021,1,B,GO,13548
2021,1,B,MA,9597
2021,1,B,MG,25949
2021,1,B,MS,4574
2021,1,B,MT,4955
2021,1,B,PA,12169
2021,1,B,PB,10330
2021,1,B,PE,17864
2021,1,B,PI,6938
2021,1,B,PR,14602
2021,1,B,RJ,14610
2021,1,B,RN,4445
2021,1,B,RO,2037
2021,1,B,RR,516
2021,1,B,RS,9025
2021,1,B,SC,8190
2021,1,B,SE,5457
2021,1,B,SP,44090
2021,1,B,TO,3141
2021,2,A,AC,461
2021,2,A,AL,512
2021,2,A,AM,3687
2021,2,A,AP,306
2021,2,A,BA,2399
2021,2,A,CE,8815
2021,2,A,DF,246
2021,2,A,ES,331
2021,2,A,GO,1863
2021,2,A,MA,4126
2021,2,A,MG,2154
2021,2,A,MS,495
2021,2,A,MT,566
2021,2,A,PA,4211
2021,2,A,PB,1212
2021,2,A,PE,2526
2021,2,A,PI,1848
2021,2,A,PR,773
2021,2,A,RJ,1109
2021,2,A,RN,405
2021,2,A,RO,230
2021,2,A,RR,96
2021,2,A,RS,451
2021,2,A,SC,224
2021,2,A,SE,937
2021,2,A,SP,2000
2021,2,A,TO,699
2021,2,B,AC,2160
2021,2,B,AL,7192
2021,2,B,AM,10201
2021,2,B,AP,2136
2021,2,B,BA,33338
2021,2,B,CE,37655
2021,2,B,DF,10880
2021,2,B,ES,10001
2021,2,B,GO,28333
2021,2,B,MA,16337
2021,2,B,MG,56141
2021,2,B,MS,9657
2021,2,B,MT,9702
2021,2,B,PA,17676
2021,2,B,PB,14369
2021,2,B,PE,31641
2021,2,B,PI,10544
2021,2,B,PR,40209
2021,2,B,RJ,37654
2021,2,B,RN,8753
2021,2,B,RO,4600
2021,2,B,RR,1073
2021,2,B,RS,23703
2021,2,B,SC,19047
2021,2,B,SE,6905
2021,2,B,SP,122843
2021,2,B,TO,5352
2021,3,A,AC,875
2021,3,A,AL,981
2021,3,A,AM,6372
2021,3,A,AP,650
2021,3,A,BA,4259
2021,3,A,CE,13116
2021,3,A,DF,459
2021,3,A,ES,705
2021,3,A,GO,3110
2021,3,A,MA,5670
2021,3,A,MG,3129
2021,3,A,MS,492
2021,3,A,MT,900
2021,3,A,PA,6763
2021,3,A,PB,1750
2021,3,A,PE,4023
2021,3,A,PI,2444
2021,3,A,PR,654
2021,3,A,RJ,1854
2021,3,A,RN,806
2021,3,A,RO,552
2021,3,A,RR,194
2021,3,A,RS,804
2021,3,A,SC,333
2021,3,A,SE,1336
2021,3,A,SP,2679
2021,3,A,TO,906
2021,3,B,AC,2687
2021,3,B,AL,9001
2021,3,B,AM,14450
2021,3,B,AP,2932
2021,3,B,BA,41996
2021,3,B,CE,43786
2021,3,B,DF,13607
2021,3,B,ES,14870
2021,3,B,GO,32280
2021,3,B,MA,18664
2021,3,B,MG,63736
2021,3,B,MS,6851
2021,3,B,MT,11209
2021,3,B,PA,21424
2021,3,B,PB,14549
2021,3,B,PE,34997
2021,3,B,PI,11608
2021,3,B,PR,27216
2021,3,B,RJ,45329
2021,3,B,RN,11799
2021,3,B,RO,6576
2021,3,B,RR,1636
2021,3,B,RS,31479
2021,3,B,SC,21611
2021,3,B,SE,7488
2021,3,B,SP,116223
2021,3,B,TO,5545
2021,4,A,AC,709
2021,4,A,AL,798
2021,4,A,AM,3807
2021,4,A,AP,479
2021,4,A,BA,3983
2021,4,A,CE,5729
2021,4,A,DF,353
2021,4,A,ES,399
2021,4,A,GO,1501
2021,4,A,MA,3892
2021,4,A,MG,2051
2021,4,A,MS,313
2021,4,A,MT,546
2021,4,A,PA,5794
2021,4,A,PB,1450
2021,4,A,PE,2342
2021,4,A,PI,1905
2021,4,A,PR,425
2021,4,A,RJ,1590
2021,4,A,RN,716
2021,4,A,RO,322
2021,4,A,RR,115
2021,4,A,RS,603
2021,4,A,SC,178
2021,4,A,SE,1081
2021,4,A,SP,1616
2021,4,A,TO,546
2021,4,B,AC,1790
2021,4,B,AL,6221
2021,4,B,AM,7528
2021,4,B,AP,1956
2021,4,B,BA,32923
2021,4,B,CE,21810
2021,4,B,DF,7681
2021,4,B,ES,7692
2021,4,B,GO,14360
2021,4,B,MA,11893
2021,4,B,MG,36975
2021,4,B,MS,3665
2021,4,B,MT,5509
2021,4,B,PA,15370
2021,4,B,PB,9991
2021,4,B,PE,19851
2021,4,B,PI,8065
2021,4,B,PR,13446
2021,4,B,RJ,27876
2021,4,B,RN,9356
2021,4,B,RO,3317
2021,4,B,RR,938
2021,4,B,RS,18303
2021,4,B,SC,7500
2021,4,B,SE,5050
2021,4,B,SP,49345
2021,4,B,TO,3035
2021,5,A,AC,530
2021,5,A,AL,635
2021,5,A,AM,2461
2021,5,A,AP,365
2021,5,A,BA,3006
2021,5,A,CE,2953
2021,5,A,DF,272
2021,5,A,ES,257
2021,5,A,GO,756
2021,5,A,MA,2805
2021,5,A,MG,1419
2021,5,A,MS,241
2021,5,A,MT,376
2021,5,A,PA,4568
2021,5,A,PB,1051
2021,5,A,PE,1505
2021,5,A,PI,1497
2021,5,A,PR,280
2021,5,A,RJ,1169
2021,5,A,RN,622
2021,5,A,RO,234
2021,5,A,RR,79
2021,5,A,RS,520
2021,5,A,SC,155
2021,5,A,SE,844
2021,5,A,SP,1234
2021,5,A,TO,369
2021,5,B,AC,1195
2021,5,B,AL,4278
2021,5,B,AM,4356
2021,5,B,AP,1363
2021,5,B,BA,22505
2021,5,B,CE,12322
2021,5,B,DF,4618
2021,5,B,ES,4518
2021,5,B,GO,7416
2021,5,B,MA,7969
2021,5,B,MG,23079
2021,5,B,MS,2364
2021,5,B,MT,3257
2021,5,B,PA,11173
2021,5,B,PB,7096
2021,5,B,PE,12903
2021,5,B,PI,5603
2021,5,B,PR,7730
2021,5,B,RJ,17690
2021,5,B,RN,6499
2021,5,B,RO,2024
2021,5,B,RR,509
2021,5,B,RS,11577
2021,5,B,SC,4022
2021,5,B,SE,3648
2021,5,B,SP,28806
2021,5,B,TO,1967
2021,6,A,AC,384
2021,6,A,AL,505
2021,6,A,AM,1637
2021,6,A,AP,326
2021,6,A,BA,2183
2021,6,A,CE,1619
2021,6,A,DF,220
2021,6,A,ES,212
2021,6,A,GO,568
2021,6,A,MA,2118
2021,6,A,MG,1177
2021,6,A,MS,201
2021,6,A,MT,277
2021,6,A,PA,3450
2021,6,A,PB,747
2021,6,A,PE,975
2021,6,A,PI,999
2021,6,A,PR,210
2021,6,A,RJ,1028
2021,6,A,RN,475
2021,6,A,RO,179
2021,6,A,RR,62
2021,6,A,RS,460
2021,6,A,SC,126
2021,6,A,SE,645
2021,6,A,SP,973
2021,6,A,TO,293
2021,6,B,AC,843
2021,6,B,AL,3046
2021,6,B,AM,3107
2021,6,B,AP,1013
2021,6,B,BA,15591
2021,6,B,CE,8009
2021,6,B,DF,3289
2021,6,B,ES,3077
2021,6,B,GO,4588
2021,6,B,MA,5759
2021,6,B,MG,16696
2021,6,B,MS,1578
2021,6,B,MT,2278
2021,6,B,PA,7870
2021,6,B,PB,4974
2021,6,B,PE,8881
2021,6,B,PI,3885
2021,6,B,PR,5557
2021,6,B,RJ,12678
2021,6,B,RN,4980
2021,6,B,RO,1434
2021,6,B,RR,390
2021,6,B,RS,7956
2021,6,B,SC,2747
2021,6,B,SE,2624
2021,6,B,SP,20895
2021,6,B,TO,1292
2021,6,A,AC,337
2021,6,A,AL,377
2021,6,A,AM,1251
2021,6,A,AP,272
2021,6,A,BA,1703
2021,6,A,CE,1018
2021,6,A,DF,183
2021,6,A,ES,157
2021,6,A,GO,409
2021,6,A,MA,1549
2021,6,A,MG,924
2021,6,A,MS,164
2021,6,A,MT,231
2021,6,A,PA,2846
2021,6,A,PB,557
2021,6,A,PE,744
2021,6,A,PI,752
2021,6,A,PR,215
2021,6,A,RJ,821
2021,6,A,RN,418
2021,6,A,RO,116
2021,6,A,RR,54
2021,6,A,RS,393
2021,6,A,SC,130
2021,6,A,SE,451
2021,6,A,SP,836
2021,6,A,TO,203
2021,6,B,AC,641
2021,6,B,AL,2335
2021,6,B,AM,2253
2021,6,B,AP,808
2021,6,B,BA,11369
2021,6,B,CE,5559
2021,6,B,DF,2491
2021,6,B,ES,2285
2021,6,B,GO,3375
2021,6,B,MA,4145
2021,6,B,MG,12363
2021,6,B,MS,1179
2021,6,B,MT,1583
2021,6,B,PA,6200
2021,6,B,PB,3827
2021,6,B,PE,6769
2021,6,B,PI,2725
2021,6,B,PR,4189
2021,6,B,RJ,9208
2021,6,B,RN,3704
2021,6,B,RO,1142
2021,6,B,RR,270
2021,6,B,RS,5724
2021,6,B,SC,2025
2021,6,B,SE,2060
2021,6,B,SP,15744
2021,6,B,TO,968
2021,6,A,AC,281
2021,6,A,AL,308
2021,6,A,AM,996
2021,6,A,AP,226
2021,6,A,BA,1291
2021,6,A,CE,742
2021,6,A,DF,193
2021,6,A,ES,128
2021,6,A,GO,327
2021,6,A,MA,1123
2021,6,A,MG,712
2021,6,A,MS,143
2021,6,A,MT,196
2021,6,A,PA,2296
2021,6,A,PB,414
2021,6,A,PE,609
2021,6,A,PI,604
2021,6,A,PR,172
2021,6,A,RJ,635
2021,6,A,RN,354
2021,6,A,RO,129
2021,6,A,RR,50
2021,6,A,RS,294
2021,6,A,SC,90
2021,6,A,SE,373
2021,6,A,SP,736
2021,6,A,TO,145
2021,6,B,AC,527
2021,6,B,AL,1708
2021,6,B,AM,1864
2021,6,B,AP,636
2021,6,B,BA,7960
2021,6,B,CE,4267
2021,6,B,DF,1971
2021,6,B,ES,1752
2021,6,B,GO,2543
2021,6,B,MA,2981
2021,6,B,MG,9408
2021,6,B,MS,989
2021,6,B,MT,1266
2021,6,B,PA,4667
2021,6,B,PB,2985
2021,6,B,PE,5070
2021,6,B,PI,1975
2021,6,B,PR,3380
2021,6,B,RJ,6795
2021,6,B,RN,2844
2021,6,B,RO,873
2021,6,B,RR,206
2021,6,B,RS,4499
2021,6,B,SC,1619
2021,6,B,SE,1518
2021,6,B,SP,11997
2021,6,B,TO,712
2021,6,A,AC,231
2021,6,A,AL,257
2021,6,A,AM,909
2021,6,A,AP,212
2021,6,A,BA,996
2021,6,A,CE,649
2021,6,A,DF,150
2021,6,A,ES,115
2021,6,A,GO,269
2021,6,A,MA,955
2021,6,A,MG,716
2021,6,A,MS,164
2021,6,A,MT,185
2021,6,A,PA,2119
2021,6,A,PB,373
2021,6,A,PE,506
2021,6,A,PI,473
2021,6,A,PR,178
2021,6,A,RJ,632
2021,6,A,RN,285
2021,6,A,RO,113
2021,6,A,RR,51
2021,6,A,RS,294
2021,6,A,SC,95
2021,6,A,SE,317
2021,6,A,SP,692
2021,6,A,TO,137
2021,6,B,AC,426
2021,6,B,AL,1487
2021,6,B,AM,1619
2021,6,B,AP,505
2021,6,B,BA,6750
2021,6,B,CE,3544
2021,6,B,DF,1672
2021,6,B,ES,1507
2021,6,B,GO,2198
2021,6,B,MA,2494
2021,6,B,MG,7758
2021,6,B,MS,829
2021,6,B,MT,1096
2021,6,B,PA,4067
2021,6,B,PB,2589
2021,6,B,PE,4295
2021,6,B,PI,1626
2021,6,B,PR,2803
2021,6,B,RJ,5878
2021,6,B,RN,2366
2021,6,B,RO,777
2021,6,B,RR,181
2021,6,B,RS,3650
2021,6,B,SC,1391
2021,6,B,SE,1204
2021,6,B,SP,10390
2021,6,B,TO,567
2021,6,A,AC,172
2021,6,A,AL,225
2021,6,A,AM,764
2021,6,A,AP,190
2021,6,A,BA,795
2021,6,A,CE,547
2021,6,A,DF,163
2021,6,A,ES,120
2021,6,A,GO,237
2021,6,A,MA,764
2021,6,A,MG,602
2021,6,A,MS,127
2021,6,A,MT,179
2021,6,A,PA,1794
2021,6,A,PB,284
2021,6,A,PE,399
2021,6,A,PI,386
2021,6,A,PR,165
2021,6,A,RJ,541
2021,6,A,RN,268
2021,6,A,RO,96
2021,6,A,RR,24
2021,6,A,RS,251
2021,6,A,SC,87
2021,6,A,SE,237
2021,6,A,SP,628
2021,6,A,TO,106
2021,6,B,AC,347
2021,6,B,AL,1193
2021,6,B,AM,1418
2021,6,B,AP,433
2021,6,B,BA,5283
2021,6,B,CE,3035
2021,6,B,DF,1331
2021,6,B,ES,1180
2021,6,B,GO,1849
2021,6,B,MA,2181
2021,6,B,MG,6250
2021,6,B,MS,720
2021,6,B,MT,1032
2021,6,B,PA,3468
2021,6,B,PB,2166
2021,6,B,PE,3714
2021,6,B,PI,1391
2021,6,B,PR,2418
2021,6,B,RJ,4664
2021,6,B,RN,1971
2021,6,B,RO,663
2021,6,B,RR,152
2021,6,B,RS,3039
2021,6,B,SC,1255
2021,6,B,SE,1017
2021,6,B,SP,8425
2021,6,B,TO,453
2021,6,A,AC,582
2021,6,A,AL,639
2021,6,A,AM,2542
2021,6,A,AP,630
2021,6,A,BA,2579
2021,6,A,CE,1645
2021,6,A,DF,517
2021,6,A,ES,347
2021,6,A,GO,884
2021,6,A,MA,2219
2021,6,A,MG,2018
2021,6,A,MS,417
2021,6,A,MT,573
2021,6,A,PA,5901
2021,6,A,PB,978
2021,6,A,PE,1276
2021,6,A,PI,1140
2021,6,A,PR,561
2021,6,A,RJ,1781
2021,6,A,RN,841
2021,6,A,RO,406
2021,6,A,RR,119
2021,6,A,RS,987
2021,6,A,SC,334
2021,6,A,SE,698
2021,6,A,SP,2210
2021,6,A,TO,363
2021,6,B,AC,1262
2021,6,B,AL,4006
2021,6,B,AM,4541
2021,6,B,AP,1488
2021,6,B,BA,16767
2021,6,B,CE,9407
2021,6,B,DF,4351
2021,6,B,ES,3675
2021,6,B,GO,5946
2021,6,B,MA,6595
2021,6,B,MG,20196
2021,6,B,MS,2442
2021,6,B,MT,3327
2021,6,B,PA,11705
2021,6,B,PB,7184
2021,6,B,PE,11537
2021,6,B,PI,4269
2021,6,B,PR,7707
2021,6,B,RJ,14770
2021,6,B,RN,6888
2021,6,B,RO,2395
2021,6,B,RR,498
2021,6,B,RS,9429
2021,6,B,SC,3937
2021,6,B,SE,3412
2021,6,B,SP,25074
2021,6,B,TO,1579
2021,6,A,AC,327
2021,6,A,AL,368
2021,6,A,AM,1461
2021,6,A,AP,384
2021,6,A,BA,1294
2021,6,A,CE,999
2021,6,A,DF,330
2021,6,A,ES,240
2021,6,A,GO,536
2021,6,A,MA,1207
2021,6,A,MG,1167
2021,6,A,MS,293
2021,6,A,MT,372
2021,6,A,PA,3388
2021,6,A,PB,612
2021,6,A,PE,743
2021,6,A,PI,643
2021,6,A,PR,375
2021,6,A,RJ,1063
2021,6,A,RN,499
2021,6,A,RO,216
2021,6,A,RR,58
2021,6,A,RS,535
2021,6,A,SC,193
2021,6,A,SE,381
2021,6,A,SP,1304
2021,6,A,TO,168
2021,6,B,AC,812
2021,6,B,AL,2375
2021,6,B,AM,2521
2021,6,B,AP,1000
2021,6,B,BA,9389
2021,6,B,CE,5663
2021,6,B,DF,2560
2021,6,B,ES,2253
2021,6,B,GO,3281
2021,6,B,MA,3961
2021,6,B,MG,10975
2021,6,B,MS,1497
2021,6,B,MT,2213
2021,6,B,PA,6963
2021,6,B,PB,4404
2021,6,B,PE,6741
2021,6,B,PI,2650
2021,6,B,PR,4238
2021,6,B,RJ,7995
2021,6,B,RN,4177
2021,6,B,RO,1613
2021,6,B,RR,263
2021,6,B,RS,5405
2021,6,B,SC,2099
2021,6,B,SE,1957
2021,6,B,SP,13808
2021,6,B,TO,776
2021,6,A,AC,204
2021,6,A,AL,236
2021,6,A,AM,1004
2021,6,A,AP,263
2021,6,A,BA,991
2021,6,A,CE,697
2021,6,A,DF,233
2021,6,A,ES,174
2021,6,A,GO,399
2021,6,A,MA,825
2021,6,A,MG,804
2021,6,A,MS,179
2021,6,A,MT,255
2021,6,A,PA,2407
2021,6,A,PB,350
2021,6,A,PE,584
2021,6,A,PI,448
2021,6,A,PR,206
2021,6,A,RJ,880
2021,6,A,RN,316
2021,6,A,RO,163
2021,6,A,RR,35
2021,6,A,RS,424
2021,6,A,SC,112
2021,6,A,SE,269
2021,6,A,SP,1013
2021,6,A,TO,93
2021,6,B,AC,599
2021,6,B,AL,1616
2021,6,B,AM,1859
2021,6,B,AP,801
2021,6,B,BA,7184
2021,6,B,CE,3733
2021,6,B,DF,1948
2021,6,B,ES,1527
2021,6,B,GO,2425
2021,6,B,MA,2663
2021,6,B,MG,7631
2021,6,B,MS,1160
2021,6,B,MT,1609
2021,6,B,PA,5412
2021,6,B,PB,3095
2021,6,B,PE,4691
2021,6,B,PI,1789
2021,6,B,PR,2707
2021,6,B,RJ,5946
2021,6,B,RN,2857
2021,6,B,RO,1111
2021,6,B,RR,216
2021,6,B,RS,4027
2021,6,B,SC,1355
2021,6,B,SE,1365
2021,6,B,SP,9651
2021,6,B,TO,532
2021,6,A,AC,121
2021,6,A,AL,115
2021,6,A,AM,556
2021,6,A,AP,157
2021,6,A,BA,606
2021,6,A,CE,405
2021,6,A,DF,172
2021,6,A,ES,82
2021,6,A,GO,216
2021,6,A,MA,455
2021,6,A,MG,533
2021,6,A,MS,108
2021,6,A,MT,146
2021,6,A,PA,1479
2021,6,A,PB,191
2021,6,A,PE,364
2021,6,A,PI,266
2021,6,A,PR,134
2021,6,A,RJ,672
2021,6,A,RN,197
2021,6,A,RO,104
2021,6,A,RR,22
2021,6,A,RS,250
2021,6,A,SC,93
2021,6,A,SE,149
2021,6,A,SP,700
2021,6,A,TO,60
2021,6,B,AC,340
2021,6,B,AL,884
2021,6,B,AM,1149
2021,6,B,AP,498
2021,6,B,BA,4509
2021,6,B,CE,2219
2021,6,B,DF,1354
2021,6,B,ES,1041
2021,6,B,GO,1517
2021,6,B,MA,1545
2021,6,B,MG,5103
2021,6,B,MS,681
2021,6,B,MT,947
2021,6,B,PA,3462
2021,6,B,PB,1816
2021,6,B,PE,2958
2021,6,B,PI,1210
2021,6,B,PR,1679
2021,6,B,RJ,4265
2021,6,B,RN,1729
2021,6,B,RO,645
2021,6,B,RR,109
2021,6,B,RS,2566
2021,6,B,SC,785
2021,6,B,SE,816
2021,6,B,SP,6283
2021,6,B,TO,291
2021,6,A,AC,57
2021,6,A,AL,58
2021,6,A,AM,282
2021,6,A,AP,76
2021,6,A,BA,326
2021,6,A,CE,257
2021,6,A,DF,94
2021,6,A,ES,59
2021,6,A,GO,120
2021,6,A,MA,222
2021,6,A,MG,340
2021,6,A,MS,54
2021,6,A,MT,78
2021,6,A,PA,835
2021,6,A,PB,119
2021,6,A,PE,219
2021,6,A,PI,134
2021,6,A,PR,73
2021,6,A,RJ,487
2021,6,A,RN,91
2021,6,A,RO,50
2021,6,A,RR,9
2021,6,A,RS,178
2021,6,A,SC,39
2021,6,A,SE,93
2021,6,A,SP,410
2021,6,A,TO,33
2021,6,B,AC,142
2021,6,B,AL,520
2021,6,B,AM,698
2021,6,B,AP,262
2021,6,B,BA,2567
2021,6,B,CE,1387
2021,6,B,DF,904
2021,6,B,ES,675
2021,6,B,GO,894
2021,6,B,MA,835
2021,6,B,MG,3195
2021,6,B,MS,401
2021,6,B,MT,577
2021,6,B,PA,2190
2021,6,B,PB,986
2021,6,B,PE,1807
2021,6,B,PI,655
2021,6,B,PR,896
2021,6,B,RJ,3261
2021,6,B,RN,942
2021,6,B,RO,356
2021,6,B,RR,48
2021,6,B,RS,1581
2021,6,B,SC,489
2021,6,B,SE,500
2021,6,B,SP,4085
2021,6,B,TO,162
2021,6,A,AC,19
2021,6,A,AL,39
2021,6,A,AM,128
2021,6,A,AP,33
2021,6,A,BA,197
2021,6,A,CE,155
2021,6,A,DF,55
2021,6,A,ES,38
2021,6,A,GO,68
2021,6,A,MA,115
2021,6,A,MG,195
2021,6,A,MS,26
2021,6,A,MT,41
2021,6,A,PA,396
2021,6,A,PB,68
2021,6,A,PE,141
2021,6,A,PI,54
2021,6,A,PR,45
2021,6,A,RJ,340
2021,6,A,RN,56
2021,6,A,RO,26
2021,6,A,RR,8
2021,6,A,RS,110
2021,6,A,SC,22
2021,6,A,SE,46
2021,6,A,SP,249
2021,6,A,TO,15
2021,6,B,AC,84
2021,6,B,AL,258
2021,6,B,AM,366
2021,6,B,AP,125
2021,6,B,BA,1497
2021,6,B,CE,786
2021,6,B,DF,529
2021,6,B,ES,375
2021,6,B,GO,406
2021,6,B,MA,438
2021,6,B,MG,2032
2021,6,B,MS,197
2021,6,B,MT,238
2021,6,B,PA,1142
2021,6,B,PB,531
2021,6,B,PE,1069
2021,6,B,PI,359
2021,6,B,PR,525
2021,6,B,RJ,2202
2021,6,B,RN,543
2021,6,B,RO,129
2021,6,B,RR,21
2021,6,B,RS,978
2021,6,B,SC,243
2021,6,B,SE,261
2021,6,B,SP,2470
2021,6,B,TO,75
2021,6,A,AC,8
2021,6,A,AL,12
2021,6,A,AM,72
2021,6,A,AP,15
2021,6,A,BA,101
2021,6,A,CE,96
2021,6,A,DF,28
2021,6,A,ES,20
2021,6,A,GO,27
2021,6,A,MA,54
2021,6,A,MG,122
2021,6,A,MS,16
2021,6,A,MT,25
2021,6,A,PA,187
2021,6,A,PB,33
2021,6,A,PE,70
2021,6,A,PI,39
2021,6,A,PR,30
2021,6,A,RJ,220
2021,6,A,RN,30
2021,6,A,RO,5
2021,6,A,RR,6
2021,6,A,RS,70
2021,6,A,SC,9
2021,6,A,SE,12
2021,6,A,SP,146
2021,6,A,TO,7
2021,6,B,AC,22
2021,6,B,AL,132
2021,6,B,AM,160
2021,6,B,AP,61
2021,6,B,BA,754
2021,6,B,CE,441
2021,6,B,DF,289
2021,6,B,ES,215
2021,6,B,GO,197
2021,6,B,MA,192
2021,6,B,MG,1088
2021,6,B,MS,101
2021,6,B,MT,126
2021,6,B,PA,468
2021,6,B,PB,256
2021,6,B,PE,567
2021,6,B,PI,180
2021,6,B,PR,235
2021,6,B,RJ,1441
2021,6,B,RN,282
2021,6,B,RO,78
2021,6,B,RR,13
2021,6,B,RS,513
2021,6,B,SC,121
2021,6,B,SE,136
2021,6,B,SP,1251
2021,6,B,TO,25
2021,6,A,AC,2
2021,6,A,AL,8
2021,6,A,AM,21
2021,6,A,AP,8
2021,6,A,BA,52
2021,6,A,CE,39
2021,6,A,DF,11
2021,6,A,ES,17
2021,6,A,GO,16
2021,6,A,MA,14
2021,6,A,MG,43
2021,6,A,MS,10
2021,6,A,MT,9
2021,6,A,PA,75
2021,6,A,PB,14
2021,6,A,PE,21
2021,6,A,PI,16
2021,6,A,PR,8
2021,6,A,RJ,106
2021,6,A,RN,11
2021,6,A,RO,4
2021,6,A,RS,32
2021,6,A,SC,1
2021,6,A,SE,8
2021,6,A,SP,79
2021,6,A,TO,1
2021,6,B,AC,3
2021,6,B,AL,24
2021,6,B,AM,38
2021,6,B,AP,19
2021,6,B,BA,281
2021,6,B,CE,122
2021,6,B,DF,99
2021,6,B,ES,73
2021,6,B,GO,86
2021,6,B,MA,64
2021,6,B,MG,384
2021,6,B,MS,27
2021,6,B,MT,56
2021,6,B,PA,201
2021,6,B,PB,93
2021,6,B,PE,205
2021,6,B,PI,71
2021,6,B,PR,65
2021,6,B,RJ,625
2021,6,B,RN,114
2021,6,B,RO,21
2021,6,B,RR,3
2021,6,B,RS,167
2021,6,B,SC,35
2021,6,B,SE,57
2021,6,B,SP,538
2021,6,B,TO,5
2021,6,A,AL,1
2021,6,A,AM,5
2021,6,A,AP,3
2021,6,A,BA,19
2021,6,A,CE,8
2021,6,A,DF,4
2021,6,A,ES,5
2021,6,A,GO,4
2021,6,A,MA,5
2021,6,A,MG,18
2021,6,A,MS,4
2021,6,A,PA,21
2021,6,A,PB,3
2021,6,A,PE,9
2021,6,A,PI,7
2021,6,A,PR,8
2021,6,A,RJ,38
2021,6,A,RN,1
2021,6,A,RO,2
2021,6,A,RS,10
2021,6,A,SC,1
2021,6,A,SE,2
2021,6,A,SP,18
2021,6,A,TO,1
2021,6,B,AC,3
2021,6,B,AL,6
2021,6,B,AM,25
2021,6,B,AP,7
2021,6,B,BA,104
2021,6,B,CE,54
2021,6,B,DF,28
2021,6,B,ES,28
2021,6,B,GO,25
2021,6,B,MA,23
2021,6,B,MG,120
2021,6,B,MS,15
2021,6,B,MT,14
2021,6,B,PA,61
2021,6,B,PB,22
2021,6,B,PE,49
2021,6,B,PI,19
2021,6,B,PR,30
2021,6,B,RJ,208
2021,6,B,RN,26
2021,6,B,RO,8
2021,6,B,RS,64
2021,6,B,SC,24
2021,6,B,SE,22
2021,6,B,SP,157
2021,6,B,TO,3
2021,6,A,AL,1
2021,6,A,AM,2
2021,6,A,BA,8
2021,6,A,CE,15
2021,6,A,ES,3
2021,6,A,GO,2
2021,6,A,MA,2
2021,6,A,MG,10
2021,6,A,MS,2
2021,6,A,MT,1
2021,6,A,PA,2
2021,6,A,PB,3
2021,6,A,PE,4
2021,6,A,PI,2
2021,6,A,PR,2
2021,6,A,RJ,15
2021,6,A,RN,1
2021,6,A,RS,4
2021,6,A,SC,1
2021,6,A,SE,1
2021,6,A,SP,9
2021,6,B,AC,1
2021,6,B,AL,3
2021,6,B,AM,5
2021,6,B,AP,5
2021,6,B,BA,47
2021,6,B,CE,17
2021,6,B,DF,16
2021,6,B,ES,7
2021,6,B,GO,8
2021,6,B,MA,7
2021,6,B,MG,71
2021,6,B,MS,5
2021,6,B,MT,4
2021,6,B,PA,23
2021,6,B,PB,12
2021,6,B,PE,14
2021,6,B,PI,2
2021,6,B,PR,16
2021,6,B,RJ,85
2021,6,B,RN,14
2021,6,B,RO,1
2021,6,B,RR,2
2021,6,B,RS,22
2021,6,B,SC,6
2021,6,B,SE,12
2021,6,B,SP,65
2022,1,A,AC,143
2022,1,A,AL,217
2022,1,A,AM,684
2022,1,A,AP,131
2022,1,A,BA,1235
2022,1,A,CE,1798
2022,1,A,DF,46
2022,1,A,ES,59
2022,1,A,GO,440
2022,1,A,MA,1688
2022,1,A,MG,685
2022,1,A,MS,123
2022,1,A,MT,155
2022,1,A,PA,2152
2022,1,A,PB,562
2022,1,A,PE,905
2022,1,A,PI,802
2022,1,A,PR,164
2022,1,A,RJ,250
2022,1,A,RN,158
2022,1,A,RO,69
2022,1,A,RR,33
2022,1,A,RS,108
2022,1,A,SC,46
2022,1,A,SE,574
2022,1,A,SP,365
2022,1,A,TO,222
2022,1,B,AC,1082
2022,1,B,AL,4375
2022,1,B,AM,3516
2022,1,B,AP,1276
2022,1,B,BA,20209
2022,1,B,CE,18060
2022,1,B,DF,4638
2022,1,B,ES,4324
2022,1,B,GO,16545
2022,1,B,MA,11173
2022,1,B,MG,26779
2022,1,B,MS,5119
2022,1,B,MT,5658
2022,1,B,PA,14288
2022,1,B,PB,10418
2022,1,B,PE,18451
2022,1,B,PI,7644
2022,1,B,PR,16602
2022,1,B,RJ,16271
2022,1,B,RN,4598
2022,1,B,RO,2408
2022,1,B,RR,693
2022,1,B,RS,9181
2022,1,B,SC,8294
2022,1,B,SE,5967
2022,1,B,SP,48973
2022,1,B,TO,3249
2022,2,A,AC,586
2022,2,A,AL,818
2022,2,A,AM,3507
2022,2,A,AP,420
2022,2,A,BA,3232
2022,2,A,CE,8297
2022,2,A,DF,305
2022,2,A,ES,363
2022,2,A,GO,1641
2022,2,A,MA,4694
2022,2,A,MG,2234
2022,2,A,MS,594
2022,2,A,MT,626
2022,2,A,PA,5177
2022,2,A,PB,1419
2022,2,A,PE,2630
2022,2,A,PI,1953
2022,2,A,PR,980
2022,2,A,RJ,1672
2022,2,A,RN,643
2022,2,A,RO,266
2022,2,A,RR,100
2022,2,A,RS,518
2022,2,A,SC,252
2022,2,A,SE,1190
2022,2,A,SP,2735
2022,2,A,TO,753
2022,2,B,AC,2753
2022,2,B,AL,9333
2022,2,B,AM,10767
2022,2,B,AP,2517
2022,2,B,BA,38860
2022,2,B,CE,43103
2022,2,B,DF,12323
2022,2,B,ES,11051
2022,2,B,GO,33156
2022,2,B,MA,20163
2022,2,B,MG,59183
2022,2,B,MS,11125
2022,2,B,MT,12554
2022,2,B,PA,22791
2022,2,B,PB,16190
2022,2,B,PE,34585
2022,2,B,PI,12556
2022,2,B,PR,46251
2022,2,B,RJ,44068
2022,2,B,RN,10852
2022,2,B,RO,5356
2022,2,B,RR,1281
2022,2,B,RS,26075
2022,2,B,SC,20945
2022,2,B,SE,8320
2022,2,B,SP,141385
2022,2,B,TO,6130
2022,3,A,AC,978
2022,3,A,AL,1311
2022,3,A,AM,5189
2022,3,A,AP,634
2022,3,A,BA,4926
2022,3,A,CE,11195
2022,3,A,DF,515
2022,3,A,ES,793
2022,3,A,GO,2289
2022,3,A,MA,5817
2022,3,A,MG,3027
2022,3,A,MS,574
2022,3,A,MT,958
2022,3,A,PA,7791
2022,3,A,PB,1683
2022,3,A,PE,3582
2022,3,A,PI,2464
2022,3,A,PR,856
2022,3,A,RJ,2894
2022,3,A,RN,944
2022,3,A,RO,501
2022,3,A,RR,202
2022,3,A,RS,1061
2022,3,A,SC,422
2022,3,A,SE,1563
2022,3,A,SP,4023
2022,3,A,TO,824
2022,3,B,AC,3236
2022,3,B,AL,11885
2022,3,B,AM,14862
2022,3,B,AP,3236
2022,3,B,BA,46543
2022,3,B,CE,49943
2022,3,B,DF,14465
2022,3,B,ES,16535
2022,3,B,GO,36527
2022,3,B,MA,22069
2022,3,B,MG,67466
2022,3,B,MS,8189
2022,3,B,MT,14010
2022,3,B,PA,26881
2022,3,B,PB,16538
2022,3,B,PE,37877
2022,3,B,PI,13493
2022,3,B,PR,30846
2022,3,B,RJ,54504
2022,3,B,RN,14053
2022,3,B,RO,8029
2022,3,B,RR,1888
2022,3,B,RS,36883
2022,3,B,SC,25177
2022,3,B,SE,8929
2022,3,B,SP,148749
2022,3,B,TO,6033
2022,4,A,AC,702
2022,4,A,AL,913
2022,4,A,AM,2721
2022,4,A,AP,561
2022,4,A,BA,3681
2022,4,A,CE,4641
2022,4,A,DF,355
2022,4,A,ES,341
2022,4,A,GO,1143
2022,4,A,MA,3600
2022,4,A,MG,1590
2022,4,A,MS,291
2022,4,A,MT,454
2022,4,A,PA,6301
2022,4,A,PB,1284
2022,4,A,PE,1925
2022,4,A,PI,1766
2022,4,A,PR,400
2022,4,A,RJ,1857
2022,4,A,RN,825
2022,4,A,RO,273
2022,4,A,RR,105
2022,4,A,RS,600
2022,4,A,SC,183
2022,4,A,SE,1193
2022,4,A,SP,1643
2022,4,A,TO,404
2022,4,B,AC,2140
2022,4,B,AL,7351
2022,4,B,AM,7106
2022,4,B,AP,2283
2022,4,B,BA,31560
2022,4,B,CE,22840
2022,4,B,DF,7773
2022,4,B,ES,7693
2022,4,B,GO,14175
2022,4,B,MA,13663
2022,4,B,MG,35537
2022,4,B,MS,3831
2022,4,B,MT,5490
2022,4,B,PA,18828
2022,4,B,PB,10769
2022,4,B,PE,20714
2022,4,B,PI,9101
2022,4,B,PR,13644
2022,4,B,RJ,31292
2022,4,B,RN,10299
2022,4,B,RO,3163
2022,4,B,RR,994
2022,4,B,RS,18140
2022,4,B,SC,7248
2022,4,B,SE,6051
2022,4,B,SP,53716
2022,4,B,TO,2962
2022,5,A,AC,553
2022,5,A,AL,609
2022,5,A,AM,1764
2022,5,A,AP,438
2022,5,A,BA,2810
2022,5,A,CE,2480
2022,5,A,DF,234
2022,5,A,ES,199
2022,5,A,GO,636
2022,5,A,MA,2298
2022,5,A,MG,1152
2022,5,A,MS,259
2022,5,A,MT,308
2022,5,A,PA,4627
2022,5,A,PB,1041
2022,5,A,PE,1250
2022,5,A,PI,1306
2022,5,A,PR,265
2022,5,A,RJ,1306
2022,5,A,RN,637
2022,5,A,RO,175
2022,5,A,RR,57
2022,5,A,RS,478
2022,5,A,SC,154
2022,5,A,SE,839
2022,5,A,SP,994
2022,5,A,TO,283
2022,5,B,AC,1342
2022,5,B,AL,4730
2022,5,B,AM,3996
2022,5,B,AP,1465
2022,5,B,BA,21831
2022,5,B,CE,12774
2022,5,B,DF,4452
2022,5,B,ES,4166
2022,5,B,GO,7426
2022,5,B,MA,8191
2022,5,B,MG,21734
2022,5,B,MS,2296
2022,5,B,MT,3101
2022,5,B,PA,12340
2022,5,B,PB,7440
2022,5,B,PE,12437
2022,5,B,PI,5921
2022,5,B,PR,7715
2022,5,B,RJ,18330
2022,5,B,RN,7428
2022,5,B,RO,1827
2022,5,B,RR,564
2022,5,B,RS,11627
2022,5,B,SC,3850
2022,5,B,SE,4031
2022,5,B,SP,27761
2022,5,B,TO,1752
2022,6,A,AC,417
2022,6,A,AL,440
2022,6,A,AM,1218
2022,6,A,AP,299
2022,6,A,BA,2064
2022,6,A,CE,1287
2022,6,A,DF,179
2022,6,A,ES,154
2022,6,A,GO,377
2022,6,A,MA,1667
2022,6,A,MG,821
2022,6,A,MS,144
2022,6,A,MT,217
2022,6,A,PA,3497
2022,6,A,PB,698
2022,6,A,PE,843
2022,6,A,PI,968
2022,6,A,PR,187
2022,6,A,RJ,971
2022,6,A,RN,490
2022,6,A,RO,134
2022,6,A,RR,45
2022,6,A,RS,367
2022,6,A,SC,105
2022,6,A,SE,600
2022,6,A,SP,781
2022,6,A,TO,197
2022,6,B,AC,932
2022,6,B,AL,3245
2022,6,B,AM,2695
2022,6,B,AP,1061
2022,6,B,BA,14830
2022,6,B,CE,7784
2022,6,B,DF,2982
2022,6,B,ES,2714
2022,6,B,GO,4476
2022,6,B,MA,5452
2022,6,B,MG,14599
2022,6,B,MS,1601
2022,6,B,MT,2144
2022,6,B,PA,9075
2022,6,B,PB,5226
2022,6,B,PE,8620
2022,6,B,PI,4066
2022,6,B,PR,4895
2022,6,B,RJ,11840
2022,6,B,RN,5211
2022,6,B,RO,1238
2022,6,B,RR,328
2022,6,B,RS,7479
2022,6,B,SC,2434
2022,6,B,SE,2803
2022,6,B,SP,17933
2022,6,B,TO,1152
2022,6,A,AC,308
2022,6,A,AL,346
2022,6,A,AM,930
2022,6,A,AP,257
2022,6,A,BA,1544
2022,6,A,CE,878
2022,6,A,DF,167
2022,6,A,ES,135
2022,6,A,GO,285
2022,6,A,MA,1219
2022,6,A,MG,688
2022,6,A,MS,143
2022,6,A,MT,178
2022,6,A,PA,2704
2022,6,A,PB,529
2022,6,A,PE,631
2022,6,A,PI,685
2022,6,A,PR,171
2022,6,A,RJ,757
2022,6,A,RN,382
2022,6,A,RO,79
2022,6,A,RR,37
2022,6,A,RS,286
2022,6,A,SC,104
2022,6,A,SE,472
2022,6,A,SP,672
2022,6,A,TO,141
2022,6,B,AC,753
2022,6,B,AL,2378
2022,6,B,AM,2205
2022,6,B,AP,840
2022,6,B,BA,10728
2022,6,B,CE,5523
2022,6,B,DF,2076
2022,6,B,ES,2067
2022,6,B,GO,3014
2022,6,B,MA,4102
2022,6,B,MG,10968
2022,6,B,MS,1155
2022,6,B,MT,1436
2022,6,B,PA,6489
2022,6,B,PB,3693
2022,6,B,PE,6028
2022,6,B,PI,2952
2022,6,B,PR,3779
2022,6,B,RJ,8898
2022,6,B,RN,3999
2022,6,B,RO,970
2022,6,B,RR,279
2022,6,B,RS,5544
2022,6,B,SC,1916
2022,6,B,SE,2133
2022,6,B,SP,13850
2022,6,B,TO,757
2022,6,A,AC,273
2022,6,A,AL,299
2022,6,A,AM,735
2022,6,A,AP,214
2022,6,A,BA,1170
2022,6,A,CE,649
2022,6,A,DF,133
2022,6,A,ES,119
2022,6,A,GO,239
2022,6,A,MA,975
2022,6,A,MG,576
2022,6,A,MS,126
2022,6,A,MT,154
2022,6,A,PA,2266
2022,6,A,PB,426
2022,6,A,PE,524
2022,6,A,PI,532
2022,6,A,PR,130
2022,6,A,RJ,616
2022,6,A,RN,380
2022,6,A,RO,93
2022,6,A,RR,36
2022,6,A,RS,269
2022,6,A,SC,89
2022,6,A,SE,359
2022,6,A,SP,593
2022,6,A,TO,127
2022,6,B,AC,609
2022,6,B,AL,1888
2022,6,B,AM,1666
2022,6,B,AP,654
2022,6,B,BA,7937
2022,6,B,CE,4158
2022,6,B,DF,1666
2022,6,B,ES,1512
2022,6,B,GO,2250
2022,6,B,MA,3054
2022,6,B,MG,8275
2022,6,B,MS,932
2022,6,B,MT,1166
2022,6,B,PA,5073
2022,6,B,PB,2830
2022,6,B,PE,4688
2022,6,B,PI,2135
2022,6,B,PR,3033
2022,6,B,RJ,6633
2022,6,B,RN,3131
2022,6,B,RO,684
2022,6,B,RR,204
2022,6,B,RS,4234
2022,6,B,SC,1475
2022,6,B,SE,1571
2022,6,B,SP,10692
2022,6,B,TO,597
2022,6,A,AC,236
2022,6,A,AL,232
2022,6,A,AM,682
2022,6,A,AP,176
2022,6,A,BA,895
2022,6,A,CE,511
2022,6,A,DF,119
2022,6,A,ES,93
2022,6,A,GO,198
2022,6,A,MA,711
2022,6,A,MG,471
2022,6,A,MS,106
2022,6,A,MT,115
2022,6,A,PA,1788
2022,6,A,PB,314
2022,6,A,PE,427
2022,6,A,PI,433
2022,6,A,PR,128
2022,6,A,RJ,543
2022,6,A,RN,308
2022,6,A,RO,75
2022,6,A,RR,21
2022,6,A,RS,223
2022,6,A,SC,76
2022,6,A,SE,247
2022,6,A,SP,503
2022,6,A,TO,94
2022,6,B,AC,443
2022,6,B,AL,1473
2022,6,B,AM,1410
2022,6,B,AP,488
2022,6,B,BA,5884
2022,6,B,CE,3133
2022,6,B,DF,1315
2022,6,B,ES,1212
2022,6,B,GO,1816
2022,6,B,MA,2307
2022,6,B,MG,6172
2022,6,B,MS,784
2022,6,B,MT,940
2022,6,B,PA,3918
2022,6,B,PB,2276
2022,6,B,PE,3735
2022,6,B,PI,1630
2022,6,B,PR,2356
2022,6,B,RJ,4862
2022,6,B,RN,2467
2022,6,B,RO,597
2022,6,B,RR,193
2022,6,B,RS,3291
2022,6,B,SC,1139
2022,6,B,SE,1215
2022,6,B,SP,8123
2022,6,B,TO,434
2022,6,A,AC,194
2022,6,A,AL,207
2022,6,A,AM,572
2022,6,A,AP,169
2022,6,A,BA,734
2022,6,A,CE,399
2022,6,A,DF,101
2022,6,A,ES,76
2022,6,A,GO,150
2022,6,A,MA,570
2022,6,A,MG,452
2022,6,A,MS,98
2022,6,A,MT,109
2022,6,A,PA,1593
2022,6,A,PB,290
2022,6,A,PE,358
2022,6,A,PI,322
2022,6,A,PR,116
2022,6,A,RJ,491
2022,6,A,RN,211
2022,6,A,RO,82
2022,6,A,RR,23
2022,6,A,RS,218
2022,6,A,SC,83
2022,6,A,SE,196
2022,6,A,SP,435
2022,6,A,TO,81
2022,6,B,AC,414
2022,6,B,AL,1270
2022,6,B,AM,1170
2022,6,B,AP,404
2022,6,B,BA,4796
2022,6,B,CE,2781
2022,6,B,DF,1072
2022,6,B,ES,1013
2022,6,B,GO,1410
2022,6,B,MA,1880
2022,6,B,MG,5112
2022,6,B,MS,667
2022,6,B,MT,824
2022,6,B,PA,3297
2022,6,B,PB,1958
2022,6,B,PE,3064
2022,6,B,PI,1294
2022,6,B,PR,1990
2022,6,B,RJ,4125
2022,6,B,RN,2055
2022,6,B,RO,552
2022,6,B,RR,116
2022,6,B,RS,2685
2022,6,B,SC,992
2022,6,B,SE,1026
2022,6,B,SP,6938
2022,6,B,TO,329
2022,6,A,AC,580
2022,6,A,AL,594
2022,6,A,AM,1866
2022,6,A,AP,573
2022,6,A,BA,2166
2022,6,A,CE,1313
2022,6,A,DF,367
2022,6,A,ES,272
2022,6,A,GO,622
2022,6,A,MA,1684
2022,6,A,MG,1345
2022,6,A,MS,371
2022,6,A,MT,399
2022,6,A,PA,5189
2022,6,A,PB,893
2022,6,A,PE,1020
2022,6,A,PI,972
2022,6,A,PR,446
2022,6,A,RJ,1539
2022,6,A,RN,822
2022,6,A,RO,269
2022,6,A,RR,60
2022,6,A,RS,730
2022,6,A,SC,245
2022,6,A,SE,650
2022,6,A,SP,1521
2022,6,A,TO,250
2022,6,B,AC,1291
2022,6,B,AL,3893
2022,6,B,AM,3716
2022,6,B,AP,1335
2022,6,B,BA,13679
2022,6,B,CE,8571
2022,6,B,DF,3358
2022,6,B,ES,3102
2022,6,B,GO,4568
2022,6,B,MA,5647
2022,6,B,MG,15401
2022,6,B,MS,2130
2022,6,B,MT,2868
2022,6,B,PA,10860
2022,6,B,PB,6227
2022,6,B,PE,9512
2022,6,B,PI,3919
2022,6,B,PR,6193
2022,6,B,RJ,12417
2022,6,B,RN,6815
2022,6,B,RO,1831
2022,6,B,RR,437
2022,6,B,RS,8180
2022,6,B,SC,3082
2022,6,B,SE,3031
2022,6,B,SP,19806
2022,6,B,TO,1073
2022,6,A,AC,307
2022,6,A,AL,298
2022,6,A,AM,1021
2022,6,A,AP,340
2022,6,A,BA,1086
2022,6,A,CE,752
2022,6,A,DF,188
2022,6,A,ES,168
2022,6,A,GO,380
2022,6,A,MA,897
2022,6,A,MG,830
2022,6,A,MS,219
2022,6,A,MT,280
2022,6,A,PA,2916
2022,6,A,PB,474
2022,6,A,PE,539
2022,6,A,PI,532
2022,6,A,PR,224
2022,6,A,RJ,829
2022,6,A,RN,448
2022,6,A,RO,159
2022,6,A,RR,47
2022,6,A,RS,405
2022,6,A,SC,137
2022,6,A,SE,333
2022,6,A,SP,883
2022,6,A,TO,115
2022,6,B,AC,755
2022,6,B,AL,2111
2022,6,B,AM,2079
2022,6,B,AP,855
2022,6,B,BA,7247
2022,6,B,CE,4551
2022,6,B,DF,1888
2022,6,B,ES,1801
2022,6,B,GO,2649
2022,6,B,MA,3103
2022,6,B,MG,8054
2022,6,B,MS,1233
2022,6,B,MT,1716
2022,6,B,PA,6309
2022,6,B,PB,3683
2022,6,B,PE,5070
2022,6,B,PI,2348
2022,6,B,PR,3375
2022,6,B,RJ,6382
2022,6,B,RN,3848
2022,6,B,RO,1137
2022,6,B,RR,259
2022,6,B,RS,4427
2022,6,B,SC,1643
2022,6,B,SE,1616
2022,6,B,SP,10153
2022,6,B,TO,535
2022,6,A,AC,197
2022,6,A,AL,194
2022,6,A,AM,631
2022,6,A,AP,250
2022,6,A,BA,778
2022,6,A,CE,521
2022,6,A,DF,174
2022,6,A,ES,118
2022,6,A,GO,262
2022,6,A,MA,635
2022,6,A,MG,582
2022,6,A,MS,166
2022,6,A,MT,197
2022,6,A,PA,1997
2022,6,A,PB,314
2022,6,A,PE,429
2022,6,A,PI,355
2022,6,A,PR,160
2022,6,A,RJ,666
2022,6,A,RN,308
2022,6,A,RO,113
2022,6,A,RR,29
2022,6,A,RS,336
2022,6,A,SC,81
2022,6,A,SE,222
2022,6,A,SP,701
2022,6,A,TO,73
2022,6,B,AC,556
2022,6,B,AL,1471
2022,6,B,AM,1509
2022,6,B,AP,686
2022,6,B,BA,5534
2022,6,B,CE,3244
2022,6,B,DF,1465
2022,6,B,ES,1275
2022,6,B,GO,1881
2022,6,B,MA,2220
2022,6,B,MG,5603
2022,6,B,MS,942
2022,6,B,MT,1306
2022,6,B,PA,4734
2022,6,B,PB,2556
2022,6,B,PE,3580
2022,6,B,PI,1662
2022,6,B,PR,2192
2022,6,B,RJ,4649
2022,6,B,RN,2713
2022,6,B,RO,821
2022,6,B,RR,161
2022,6,B,RS,3223
2022,6,B,SC,1078
2022,6,B,SE,1219
2022,6,B,SP,7035
2022,6,B,TO,358
2022,6,A,AC,97
2022,6,A,AL,104
2022,6,A,AM,388
2022,6,A,AP,155
2022,6,A,BA,493
2022,6,A,CE,373
2022,6,A,DF,137
2022,6,A,ES,70
2022,6,A,GO,149
2022,6,A,MA,350
2022,6,A,MG,391
2022,6,A,MS,73
2022,6,A,MT,114
2022,6,A,PA,1261
2022,6,A,PB,181
2022,6,A,PE,287
2022,6,A,PI,232
2022,6,A,PR,97
2022,6,A,RJ,542
2022,6,A,RN,186
2022,6,A,RO,68
2022,6,A,RR,13
2022,6,A,RS,197
2022,6,A,SC,65
2022,6,A,SE,117
2022,6,A,SP,500
2022,6,A,TO,47
2022,6,B,AC,362
2022,6,B,AL,849
2022,6,B,AM,960
2022,6,B,AP,437
2022,6,B,BA,3676
2022,6,B,CE,1973
2022,6,B,DF,1108
2022,6,B,ES,954
2022,6,B,GO,1307
2022,6,B,MA,1350
2022,6,B,MG,3957
2022,6,B,MS,616
2022,6,B,MT,876
2022,6,B,PA,3344
2022,6,B,PB,1523
2022,6,B,PE,2362
2022,6,B,PI,1024
2022,6,B,PR,1405
2022,6,B,RJ,3785
2022,6,B,RN,1786
2022,6,B,RO,476
2022,6,B,RR,88
2022,6,B,RS,2226
2022,6,B,SC,649
2022,6,B,SE,755
2022,6,B,SP,5002
2022,6,B,TO,198
2022,6,A,AC,47
2022,6,A,AL,66
2022,6,A,AM,215
2022,6,A,AP,73
2022,6,A,BA,254
2022,6,A,CE,195
2022,6,A,DF,62
2022,6,A,ES,44
2022,6,A,GO,71
2022,6,A,MA,174
2022,6,A,MG,268
2022,6,A,MS,46
2022,6,A,MT,56
2022,6,A,PA,729
2022,6,A,PB,82
2022,6,A,PE,179
2022,6,A,PI,102
2022,6,A,PR,55
2022,6,A,RJ,379
2022,6,A,RN,90
2022,6,A,RO,40
2022,6,A,RR,7
2022,6,A,RS,156
2022,6,A,SC,33
2022,6,A,SE,71
2022,6,A,SP,316
2022,6,A,TO,16
2022,6,B,AC,171
2022,6,B,AL,526
2022,6,B,AM,558
2022,6,B,AP,199
2022,6,B,BA,2175
2022,6,B,CE,1147
2022,6,B,DF,813
2022,6,B,ES,547
2022,6,B,GO,769
2022,6,B,MA,731
2022,6,B,MG,2433
2022,6,B,MS,333
2022,6,B,MT,477
2022,6,B,PA,1958
2022,6,B,PB,820
2022,6,B,PE,1558
2022,6,B,PI,583
2022,6,B,PR,816
2022,6,B,RJ,2767
2022,6,B,RN,918
2022,6,B,RO,265
2022,6,B,RR,77
2022,6,B,RS,1352
2022,6,B,SC,391
2022,6,B,SE,476
2022,6,B,SP,3261
2022,6,B,TO,119
2022,6,A,AC,19
2022,6,A,AL,27
2022,6,A,AM,80
2022,6,A,AP,36
2022,6,A,BA,144
2022,6,A,CE,130
2022,6,A,DF,46
2022,6,A,ES,39
2022,6,A,GO,56
2022,6,A,MA,94
2022,6,A,MG,142
2022,6,A,MS,25
2022,6,A,MT,32
2022,6,A,PA,366
2022,6,A,PB,59
2022,6,A,PE,124
2022,6,A,PI,53
2022,6,A,PR,34
2022,6,A,RJ,280
2022,6,A,RN,60
2022,6,A,RO,14
2022,6,A,RR,3
2022,6,A,RS,111
2022,6,A,SC,17
2022,6,A,SE,36
2022,6,A,SP,209
2022,6,A,TO,14
2022,6,B,AC,72
2022,6,B,AL,287
2022,6,B,AM,282
2022,6,B,AP,117
2022,6,B,BA,1212
2022,6,B,CE,656
2022,6,B,DF,461
2022,6,B,ES,353
2022,6,B,GO,363
2022,6,B,MA,408
2022,6,B,MG,1561
2022,6,B,MS,206
2022,6,B,MT,254
2022,6,B,PA,1046
2022,6,B,PB,453
2022,6,B,PE,884
2022,6,B,PI,300
2022,6,B,PR,450
2022,6,B,RJ,1984
2022,6,B,RN,518
2022,6,B,RO,115
2022,6,B,RR,29
2022,6,B,RS,811
2022,6,B,SC,207
2022,6,B,SE,273
2022,6,B,SP,2062
2022,6,B,TO,74
2022,6,A,AC,9
2022,6,A,AL,20
2022,6,A,AM,46
2022,6,A,AP,8
2022,6,A,BA,105
2022,6,A,CE,84
2022,6,A,DF,29
2022,6,A,ES,25
2022,6,A,GO,30
2022,6,A,MA,39
2022,6,A,MG,94
2022,6,A,MS,16
2022,6,A,MT,17
2022,6,A,PA,182
2022,6,A,PB,24
2022,6,A,PE,42
2022,6,A,PI,35
2022,6,A,PR,34
2022,6,A,RJ,192
2022,6,A,RN,31
2022,6,A,RO,13
2022,6,A,RR,7
2022,6,A,RS,60
2022,6,A,SC,8
2022,6,A,SE,22
2022,6,A,SP,129
2022,6,A,TO,5
2022,6,B,AC,25
2022,6,B,AL,124
2022,6,B,AM,127
2022,6,B,AP,52
2022,6,B,BA,670
2022,6,B,CE,378
2022,6,B,DF,244
2022,6,B,ES,197
2022,6,B,GO,191
2022,6,B,MA,168
2022,6,B,MG,929
2022,6,B,MS,95
2022,6,B,MT,118
2022,6,B,PA,506
2022,6,B,PB,223
2022,6,B,PE,452
2022,6,B,PI,166
2022,6,B,PR,249
2022,6,B,RJ,1255
2022,6,B,RN,265
2022,6,B,RO,50
2022,6,B,RR,10
2022,6,B,RS,487
2022,6,B,SC,115
2022,6,B,SE,130
2022,6,B,SP,1132
2022,6,B,TO,24
2022,6,A,AC,3
2022,6,A,AL,5
2022,6,A,AM,16
2022,6,A,AP,7
2022,6,A,BA,38
2022,6,A,CE,26
2022,6,A,DF,10
2022,6,A,ES,11
2022,6,A,GO,12
2022,6,A,MA,9
2022,6,A,MG,39
2022,6,A,MS,5
2022,6,A,MT,9
2022,6,A,PA,67
2022,6,A,PB,6
2022,6,A,PE,27
2022,6,A,PI,12
2022,6,A,PR,8
2022,6,A,RJ,104
2022,6,A,RN,15
2022,6,A,RO,2
2022,6,A,RS,25
2022,6,A,SC,5
2022,6,A,SE,5
2022,6,A,SP,62
2022,6,A,TO,3
2022,6,B,AC,6
2022,6,B,AL,37
2022,6,B,AM,61
2022,6,B,AP,18
2022,6,B,BA,273
2022,6,B,CE,140
2022,6,B,DF,84
2022,6,B,ES,66
2022,6,B,GO,72
2022,6,B,MA,77
2022,6,B,MG,373
2022,6,B,MS,28
2022,6,B,MT,53
2022,6,B,PA,151
2022,6,B,PB,90
2022,6,B,PE,164
2022,6,B,PI,48
2022,6,B,PR,98
2022,6,B,RJ,547
2022,6,B,RN,99
2022,6,B,RO,19
2022,6,B,RR,4
2022,6,B,RS,192
2022,6,B,SC,37
2022,6,B,SE,43
2022,6,B,SP,499
2022,6,B,TO,7
2022,6,A,AC,1
2022,6,A,AL,2
2022,6,A,AM,9
2022,6,A,AP,1
2022,6,A,BA,19
2022,6,A,CE,9
2022,6,A,DF,5
2022,6,A,ES,4
2022,6,A,GO,4
2022,6,A,MA,7
2022,6,A,MG,17
2022,6,A,MS,2
2022,6,A,PA,26
2022,6,A,PB,4
2022,6,A,PE,10
2022,6,A,PI,5
2022,6,A,PR,6
2022,6,A,RJ,51
2022,6,A,RN,5
2022,6,A,RR,1
2022,6,A,RS,13
2022,6,A,SE,2
2022,6,A,SP,23
2022,6,A,TO,1
2022,6,B,AC,7
2022,6,B,AL,10
2022,6,B,AM,18
2022,6,B,AP,5
2022,6,B,BA,110
2022,6,B,CE,50
2022,6,B,DF,24
2022,6,B,ES,25
2022,6,B,GO,30
2022,6,B,MA,21
2022,6,B,MG,158
2022,6,B,MS,18
2022,6,B,MT,7
2022,6,B,PA,68
2022,6,B,PB,32
2022,6,B,PE,57
2022,6,B,PI,19
2022,6,B,PR,29
2022,6,B,RJ,243
2022,6,B,RN,34
2022,6,B,RO,4
2022,6,B,RR,3
2022,6,B,RS,70
2022,6,B,SC,9
2022,6,B,SE,23
2022,6,B,SP,198
2022,6,B,TO,6
2022,6,A,AL,1
2022,6,A,AM,2
2022,6,A,BA,2
2022,6,A,CE,8
2022,6,A,DF,2
2022,6,A,ES,2
2022,6,A,GO,3
2022,6,A,MA,2
2022,6,A,MG,11
2022,6,A,MS,1
2022,6,A,PA,9
2022,6,A,PE,6
2022,6,A,PI,1
2022,6,A,PR,4
2022,6,A,RJ,23
2022,6,A,RN,3
2022,6,A,RO,1
2022,6,A,RS,4
2022,6,A,SC,1
2022,6,A,SE,1
2022,6,A,SP,14
2022,6,B,AC,2
2022,6,B,AL,6
2022,6,B,AM,7
2022,6,B,AP,4
2022,6,B,BA,36
2022,6,B,CE,22
2022,6,B,DF,20
2022,6,B,ES,8
2022,6,B,GO,10
2022,6,B,MA,7
2022,6,B,MG,72
2022,6,B,MS,1
2022,6,B,MT,5
2022,6,B,PA,27
2022,6,B,PB,10
2022,6,B,PE,19
2022,6,B,PI,9
2022,6,B,PR,13
2022,6,B,RJ,76
2022,6,B,RN,14
2022,6,B,RO,1
2022,6,B,RS,23
2022,6,B,SC,4
2022,6,B,SE,8
2022,6,B,SP,72
2022,6,B,TO,1
2023,1,A,AC,158
2023,1,A,AL,364
2023,1,A,AM,713
2023,1,A,AP,174
2023,1,A,BA,1878
2023,1,A,CE,2579
2023,1,A,DF,84
2023,1,A,ES,88
2023,1,A,GO,608
2023,1,A,MA,2276
2023,1,A,MG,1102
2023,1,A,MS,138
2023,1,A,MT,176
2023,1,A,PA,2601
2023,1,A,PB,916
2023,1,A,PE,1492
2023,1,A,PI,1160
2023,1,A,PR,220
2023,1,A,RJ,385
2023,1,A,RN,280
2023,1,A,RO,95
2023,1,A,RR,71
2023,1,A,RS,139
2023,1,A,SC,56
2023,1,A,SE,705
2023,1,A,SP,568
2023,1,A,TO,308
2023,1,B,AC,1251
2023,1,B,AL,5091
2023,1,B,AM,3841
2023,1,B,AP,1547
2023,1,B,BA,23466
2023,1,B,CE,21270
2023,1,B,DF,5427
2023,1,B,ES,4927
2023,1,B,GO,18071
2023,1,B,MA,13435
2023,1,B,MG,31951
2023,1,B,MS,5665
2023,1,B,MT,5986
2023,1,B,PA,15766
2023,1,B,PB,12043
2023,1,B,PE,21383
2023,1,B,PI,9004
2023,1,B,PR,18969
2023,1,B,RJ,18365
2023,1,B,RN,5115
2023,1,B,RO,2734
2023,1,B,RR,952
2023,1,B,RS,9725
2023,1,B,SC,8896
2023,1,B,SE,6330
2023,1,B,SP,53143
2023,1,B,TO,3747
2023,2,A,AC,513
2023,2,A,AL,1192
2023,2,A,AM,3132
2023,2,A,AP,501
2023,2,A,BA,4370
2023,2,A,CE,7914
2023,2,A,DF,415
2023,2,A,ES,436
2023,2,A,GO,1798
2023,2,A,MA,5642
2023,2,A,MG,2626
2023,2,A,MS,587
2023,2,A,MT,737
2023,2,A,PA,5614
2023,2,A,PB,2030
2023,2,A,PE,3170
2023,2,A,PI,2391
2023,2,A,PR,1280
2023,2,A,RJ,1931
2023,2,A,RN,834
2023,2,A,RO,310
2023,2,A,RR,116
2023,2,A,RS,558
2023,2,A,SC,245
2023,2,A,SE,1352
2023,2,A,SP,3132
2023,2,A,TO,773
2023,2,B,AC,2749
2023,2,B,AL,10622
2023,2,B,AM,10989
2023,2,B,AP,2979
2023,2,B,BA,42724
2023,2,B,CE,44357
2023,2,B,DF,12717
2023,2,B,ES,12244
2023,2,B,GO,34305
2023,2,B,MA,23929
2023,2,B,MG,61665
2023,2,B,MS,11122
2023,2,B,MT,12783
2023,2,B,PA,25495
2023,2,B,PB,17818
2023,2,B,PE,37269
2023,2,B,PI,14867
2023,2,B,PR,50774
2023,2,B,RJ,46191
2023,2,B,RN,11351
2023,2,B,RO,5948
2023,2,B,RR,1356
2023,2,B,RS,26858
2023,2,B,SC,21916
2023,2,B,SE,9151
2023,2,B,SP,141357
2023,2,B,TO,6665
2023,3,A,AC,1071
2023,3,A,AL,1965
2023,3,A,AM,5749
2023,3,A,AP,785
2023,3,A,BA,6226
2023,3,A,CE,11130
2023,3,A,DF,678
2023,3,A,ES,813
2023,3,A,GO,2463
2023,3,A,MA,7328
2023,3,A,MG,4459
2023,3,A,MS,565
2023,3,A,MT,1159
2023,3,A,PA,8095
2023,3,A,PB,2537
2023,3,A,PE,4342
2023,3,A,PI,3082
2023,3,A,PR,1126
2023,3,A,RJ,3256
2023,3,A,RN,1275
2023,3,A,RO,548
2023,3,A,RR,213
2023,3,A,RS,1197
2023,3,A,SC,479
2023,3,A,SE,1806
2023,3,A,SP,5078
2023,3,A,TO,907
2023,3,B,AC,3770
2023,3,B,AL,15527
2023,3,B,AM,16561
2023,3,B,AP,3746
2023,3,B,BA,52633
2023,3,B,CE,53845
2023,3,B,DF,15757
2023,3,B,ES,18354
2023,3,B,GO,38483
2023,3,B,MA,27785
2023,3,B,MG,78890
2023,3,B,MS,8767
2023,3,B,MT,15585
2023,3,B,PA,30575
2023,3,B,PB,19226
2023,3,B,PE,41766
2023,3,B,PI,16558
2023,3,B,PR,35623
2023,3,B,RJ,57336
2023,3,B,RN,15955
2023,3,B,RO,8886
2023,3,B,RR,2204
2023,3,B,RS,38794
2023,3,B,SC,27394
2023,3,B,SE,10125
2023,3,B,SP,165853
2023,3,B,TO,6717
2023,4,A,AC,618
2023,4,A,AL,1101
2023,4,A,AM,2693
2023,4,A,AP,527
2023,4,A,BA,4178
2023,4,A,CE,3531
2023,4,A,DF,404
2023,4,A,ES,383
2023,4,A,GO,879
2023,4,A,MA,3960
2023,4,A,MG,1817
2023,4,A,MS,295
2023,4,A,MT,456
2023,4,A,PA,5838
2023,4,A,PB,1582
2023,4,A,PE,1988
2023,4,A,PI,1828
2023,4,A,PR,455
2023,4,A,RJ,2280
2023,4,A,RN,919
2023,4,A,RO,232
2023,4,A,RR,100
2023,4,A,RS,582
2023,4,A,SC,208
2023,4,A,SE,1225
2023,4,A,SP,1789
2023,4,A,TO,394
2023,4,B,AC,2180
2023,4,B,AL,8969
2023,4,B,AM,7513
2023,4,B,AP,2536
2023,4,B,BA,35432
2023,4,B,CE,22288
2023,4,B,DF,7385
2023,4,B,ES,8453
2023,4,B,GO,13161
2023,4,B,MA,16369
2023,4,B,MG,38392
2023,4,B,MS,3956
2023,4,B,MT,5746
2023,4,B,PA,20129
2023,4,B,PB,11967
2023,4,B,PE,21912
2023,4,B,PI,10187
2023,4,B,PR,13956
2023,4,B,RJ,32765
2023,4,B,RN,11170
2023,4,B,RO,3167
2023,4,B,RR,989
2023,4,B,RS,18467
2023,4,B,SC,8074
2023,4,B,SE,6410
2023,4,B,SP,56701
2023,4,B,TO,3056
2023,5,A,AC,468
2023,5,A,AL,805
2023,5,A,AM,1633
2023,5,A,AP,442
2023,5,A,BA,3215
2023,5,A,CE,1878
2023,5,A,DF,245
2023,5,A,ES,203
2023,5,A,GO,522
2023,5,A,MA,2594
2023,5,A,MG,1166
2023,5,A,MS,206
2023,5,A,MT,315
2023,5,A,PA,4463
2023,5,A,PB,1107
2023,5,A,PE,1320
2023,5,A,PI,1282
2023,5,A,PR,251
2023,5,A,RJ,1505
2023,5,A,RN,704
2023,5,A,RO,167
2023,5,A,RR,71
2023,5,A,RS,411
2023,5,A,SC,149
2023,5,A,SE,806
2023,5,A,SP,1138
2023,5,A,TO,274
2023,5,B,AC,1547
2023,5,B,AL,5938
2023,5,B,AM,4543
2023,5,B,AP,1818
2023,5,B,BA,24152
2023,5,B,CE,12599
2023,5,B,DF,4748
2023,5,B,ES,4566
2023,5,B,GO,7318
2023,5,B,MA,10393
2023,5,B,MG,24354
2023,5,B,MS,2324
2023,5,B,MT,3146
2023,5,B,PA,13922
2023,5,B,PB,8320
2023,5,B,PE,13912
2023,5,B,PI,6486
2023,5,B,PR,7797
2023,5,B,RJ,20145
2023,5,B,RN,8034
2023,5,B,RO,1799
2023,5,B,RR,604
2023,5,B,RS,11236
2023,5,B,SC,4038
2023,5,B,SE,4379
2023,5,B,SP,30063
2023,5,B,TO,1862
2023,6,A,AC,356
2023,6,A,AL,546
2023,6,A,AM,1177
2023,6,A,AP,335
2023,6,A,BA,2441
2023,6,A,CE,1086
2023,6,A,DF,206
2023,6,A,ES,144
2023,6,A,GO,378
2023,6,A,MA,1848
2023,6,A,MG,916
2023,6,A,MS,135
2023,6,A,MT,201
2023,6,A,PA,3301
2023,6,A,PB,853
2023,6,A,PE,998
2023,6,A,PI,894
2023,6,A,PR,209
2023,6,A,RJ,1090
2023,6,A,RN,499
2023,6,A,RO,136
2023,6,A,RR,38
2023,6,A,RS,315
2023,6,A,SC,133
2023,6,A,SE,634
2023,6,A,SP,836
2023,6,A,TO,154
2023,6,B,AC,1059
2023,6,B,AL,4046
2023,6,B,AM,3321
2023,6,B,AP,1249
2023,6,B,BA,17916
2023,6,B,CE,8389
2023,6,B,DF,3192
2023,6,B,ES,3195
2023,6,B,GO,4553
2023,6,B,MA,6626
2023,6,B,MG,16590
2023,6,B,MS,1734
2023,6,B,MT,2121
2023,6,B,PA,9574
2023,6,B,PB,6060
2023,6,B,PE,9386
2023,6,B,PI,4562
2023,6,B,PR,5276
2023,6,B,RJ,13134
2023,6,B,RN,5816
2023,6,B,RO,1296
2023,6,B,RR,397
2023,6,B,RS,7719
2023,6,B,SC,2764
2023,6,B,SE,2979
2023,6,B,SP,19387
2023,6,B,TO,1201
2023,6,A,AC,303
2023,6,A,AL,459
2023,6,A,AM,1020
2023,6,A,AP,313
2023,6,A,BA,1958
2023,6,A,CE,811
2023,6,A,DF,163
2023,6,A,ES,132
2023,6,A,GO,273
2023,6,A,MA,1474
2023,6,A,MG,717
2023,6,A,MS,115
2023,6,A,MT,183
2023,6,A,PA,2695
2023,6,A,PB,653
2023,6,A,PE,792
2023,6,A,PI,743
2023,6,A,PR,171
2023,6,A,RJ,898
2023,6,A,RN,471
2023,6,A,RO,105
2023,6,A,RR,31
2023,6,A,RS,259
2023,6,A,SC,131
2023,6,A,SE,454
2023,6,A,SP,770
2023,6,A,TO,139
2023,6,B,AC,770
2023,6,B,AL,2918
2023,6,B,AM,2598
2023,6,B,AP,1056
2023,6,B,BA,13434
2023,6,B,CE,5929
2023,6,B,DF,2329
2023,6,B,ES,2305
2023,6,B,GO,3324
2023,6,B,MA,4938
2023,6,B,MG,12499
2023,6,B,MS,1320
2023,6,B,MT,1570
2023,6,B,PA,7436
2023,6,B,PB,4689
2023,6,B,PE,7200
2023,6,B,PI,3290
2023,6,B,PR,3880
2023,6,B,RJ,9431
2023,6,B,RN,4474
2023,6,B,RO,1014
2023,6,B,RR,281
2023,6,B,RS,5429
2023,6,B,SC,2035
2023,6,B,SE,2398
2023,6,B,SP,14179
2023,6,B,TO,925
2023,6,A,AC,267
2023,6,A,AL,366
2023,6,A,AM,823
2023,6,A,AP,272
2023,6,A,BA,1590
2023,6,A,CE,648
2023,6,A,DF,158
2023,6,A,ES,104
2023,6,A,GO,254
2023,6,A,MA,1180
2023,6,A,MG,635
2023,6,A,MS,110
2023,6,A,MT,125
2023,6,A,PA,2211
2023,6,A,PB,525
2023,6,A,PE,612
2023,6,A,PI,584
2023,6,A,PR,129
2023,6,A,RJ,884
2023,6,A,RN,352
2023,6,A,RO,93
2023,6,A,RR,30
2023,6,A,RS,251
2023,6,A,SC,92
2023,6,A,SE,354
2023,6,A,SP,626
2023,6,A,TO,108
2023,6,B,AC,617
2023,6,B,AL,2373
2023,6,B,AM,2200
2023,6,B,AP,883
2023,6,B,BA,10855
2023,6,B,CE,4750
2023,6,B,DF,1865
2023,6,B,ES,1973
2023,6,B,GO,2609
2023,6,B,MA,4128
2023,6,B,MG,10010
2023,6,B,MS,999
2023,6,B,MT,1258
2023,6,B,PA,5777
2023,6,B,PB,3604
2023,6,B,PE,5665
2023,6,B,PI,2593
2023,6,B,PR,3140
2023,6,B,RJ,7906
2023,6,B,RN,3613
2023,6,B,RO,902
2023,6,B,RR,264
2023,6,B,RS,4447
2023,6,B,SC,1765
2023,6,B,SE,1832
2023,6,B,SP,11799
2023,6,B,TO,603
2023,6,A,AC,263
2023,6,A,AL,291
2023,6,A,AM,704
2023,6,A,AP,228
2023,6,A,BA,1251
2023,6,A,CE,504
2023,6,A,DF,154
2023,6,A,ES,95
2023,6,A,GO,217
2023,6,A,MA,991
2023,6,A,MG,551
2023,6,A,MS,96
2023,6,A,MT,129
2023,6,A,PA,1878
2023,6,A,PB,428
2023,6,A,PE,514
2023,6,A,PI,414
2023,6,A,PR,134
2023,6,A,RJ,720
2023,6,A,RN,337
2023,6,A,RO,88
2023,6,A,RR,28
2023,6,A,RS,235
2023,6,A,SC,106
2023,6,A,SE,291
2023,6,A,SP,608
2023,6,A,TO,104
2023,6,B,AC,563
2023,6,B,AL,2034
2023,6,B,AM,1835
2023,6,B,AP,728
2023,6,B,BA,8618
2023,6,B,CE,3867
2023,6,B,DF,1501
2023,6,B,ES,1575
2023,6,B,GO,2077
2023,6,B,MA,3186
2023,6,B,MG,7835
2023,6,B,MS,886
2023,6,B,MT,1051
2023,6,B,PA,4872
2023,6,B,PB,2911
2023,6,B,PE,4713
2023,6,B,PI,1969
2023,6,B,PR,2629
2023,6,B,RJ,6378
2023,6,B,RN,2942
2023,6,B,RO,759
2023,6,B,RR,198
2023,6,B,RS,3794
2023,6,B,SC,1407
2023,6,B,SE,1528
2023,6,B,SP,9560
2023,6,B,TO,584
2023,6,A,AC,190
2023,6,A,AL,264
2023,6,A,AM,620
2023,6,A,AP,212
2023,6,A,BA,994
2023,6,A,CE,426
2023,6,A,DF,118
2023,6,A,ES,86
2023,6,A,GO,190
2023,6,A,MA,703
2023,6,A,MG,464
2023,6,A,MS,92
2023,6,A,MT,119
2023,6,A,PA,1559
2023,6,A,PB,372
2023,6,A,PE,433
2023,6,A,PI,357
2023,6,A,PR,113
2023,6,A,RJ,600
2023,6,A,RN,277
2023,6,A,RO,93
2023,6,A,RR,23
2023,6,A,RS,200
2023,6,A,SC,88
2023,6,A,SE,197
2023,6,A,SP,555
2023,6,A,TO,76
2023,6,B,AC,451
2023,6,B,AL,1633
2023,6,B,AM,1607
2023,6,B,AP,599
2023,6,B,BA,6586
2023,6,B,CE,3036
2023,6,B,DF,1319
2023,6,B,ES,1342
2023,6,B,GO,1673
2023,6,B,MA,2460
2023,6,B,MG,6243
2023,6,B,MS,714
2023,6,B,MT,940
2023,6,B,PA,3977
2023,6,B,PB,2394
2023,6,B,PE,3745
2023,6,B,PI,1629
2023,6,B,PR,2072
2023,6,B,RJ,4772
2023,6,B,RN,2484
2023,6,B,RO,630
2023,6,B,RR,144
2023,6,B,RS,2909
2023,6,B,SC,1142
2023,6,B,SE,1203
2023,6,B,SP,7580
2023,6,B,TO,422
2023,6,A,AC,572
2023,6,A,AL,884
2023,6,A,AM,2392
2023,6,A,AP,772
2023,6,A,BA,3229
2023,6,A,CE,1595
2023,6,A,DF,490
2023,6,A,ES,334
2023,6,A,GO,673
2023,6,A,MA,2165
2023,6,A,MG,1732
2023,6,A,MS,337
2023,6,A,MT,393
2023,6,A,PA,6054
2023,6,A,PB,1220
2023,6,A,PE,1359
2023,6,A,PI,1154
2023,6,A,PR,511
2023,6,A,RJ,2325
2023,6,A,RN,998
2023,6,A,RO,346
2023,6,A,RR,97
2023,6,A,RS,746
2023,6,A,SC,287
2023,6,A,SE,709
2023,6,A,SP,1819
2023,6,A,TO,227
2023,6,B,AC,1558
2023,6,B,AL,5637
2023,6,B,AM,5698
2023,6,B,AP,2132
2023,6,B,BA,20994
2023,6,B,CE,11016
2023,6,B,DF,4286
2023,6,B,ES,4114
2023,6,B,GO,5510
2023,6,B,MA,8173
2023,6,B,MG,20079
2023,6,B,MS,2494
2023,6,B,MT,3218
2023,6,B,PA,14383
2023,6,B,PB,8484
2023,6,B,PE,12573
2023,6,B,PI,5084
2023,6,B,PR,7162
2023,6,B,RJ,16147
2023,6,B,RN,8451
2023,6,B,RO,2403
2023,6,B,RR,507
2023,6,B,RS,9289
2023,6,B,SC,4126
2023,6,B,SE,3903
2023,6,B,SP,24113
2023,6,B,TO,1338
2023,6,A,AC,290
2023,6,A,AL,468
2023,6,A,AM,1339
2023,6,A,AP,414
2023,6,A,BA,1573
2023,6,A,CE,881
2023,6,A,DF,314
2023,6,A,ES,190
2023,6,A,GO,408
2023,6,A,MA,1066
2023,6,A,MG,1044
2023,6,A,MS,233
2023,6,A,MT,268
2023,6,A,PA,3508
2023,6,A,PB,634
2023,6,A,PE,770
2023,6,A,PI,599
2023,6,A,PR,296
2023,6,A,RJ,1302
2023,6,A,RN,489
2023,6,A,RO,199
2023,6,A,RR,65
2023,6,A,RS,477
2023,6,A,SC,202
2023,6,A,SE,396
2023,6,A,SP,1073
2023,6,A,TO,128
2023,6,B,AC,864
2023,6,B,AL,3074
2023,6,B,AM,2927
2023,6,B,AP,1401
2023,6,B,BA,10578
2023,6,B,CE,5882
2023,6,B,DF,2507
2023,6,B,ES,2320
2023,6,B,GO,3034
2023,6,B,MA,4482
2023,6,B,MG,10639
2023,6,B,MS,1461
2023,6,B,MT,1937
2023,6,B,PA,8380
2023,6,B,PB,4816
2023,6,B,PE,6855
2023,6,B,PI,2842
2023,6,B,PR,3769
2023,6,B,RJ,8476
2023,6,B,RN,4699
2023,6,B,RO,1423
2023,6,B,RR,303
2023,6,B,RS,4982
2023,6,B,SC,2044
2023,6,B,SE,2056
2023,6,B,SP,12266
2023,6,B,TO,738
2023,6,A,AC,199
2023,6,A,AL,331
2023,6,A,AM,898
2023,6,A,AP,290
2023,6,A,BA,1207
2023,6,A,CE,670
2023,6,A,DF,261
2023,6,A,ES,184
2023,6,A,GO,286
2023,6,A,MA,789
2023,6,A,MG,688
2023,6,A,MS,149
2023,6,A,MT,188
2023,6,A,PA,2365
2023,6,A,PB,437
2023,6,A,PE,571
2023,6,A,PI,402
2023,6,A,PR,206
2023,6,A,RJ,999
2023,6,A,RN,406
2023,6,A,RO,134
2023,6,A,RR,36
2023,6,A,RS,356
2023,6,A,SC,114
2023,6,A,SE,274
2023,6,A,SP,854
2023,6,A,TO,85
2023,6,B,AC,657
2023,6,B,AL,2283
2023,6,B,AM,2295
2023,6,B,AP,1151
2023,6,B,BA,8368
2023,6,B,CE,4149
2023,6,B,DF,1963
2023,6,B,ES,1761
2023,6,B,GO,2310
2023,6,B,MA,3092
2023,6,B,MG,7222
2023,6,B,MS,1117
2023,6,B,MT,1522
2023,6,B,PA,6226
2023,6,B,PB,3665
2023,6,B,PE,5024
2023,6,B,PI,2145
2023,6,B,PR,2437
2023,6,B,RJ,5977
2023,6,B,RN,3414
2023,6,B,RO,1056
2023,6,B,RR,199
2023,6,B,RS,3567
2023,6,B,SC,1369
2023,6,B,SE,1434
2023,6,B,SP,8695
2023,6,B,TO,450
2023,6,A,AC,113
2023,6,A,AL,234
2023,6,A,AM,512
2023,6,A,AP,220
2023,6,A,BA,823
2023,6,A,CE,442
2023,6,A,DF,157
2023,6,A,ES,111
2023,6,A,GO,172
2023,6,A,MA,452
2023,6,A,MG,534
2023,6,A,MS,115
2023,6,A,MT,150
2023,6,A,PA,1541
2023,6,A,PB,281
2023,6,A,PE,422
2023,6,A,PI,269
2023,6,A,PR,130
2023,6,A,RJ,833
2023,6,A,RN,236
2023,6,A,RO,88
2023,6,A,RR,21
2023,6,A,RS,261
2023,6,A,SC,76
2023,6,A,SE,185
2023,6,A,SP,670
2023,6,A,TO,39
2023,6,B,AC,425
2023,6,B,AL,1427
2023,6,B,AM,1417
2023,6,B,AP,697
2023,6,B,BA,5769
2023,6,B,CE,2588
2023,6,B,DF,1596
2023,6,B,ES,1297
2023,6,B,GO,1497
2023,6,B,MA,1920
2023,6,B,MG,5210
2023,6,B,MS,778
2023,6,B,MT,1068
2023,6,B,PA,4273
2023,6,B,PB,2176
2023,6,B,PE,3513
2023,6,B,PI,1430
2023,6,B,PR,1637
2023,6,B,RJ,5144
2023,6,B,RN,2284
2023,6,B,RO,647
2023,6,B,RR,152
2023,6,B,RS,2639
2023,6,B,SC,836
2023,6,B,SE,997
2023,6,B,SP,6359
2023,6,B,TO,272
2023,6,A,AC,54
2023,6,A,AL,142
2023,6,A,AM,329
2023,6,A,AP,97
2023,6,A,BA,465
2023,6,A,CE,259
2023,6,A,DF,118
2023,6,A,ES,73
2023,6,A,GO,103
2023,6,A,MA,271
2023,6,A,MG,336
2023,6,A,MS,46
2023,6,A,MT,82
2023,6,A,PA,904
2023,6,A,PB,169
2023,6,A,PE,238
2023,6,A,PI,149
2023,6,A,PR,78
2023,6,A,RJ,659
2023,6,A,RN,121
2023,6,A,RO,43
2023,6,A,RR,10
2023,6,A,RS,193
2023,6,A,SC,36
2023,6,A,SE,94
2023,6,A,SP,412
2023,6,A,TO,16
2023,6,B,AC,212
2023,6,B,AL,770
2023,6,B,AM,878
2023,6,B,AP,334
2023,6,B,BA,3306
2023,6,B,CE,1557
2023,6,B,DF,1063
2023,6,B,ES,858
2023,6,B,GO,947
2023,6,B,MA,985
2023,6,B,MG,3398
2023,6,B,MS,441
2023,6,B,MT,621
2023,6,B,PA,2557
2023,6,B,PB,1227
2023,6,B,PE,2198
2023,6,B,PI,757
2023,6,B,PR,996
2023,6,B,RJ,3648
2023,6,B,RN,1248
2023,6,B,RO,352
2023,6,B,RR,63
2023,6,B,RS,1614
2023,6,B,SC,502
2023,6,B,SE,610
2023,6,B,SP,4009
2023,6,B,TO,143
2023,6,A,AC,16
2023,6,A,AL,77
2023,6,A,AM,148
2023,6,A,AP,50
2023,6,A,BA,280
2023,6,A,CE,147
2023,6,A,DF,82
2023,6,A,ES,50
2023,6,A,GO,58
2023,6,A,MA,117
2023,6,A,MG,216
2023,6,A,MS,26
2023,6,A,MT,49
2023,6,A,PA,438
2023,6,A,PB,104
2023,6,A,PE,188
2023,6,A,PI,88
2023,6,A,PR,42
2023,6,A,RJ,461
2023,6,A,RN,70
2023,6,A,RO,21
2023,6,A,RR,3
2023,6,A,RS,112
2023,6,A,SC,27
2023,6,A,SE,55
2023,6,A,SP,337
2023,6,A,TO,20
2023,6,B,AC,89
2023,6,B,AL,497
2023,6,B,AM,421
2023,6,B,AP,190
2023,6,B,BA,1891
2023,6,B,CE,937
2023,6,B,DF,626
2023,6,B,ES,516
2023,6,B,GO,512
2023,6,B,MA,532
2023,6,B,MG,2209
2023,6,B,MS,239
2023,6,B,MT,346
2023,6,B,PA,1432
2023,6,B,PB,676
2023,6,B,PE,1298
2023,6,B,PI,437
2023,6,B,PR,551
2023,6,B,RJ,2655
2023,6,B,RN,718
2023,6,B,RO,171
2023,6,B,RR,35
2023,6,B,RS,1059
2023,6,B,SC,277
2023,6,B,SE,328
2023,6,B,SP,2616
2023,6,B,TO,79
2023,6,A,AC,3
2023,6,A,AL,41
2023,6,A,AM,59
2023,6,A,AP,15
2023,6,A,BA,160
2023,6,A,CE,110
2023,6,A,DF,37
2023,6,A,ES,22
2023,6,A,GO,31
2023,6,A,MA,61
2023,6,A,MG,129
2023,6,A,MS,22
2023,6,A,MT,14
2023,6,A,PA,214
2023,6,A,PB,50
2023,6,A,PE,100
2023,6,A,PI,54
2023,6,A,PR,29
2023,6,A,RJ,338
2023,6,A,RN,36
2023,6,A,RO,11
2023,6,A,RR,5
2023,6,A,RS,72
2023,6,A,SC,12
2023,6,A,SE,28
2023,6,A,SP,168
2023,6,A,TO,10
2023,6,B,AC,38
2023,6,B,AL,241
2023,6,B,AM,196
2023,6,B,AP,66
2023,6,B,BA,999
2023,6,B,CE,505
2023,6,B,DF,365
2023,6,B,ES,290
2023,6,B,GO,242
2023,6,B,MA,236
2023,6,B,MG,1318
2023,6,B,MS,92
2023,6,B,MT,156
2023,6,B,PA,642
2023,6,B,PB,342
2023,6,B,PE,662
2023,6,B,PI,218
2023,6,B,PR,260
2023,6,B,RJ,1789
2023,6,B,RN,380
2023,6,B,RO,84
2023,6,B,RR,20
2023,6,B,RS,592
2023,6,B,SC,155
2023,6,B,SE,192
2023,6,B,SP,1502
2023,6,B,TO,26
2023,6,A,AC,1
2023,6,A,AL,16
2023,6,A,AM,28
2023,6,A,AP,3
2023,6,A,BA,65
2023,6,A,CE,41
2023,6,A,DF,11
2023,6,A,ES,16
2023,6,A,GO,14
2023,6,A,MA,13
2023,6,A,MG,51
2023,6,A,MS,6
2023,6,A,MT,11
2023,6,A,PA,77
2023,6,A,PB,8
2023,6,A,PE,43
2023,6,A,PI,13
2023,6,A,PR,16
2023,6,A,RJ,167
2023,6,A,RN,15
2023,6,A,RO,7
2023,6,A,RR,2
2023,6,A,RS,45
2023,6,A,SE,14
2023,6,A,SP,86
2023,6,A,TO,3
2023,6,B,AC,10
2023,6,B,AL,89
2023,6,B,AM,67
2023,6,B,AP,21
2023,6,B,BA,384
2023,6,B,CE,207
2023,6,B,DF,140
2023,6,B,ES,104
2023,6,B,GO,95
2023,6,B,MA,102
2023,6,B,MG,518
2023,6,B,MS,46
2023,6,B,MT,72
2023,6,B,PA,212
2023,6,B,PB,123
2023,6,B,PE,279
2023,6,B,PI,71
2023,6,B,PR,120
2023,6,B,RJ,799
2023,6,B,RN,160
2023,6,B,RO,40
2023,6,B,RR,8
2023,6,B,RS,259
2023,6,B,SC,50
2023,6,B,SE,71
2023,6,B,SP,665
2023,6,B,TO,19
2023,6,A,AL,7
2023,6,A,AM,10
2023,6,A,AP,2
2023,6,A,BA,24
2023,6,A,CE,21
2023,6,A,DF,8
2023,6,A,ES,5
2023,6,A,GO,4
2023,6,A,MA,9
2023,6,A,MG,28
2023,6,A,MS,3
2023,6,A,MT,6
2023,6,A,PA,28
2023,6,A,PB,6
2023,6,A,PE,14
2023,6,A,PI,4
2023,6,A,PR,4
2023,6,A,RJ,75
2023,6,A,RN,9
2023,6,A,RO,1
2023,6,A,RS,14
2023,6,A,SC,2
2023,6,A,SE,1
2023,6,A,SP,32
2023,6,B,AC,5
2023,6,B,AL,29
2023,6,B,AM,19
2023,6,B,AP,15
2023,6,B,BA,167
2023,6,B,CE,78
2023,6,B,DF,57
2023,6,B,ES,41
2023,6,B,GO,39
2023,6,B,MA,31
2023,6,B,MG,218
2023,6,B,MS,21
2023,6,B,MT,13
2023,6,B,PA,106
2023,6,B,PB,42
2023,6,B,PE,106
2023,6,B,PI,22
2023,6,B,PR,40
2023,6,B,RJ,357
2023,6,B,RN,50
2023,6,B,RO,10
2023,6,B,RR,1
2023,6,B,RS,82
2023,6,B,SC,24
2023,6,B,SE,16
2023,6,B,SP,250
2023,6,B,TO,5
2023,6,A,AC,1
2023,6,A,AL,3
2023,6,A,AM,5
2023,6,A,AP,2
2023,6,A,BA,12
2023,6,A,CE,15
2023,6,A,DF,3
2023,6,A,ES,4
2023,6,A,GO,5
2023,6,A,MA,2
2023,6,A,MG,18
2023,6,A,MT,2
2023,6,A,PA,15
2023,6,A,PB,1
2023,6,A,PE,4
2023,6,A,PI,9
2023,6,A,PR,3
2023,6,A,RJ,34
2023,6,A,RS,9
2023,6,A,SE,6
2023,6,A,SP,18
2023,6,B,AC,3
2023,6,B,AL,6
2023,6,B,AM,6
2023,6,B,AP,5
2023,6,B,BA,57
2023,6,B,CE,23
2023,6,B,DF,26
2023,6,B,ES,16
2023,6,B,GO,14
2023,6,B,MA,13
2023,6,B,MG,106
2023,6,B,MS,3
2023,6,B,MT,10
2023,6,B,PA,29
2023,6,B,PB,15
2023,6,B,PE,30
2023,6,B,PI,12
2023,6,B,PR,15
2023,6,B,RJ,139
2023,6,B,RN,20
2023,6,B,RR,2
2023,6,B,RS,26
2023,6,B,SC,6
2023,6,B,SE,12
2023,6,B,SP,101
2023,6,B,TO,1
