NU_ANO,TP_FAIXA_ETARIA,TP_LOCALIZACAO_ESC,SG_UF_PROVA,QTD
2019,1,1.0,AC,157
2019,1,1.0,AL,507
2019,1,1.0,AM,414
2019,1,1.0,AP,268
2019,1,1.0,BA,2259
2019,1,1.0,CE,866
2019,1,1.0,DF,246
2019,1,1.0,ES,209
2019,1,1.0,GO,533
2019,1,1.0,MA,2400
2019,1,1.0,MG,342
2019,1,1.0,MS,122
2019,1,1.0,MT,264
2019,1,1.0,PA,1958
2019,1,1.0,PB,1316
2019,1,1.0,PE,2842
2019,1,1.0,PI,944
2019,1,1.0,PR,611
2019,1,1.0,RJ,807
2019,1,1.0,RN,318
2019,1,1.0,RO,120
2019,1,1.0,RR,62
2019,1,1.0,RS,197
2019,1,1.0,SC,316
2019,1,1.0,SE,526
2019,1,1.0,SP,721
2019,1,1.0,TO,166
2019,1,2.0,AC,11
2019,1,2.0,AL,29
2019,1,2.0,AM,35
2019,1,2.0,AP,20
2019,1,2.0,BA,165
2019,1,2.0,CE,24
2019,1,2.0,DF,11
2019,1,2.0,ES,22
2019,1,2.0,GO,5
2019,1,2.0,MA,181
2019,1,2.0,MG,6
2019,1,2.0,MS,4
2019,1,2.0,MT,12
2019,1,2.0,PA,77
2019,1,2.0,PB,35
2019,1,2.0,PE,151
2019,1,2.0,PI,39
2019,1,2.0,PR,35
2019,1,2.0,RJ,20
2019,1,2.0,RN,4
2019,1,2.0,RO,7
2019,1,2.0,RR,5
2019,1,2.0,RS,5
2019,1,2.0,SC,3
2019,1,2.0,SE,18
2019,1,2.0,SP,8
2019,1,2.0,TO,9
2019,2,1.0,AC,2039
2019,2,1.0,AL,5636
2019,2,1.0,AM,8614
2019,2,1.0,AP,2158
2019,2,1.0,BA,22931
2019,2,1.0,CE,34675
2019,2,1.0,DF,8348
2019,2,1.0,ES,8289
2019,2,1.0,GO,13971
2019,2,1.0,MA,15765
2019,2,1.0,MG,43217
2019,2,1.0,MS,7256
2019,2,1.0,MT,7000
2019,2,1.0,PA,14389
2019,2,1.0,PB,9615
2019,2,1.0,PE,24108
2019,2,1.0,PI,8286
2019,2,1.0,PR,30117
2019,2,1.0,RJ,22369
2019,2,1.0,RN,5370
2019,2,1.0,RO,2809
2019,2,1.0,RR,753
2019,2,1.0,RS,11956
2019,2,1.0,SC,12411
2019,2,1.0,SE,4582
2019,2,1.0,SP,148132
2019,2,1.0,TO,3533
2019,2,2.0,AC,134
2019,2,2.0,AL,237
2019,2,2.0,AM,284
2019,2,2.0,AP,132
2019,2,2.0,BA,1276
2019,2,2.0,CE,1706
2019,2,2.0,DF,133
2019,2,2.0,ES,338
2019,2,2.0,GO,333
2019,2,2.0,MA,1166
2019,2,2.0,MG,1261
2019,2,2.0,MS,284
2019,2,2.0,MT,554
2019,2,2.0,PA,536
2019,2,2.0,PB,289
2019,2,2.0,PE,1036
2019,2,2.0,PI,267
2019,2,2.0,PR,1333
2019,2,2.0,RJ,605
2019,2,2.0,RN,123
2019,2,2.0,RO,128
2019,2,2.0,RR,47
2019,2,2.0,RS,491
2019,2,2.0,SC,257
2019,2,2.0,SE,177
2019,2,2.0,SP,2021
2019,2,2.0,TO,213
2019,3,1.0,AC,1894
2019,3,1.0,AL,6005
2019,3,1.0,AM,10066
2019,3,1.0,AP,1829
2019,3,1.0,BA,22842
2019,3,1.0,CE,40609
2019,3,1.0,DF,8249
2019,3,1.0,ES,10071
2019,3,1.0,GO,16335
2019,3,1.0,MA,13601
2019,3,1.0,MG,46566
2019,3,1.0,MS,5057
2019,3,1.0,MT,7371
2019,3,1.0,PA,14259
2019,3,1.0,PB,8291
2019,3,1.0,PE,21520
2019,3,1.0,PI,7537
2019,3,1.0,PR,14461
2019,3,1.0,RJ,30906
2019,3,1.0,RN,7830
2019,3,1.0,RO,5285
2019,3,1.0,RR,942
2019,3,1.0,RS,24447
2019,3,1.0,SC,17831
2019,3,1.0,SE,4289
2019,3,1.0,SP,54321
2019,3,1.0,TO,3164
2019,3,2.0,AC,139
2019,3,2.0,AL,286
2019,3,2.0,AM,411
2019,3,2.0,AP,110
2019,3,2.0,BA,1375
2019,3,2.0,CE,2378
2019,3,2.0,DF,184
2019,3,2.0,ES,407
2019,3,2.0,GO,396
2019,3,2.0,MA,1119
2019,3,2.0,MG,1450
2019,3,2.0,MS,330
2019,3,2.0,MT,602
2019,3,2.0,PA,583
2019,3,2.0,PB,296
2019,3,2.0,PE,938
2019,3,2.0,PI,280
2019,3,2.0,PR,443
2019,3,2.0,RJ,888
2019,3,2.0,RN,310
2019,3,2.0,RO,251
2019,3,2.0,RR,49
2019,3,2.0,RS,1010
2019,3,2.0,SC,628
2019,3,2.0,SE,267
2019,3,2.0,SP,794
2019,3,2.0,TO,192
2019,4,1.0,AC,559
2019,4,1.0,AL,2255
2019,4,1.0,AM,2846
2019,4,1.0,AP,814
2019,4,1.0,BA,9619
2019,4,1.0,CE,12940
2019,4,1.0,DF,2084
2019,4,1.0,ES,3513
2019,4,1.0,GO,2443
2019,4,1.0,MA,4664
2019,4,1.0,MG,8170
2019,4,1.0,MS,1204
2019,4,1.0,MT,1078
2019,4,1.0,PA,6126
2019,4,1.0,PB,3081
2019,4,1.0,PE,6133
2019,4,1.0,PI,3145
2019,4,1.0,PR,3057
2019,4,1.0,RJ,10050
2019,4,1.0,RN,3447
2019,4,1.0,RO,1617
2019,4,1.0,RR,222
2019,4,1.0,RS,4733
2019,4,1.0,SC,2585
2019,4,1.0,SE,1911
2019,4,1.0,SP,7379
2019,4,1.0,TO,861
2019,4,2.0,AC,36
2019,4,2.0,AL,101
2019,4,2.0,AM,107
2019,4,2.0,AP,62
2019,4,2.0,BA,541
2019,4,2.0,CE,648
2019,4,2.0,DF,50
2019,4,2.0,ES,140
2019,4,2.0,GO,58
2019,4,2.0,MA,424
2019,4,2.0,MG,276
2019,4,2.0,MS,76
2019,4,2.0,MT,82
2019,4,2.0,PA,254
2019,4,2.0,PB,124
2019,4,2.0,PE,308
2019,4,2.0,PI,153
2019,4,2.0,PR,80
2019,4,2.0,RJ,252
2019,4,2.0,RN,178
2019,4,2.0,RO,63
2019,4,2.0,RR,11
2019,4,2.0,RS,143
2019,4,2.0,SC,61
2019,4,2.0,SE,145
2019,4,2.0,SP,89
2019,4,2.0,TO,71
2019,5,1.0,AC,146
2019,5,1.0,AL,834
2019,5,1.0,AM,1047
2019,5,1.0,AP,264
2019,5,1.0,BA,4179
2019,5,1.0,CE,5593
2019,5,1.0,DF,621
2019,5,1.0,ES,1002
2019,5,1.0,GO,623
2019,5,1.0,MA,1672
2019,5,1.0,MG,2120
2019,5,1.0,MS,355
2019,5,1.0,MT,291
2019,5,1.0,PA,3075
2019,5,1.0,PB,1455
2019,5,1.0,PE,1845
2019,5,1.0,PI,1193
2019,5,1.0,PR,846
2019,5,1.0,RJ,3218
2019,5,1.0,RN,1331
2019,5,1.0,RO,490
2019,5,1.0,RR,46
2019,5,1.0,RS,1349
2019,5,1.0,SC,442
2019,5,1.0,SE,906
2019,5,1.0,SP,1570
2019,5,1.0,TO,247
2019,5,2.0,AC,20
2019,5,2.0,AL,34
2019,5,2.0,AM,45
2019,5,2.0,AP,25
2019,5,2.0,BA,269
2019,5,2.0,CE,305
2019,5,2.0,DF,23
2019,5,2.0,ES,28
2019,5,2.0,GO,13
2019,5,2.0,MA,184
2019,5,2.0,MG,60
2019,5,2.0,MS,45
2019,5,2.0,MT,18
2019,5,2.0,PA,144
2019,5,2.0,PB,49
2019,5,2.0,PE,98
2019,5,2.0,PI,59
2019,5,2.0,PR,23
2019,5,2.0,RJ,101
2019,5,2.0,RN,53
2019,5,2.0,RO,21
2019,5,2.0,RR,5
2019,5,2.0,RS,36
2019,5,2.0,SC,11
2019,5,2.0,SE,74
2019,5,2.0,SP,15
2019,5,2.0,TO,17
2019,6,1.0,AC,62
2019,6,1.0,AL,283
2019,6,1.0,AM,449
2019,6,1.0,AP,117
2019,6,1.0,BA,1516
2019,6,1.0,CE,2466
2019,6,1.0,DF,190
2019,6,1.0,ES,296
2019,6,1.0,GO,215
2019,6,1.0,MA,610
2019,6,1.0,MG,718
2019,6,1.0,MS,151
2019,6,1.0,MT,160
2019,6,1.0,PA,1241
2019,6,1.0,PB,620
2019,6,1.0,PE,617
2019,6,1.0,PI,518
2019,6,1.0,PR,321
2019,6,1.0,RJ,1027
2019,6,1.0,RN,486
2019,6,1.0,RO,201
2019,6,1.0,RR,10
2019,6,1.0,RS,432
2019,6,1.0,SC,102
2019,6,1.0,SE,400
2019,6,1.0,SP,597
2019,6,1.0,TO,113
2019,6,2.0,AC,11
2019,6,2.0,AL,14
2019,6,2.0,AM,29
2019,6,2.0,AP,10
2019,6,2.0,BA,87
2019,6,2.0,CE,121
2019,6,2.0,DF,5
2019,6,2.0,ES,3
2019,6,2.0,GO,7
2019,6,2.0,MA,80
2019,6,2.0,MG,11
2019,6,2.0,MS,10
2019,6,2.0,MT,5
2019,6,2.0,PA,43
2019,6,2.0,PB,22
2019,6,2.0,PE,42
2019,6,2.0,PI,37
2019,6,2.0,PR,13
2019,6,2.0,RJ,40
2019,6,2.0,RN,15
2019,6,2.0,RO,6
2019,6,2.0,RR,2
2019,6,2.0,RS,9
2019,6,2.0,SE,38
2019,6,2.0,SP,7
2019,6,2.0,TO,5
2019,6,1.0,AC,46
2019,6,1.0,AL,170
2019,6,1.0,AM,263
2019,6,1.0,AP,73
2019,6,1.0,BA,689
2019,6,1.0,CE,1467
2019,6,1.0,DF,73
2019,6,1.0,ES,149
2019,6,1.0,GO,151
2019,6,1.0,MA,302
2019,6,1.0,MG,416
2019,6,1.0,MS,91
2019,6,1.0,MT,67
2019,6,1.0,PA,680
2019,6,1.0,PB,323
2019,6,1.0,PE,314
2019,6,1.0,PI,221
2019,6,1.0,PR,182
2019,6,1.0,RJ,567
2019,6,1.0,RN,240
2019,6,1.0,RO,130
2019,6,1.0,RR,10
2019,6,1.0,RS,228
2019,6,1.0,SC,73
2019,6,1.0,SE,184
2019,6,1.0,SP,433
2019,6,1.0,TO,53
2019,6,2.0,AC,5
2019,6,2.0,AL,8
2019,6,2.0,AM,17
2019,6,2.0,AP,12
2019,6,2.0,BA,51
2019,6,2.0,CE,74
2019,6,2.0,DF,2
2019,6,2.0,ES,3
2019,6,2.0,GO,2
2019,6,2.0,MA,47
2019,6,2.0,MG,8
2019,6,2.0,MS,5
2019,6,2.0,MT,4
2019,6,2.0,PA,30
2019,6,2.0,PB,11
2019,6,2.0,PE,16
2019,6,2.0,PI,18
2019,6,2.0,PR,2
2019,6,2.0,RJ,15
2019,6,2.0,RN,10
2019,6,2.0,RO,11
2019,6,2.0,RR,1
2019,6,2.0,RS,5
2019,6,2.0,SE,23
2019,6,2.0,SP,6
2019,6,2.0,TO,1
2019,6,1.0,AC,23
2019,6,1.0,AL,100
2019,6,1.0,AM,172
2019,6,1.0,AP,50
2019,6,1.0,BA,391
2019,6,1.0,CE,991
2019,6,1.0,DF,63
2019,6,1.0,ES,103
2019,6,1.0,GO,112
2019,6,1.0,MA,161
2019,6,1.0,MG,326
2019,6,1.0,MS,60
2019,6,1.0,MT,81
2019,6,1.0,PA,448
2019,6,1.0,PB,206
2019,6,1.0,PE,213
2019,6,1.0,PI,171
2019,6,1.0,PR,165
2019,6,1.0,RJ,324
2019,6,1.0,RN,148
2019,6,1.0,RO,113
2019,6,1.0,RR,9
2019,6,1.0,RS,155
2019,6,1.0,SC,44
2019,6,1.0,SE,109
2019,6,1.0,SP,354
2019,6,1.0,TO,32
2019,6,2.0,AC,4
2019,6,2.0,AL,4
2019,6,2.0,AM,11
2019,6,2.0,AP,6
2019,6,2.0,BA,28
2019,6,2.0,CE,56
2019,6,2.0,DF,2
2019,6,2.0,GO,3
2019,6,2.0,MA,43
2019,6,2.0,MG,4
2019,6,2.0,MS,6
2019,6,2.0,MT,2
2019,6,2.0,PA,19
2019,6,2.0,PB,8
2019,6,2.0,PE,9
2019,6,2.0,PI,7
2019,6,2.0,PR,4
2019,6,2.0,RJ,10
2019,6,2.0,RN,2
2019,6,2.0,RO,3
2019,6,2.0,RR,1
2019,6,2.0,RS,1
2019,6,2.0,SC,1
2019,6,2.0,SE,14
2019,6,2.0,SP,4
2019,6,2.0,TO,3
2019,6,1.0,AC,20
2019,6,1.0,AL,64
2019,6,1.0,AM,131
2019,6,1.0,AP,35
2019,6,1.0,BA,273
2019,6,1.0,CE,755
2019,6,1.0,DF,45
2019,6,1.0,ES,86
2019,6,1.0,GO,101
2019,6,1.0,MA,132
2019,6,1.0,MG,273
2019,6,1.0,MS,56
2019,6,1.0,MT,43
2019,6,1.0,PA,356
2019,6,1.0,PB,146
2019,6,1.0,PE,169
2019,6,1.0,PI,120
2019,6,1.0,PR,116
2019,6,1.0,RJ,235
2019,6,1.0,RN,129
2019,6,1.0,RO,75
2019,6,1.0,RR,4
2019,6,1.0,RS,100
2019,6,1.0,SC,36
2019,6,1.0,SE,89
2019,6,1.0,SP,290
2019,6,1.0,TO,32
2019,6,2.0,AC,6
2019,6,2.0,AM,12
2019,6,2.0,AP,3
2019,6,2.0,BA,11
2019,6,2.0,CE,47
2019,6,2.0,DF,3
2019,6,2.0,ES,1
2019,6,2.0,GO,3
2019,6,2.0,MA,23
2019,6,2.0,MG,2
2019,6,2.0,MS,9
2019,6,2.0,MT,5
2019,6,2.0,PA,10
2019,6,2.0,PB,8
2019,6,2.0,PE,13
2019,6,2.0,PI,7
2019,6,2.0,PR,1
2019,6,2.0,RJ,5
2019,6,2.0,RN,4
2019,6,2.0,RO,3
2019,6,2.0,RS,1
2019,6,2.0,SC,2
2019,6,2.0,SE,7
2019,6,1.0,AC,18
2019,6,1.0,AL,61
2019,6,1.0,AM,95
2019,6,1.0,AP,25
2019,6,1.0,BA,187
2019,6,1.0,CE,569
2019,6,1.0,DF,47
2019,6,1.0,ES,62
2019,6,1.0,GO,76
2019,6,1.0,MA,95
2019,6,1.0,MG,218
2019,6,1.0,MS,35
2019,6,1.0,MT,39
2019,6,1.0,PA,239
2019,6,1.0,PB,113
2019,6,1.0,PE,121
2019,6,1.0,PI,85
2019,6,1.0,PR,84
2019,6,1.0,RJ,178
2019,6,1.0,RN,82
2019,6,1.0,RO,81
2019,6,1.0,RR,6
2019,6,1.0,RS,91
2019,6,1.0,SC,21
2019,6,1.0,SE,59
2019,6,1.0,SP,252
2019,6,1.0,TO,24
2019,6,2.0,AC,1
2019,6,2.0,AL,5
2019,6,2.0,AM,2
2019,6,2.0,AP,1
2019,6,2.0,BA,21
2019,6,2.0,CE,36
2019,6,2.0,GO,3
2019,6,2.0,MA,24
2019,6,2.0,MG,1
2019,6,2.0,MS,3
2019,6,2.0,MT,2
2019,6,2.0,PA,5
2019,6,2.0,PB,6
2019,6,2.0,PE,5
2019,6,2.0,PI,9
2019,6,2.0,PR,3
2019,6,2.0,RJ,5
2019,6,2.0,RN,1
2019,6,2.0,RO,1
2019,6,2.0,RS,3
2019,6,2.0,SE,4
2019,6,2.0,SP,1
2019,6,1.0,AC,53
2019,6,1.0,AL,200
2019,6,1.0,AM,331
2019,6,1.0,AP,104
2019,6,1.0,BA,515
2019,6,1.0,CE,1957
2019,6,1.0,DF,87
2019,6,1.0,ES,202
2019,6,1.0,GO,243
2019,6,1.0,MA,304
2019,6,1.0,MG,667
2019,6,1.0,MS,107
2019,6,1.0,MT,90
2019,6,1.0,PA,783
2019,6,1.0,PB,339
2019,6,1.0,PE,460
2019,6,1.0,PI,299
2019,6,1.0,PR,288
2019,6,1.0,RJ,512
2019,6,1.0,RN,205
2019,6,1.0,RO,250
2019,6,1.0,RR,8
2019,6,1.0,RS,256
2019,6,1.0,SC,79
2019,6,1.0,SE,131
2019,6,1.0,SP,793
2019,6,1.0,TO,49
2019,6,2.0,AC,6
2019,6,2.0,AL,9
2019,6,2.0,AM,22
2019,6,2.0,AP,7
2019,6,2.0,BA,39
2019,6,2.0,CE,114
2019,6,2.0,DF,4
2019,6,2.0,GO,1
2019,6,2.0,MA,72
2019,6,2.0,MG,10
2019,6,2.0,MS,13
2019,6,2.0,MT,8
2019,6,2.0,PA,38
2019,6,2.0,PB,18
2019,6,2.0,PE,31
2019,6,2.0,PI,17
2019,6,2.0,PR,3
2019,6,2.0,RJ,13
2019,6,2.0,RN,3
2019,6,2.0,RO,7
2019,6,2.0,RR,1
2019,6,2.0,RS,8
2019,6,2.0,SC,1
2019,6,2.0,SE,12
2019,6,2.0,SP,3
2019,6,2.0,TO,1
2019,6,1.0,AC,17
2019,6,1.0,AL,107
2019,6,1.0,AM,194
2019,6,1.0,AP,69
2019,6,1.0,BA,301
2019,6,1.0,CE,1270
2019,6,1.0,DF,71
2019,6,1.0,ES,127
2019,6,1.0,GO,163
2019,6,1.0,MA,200
2019,6,1.0,MG,386
2019,6,1.0,MS,68
2019,6,1.0,MT,69
2019,6,1.0,PA,437
2019,6,1.0,PB,215
2019,6,1.0,PE,350
2019,6,1.0,PI,214
2019,6,1.0,PR,125
2019,6,1.0,RJ,278
2019,6,1.0,RN,139
2019,6,1.0,RO,155
2019,6,1.0,RR,4
2019,6,1.0,RS,123
2019,6,1.0,SC,44
2019,6,1.0,SE,62
2019,6,1.0,SP,521
2019,6,1.0,TO,37
2019,6,2.0,AL,8
2019,6,2.0,AM,14
2019,6,2.0,AP,3
2019,6,2.0,BA,22
2019,6,2.0,CE,94
2019,6,2.0,DF,2
2019,6,2.0,GO,3
2019,6,2.0,MA,42
2019,6,2.0,MG,6
2019,6,2.0,MS,9
2019,6,2.0,MT,11
2019,6,2.0,PA,24
2019,6,2.0,PB,14
2019,6,2.0,PE,30
2019,6,2.0,PI,14
2019,6,2.0,PR,2
2019,6,2.0,RJ,4
2019,6,2.0,RN,1
2019,6,2.0,RO,4
2019,6,2.0,RS,1
2019,6,2.0,SE,6
2019,6,2.0,SP,5
2019,6,2.0,TO,1
2019,6,1.0,AC,12
2019,6,1.0,AL,83
2019,6,1.0,AM,120
2019,6,1.0,AP,28
2019,6,1.0,BA,188
2019,6,1.0,CE,839
2019,6,1.0,DF,70
2019,6,1.0,ES,116
2019,6,1.0,GO,131
2019,6,1.0,MA,118
2019,6,1.0,MG,379
2019,6,1.0,MS,55
2019,6,1.0,MT,56
2019,6,1.0,PA,277
2019,6,1.0,PB,140
2019,6,1.0,PE,262
2019,6,1.0,PI,149
2019,6,1.0,PR,99
2019,6,1.0,RJ,239
2019,6,1.0,RN,68
2019,6,1.0,RO,91
2019,6,1.0,RR,4
2019,6,1.0,RS,107
2019,6,1.0,SC,34
2019,6,1.0,SE,35
2019,6,1.0,SP,475
2019,6,1.0,TO,28
2019,6,2.0,AC,1
2019,6,2.0,AM,5
2019,6,2.0,AP,1
2019,6,2.0,BA,19
2019,6,2.0,CE,47
2019,6,2.0,DF,2
2019,6,2.0,GO,1
2019,6,2.0,MA,23
2019,6,2.0,MG,4
2019,6,2.0,MS,5
2019,6,2.0,MT,5
2019,6,2.0,PA,11
2019,6,2.0,PB,6
2019,6,2.0,PE,20
2019,6,2.0,PI,10
2019,6,2.0,PR,1
2019,6,2.0,RJ,5
2019,6,2.0,RN,3
2019,6,2.0,RO,2
2019,6,2.0,RS,3
2019,6,2.0,SE,1
2019,6,2.0,SP,1
2019,6,2.0,TO,1
2019,6,1.0,AC,6
2019,6,1.0,AL,49
2019,6,1.0,AM,59
2019,6,1.0,AP,18
2019,6,1.0,BA,130
2019,6,1.0,CE,514
2019,6,1.0,DF,52
2019,6,1.0,ES,91
2019,6,1.0,GO,82
2019,6,1.0,MA,61
2019,6,1.0,MG,290
2019,6,1.0,MS,42
2019,6,1.0,MT,26
2019,6,1.0,PA,172
2019,6,1.0,PB,104
2019,6,1.0,PE,143
2019,6,1.0,PI,93
2019,6,1.0,PR,65
2019,6,1.0,RJ,175
2019,6,1.0,RN,53
2019,6,1.0,RO,38
2019,6,1.0,RR,2
2019,6,1.0,RS,94
2019,6,1.0,SC,19
2019,6,1.0,SE,13
2019,6,1.0,SP,375
2019,6,1.0,TO,14
2019,6,2.0,AL,2
2019,6,2.0,AM,1
2019,6,2.0,BA,6
2019,6,2.0,CE,37
2019,6,2.0,DF,1
2019,6,2.0,MA,11
2019,6,2.0,MG,5
2019,6,2.0,MS,3
2019,6,2.0,MT,10
2019,6,2.0,PA,7
2019,6,2.0,PB,5
2019,6,2.0,PE,11
2019,6,2.0,PI,10
2019,6,2.0,PR,1
2019,6,2.0,RJ,4
2019,6,2.0,RN,1
2019,6,2.0,RS,1
2019,6,2.0,SE,3
2019,6,2.0,SP,1
2019,6,2.0,TO,1
2019,6,1.0,AC,3
2019,6,1.0,AL,19
2019,6,1.0,AM,35
2019,6,1.0,AP,4
2019,6,1.0,BA,62
2019,6,1.0,CE,302
2019,6,1.0,DF,42
2019,6,1.0,ES,62
2019,6,1.0,GO,44
2019,6,1.0,MA,24
2019,6,1.0,MG,203
2019,6,1.0,MS,19
2019,6,1.0,MT,25
2019,6,1.0,PA,91
2019,6,1.0,PB,57
2019,6,1.0,PE,110
2019,6,1.0,PI,50
2019,6,1.0,PR,34
2019,6,1.0,RJ,152
2019,6,1.0,RN,36
2019,6,1.0,RO,23
2019,6,1.0,RR,3
2019,6,1.0,RS,52
2019,6,1.0,SC,13
2019,6,1.0,SE,13
2019,6,1.0,SP,303
2019,6,1.0,TO,9
2019,6,2.0,AM,2
2019,6,2.0,BA,1
2019,6,2.0,CE,14
2019,6,2.0,MA,5
2019,6,2.0,MG,2
2019,6,2.0,MS,1
2019,6,2.0,MT,1
2019,6,2.0,PA,1
2019,6,2.0,PB,2
2019,6,2.0,PE,5
2019,6,2.0,PI,6
2019,6,2.0,RJ,1
2019,6,2.0,RN,2
2019,6,2.0,RO,1
2019,6,2.0,SP,2
2019,6,1.0,AC,1
2019,6,1.0,AL,11
2019,6,1.0,AM,18
2019,6,1.0,AP,11
2019,6,1.0,BA,31
2019,6,1.0,CE,189
2019,6,1.0,DF,13
2019,6,1.0,ES,37
2019,6,1.0,GO,27
2019,6,1.0,MA,23
2019,6,1.0,MG,131
2019,6,1.0,MS,16
2019,6,1.0,MT,16
2019,6,1.0,PA,50
2019,6,1.0,PB,25
2019,6,1.0,PE,52
2019,6,1.0,PI,34
2019,6,1.0,PR,11
2019,6,1.0,RJ,96
2019,6,1.0,RN,25
2019,6,1.0,RO,10
2019,6,1.0,RS,36
2019,6,1.0,SC,8
2019,6,1.0,SE,1
2019,6,1.0,SP,173
2019,6,1.0,TO,1
2019,6,2.0,AL,1
2019,6,2.0,BA,3
2019,6,2.0,CE,10
2019,6,2.0,MA,4
2019,6,2.0,MG,1
2019,6,2.0,MS,1
2019,6,2.0,MT,1
2019,6,2.0,PB,1
2019,6,2.0,PE,4
2019,6,2.0,PI,4
2019,6,2.0,RJ,3
2019,6,1.0,AL,3
2019,6,1.0,AM,9
2019,6,1.0,AP,4
2019,6,1.0,BA,15
2019,6,1.0,CE,78
2019,6,1.0,DF,12
2019,6,1.0,ES,14
2019,6,1.0,GO,18
2019,6,1.0,MA,3
2019,6,1.0,MG,59
2019,6,1.0,MS,4
2019,6,1.0,MT,5
2019,6,1.0,PA,28
2019,6,1.0,PB,11
2019,6,1.0,PE,31
2019,6,1.0,PI,15
2019,6,1.0,PR,11
2019,6,1.0,RJ,46
2019,6,1.0,RN,6
2019,6,1.0,RO,3
2019,6,1.0,RS,22
2019,6,1.0,SC,9
2019,6,1.0,SE,2
2019,6,1.0,SP,80
2019,6,2.0,AC,1
2019,6,2.0,BA,1
2019,6,2.0,CE,2
2019,6,2.0,MA,1
2019,6,2.0,MS,1
2019,6,2.0,PE,1
2019,6,1.0,AL,1
2019,6,1.0,AM,3
2019,6,1.0,BA,6
2019,6,1.0,CE,37
2019,6,1.0,DF,5
2019,6,1.0,ES,6
2019,6,1.0,GO,6
2019,6,1.0,MA,3
2019,6,1.0,MG,22
2019,6,1.0,MS,2
2019,6,1.0,MT,4
2019,6,1.0,PA,7
2019,6,1.0,PB,7
2019,6,1.0,PE,8
2019,6,1.0,PI,3
2019,6,1.0,PR,5
2019,6,1.0,RJ,24
2019,6,1.0,RN,1
2019,6,1.0,RS,8
2019,6,1.0,SC,1
2019,6,1.0,SP,36
2019,6,1.0,TO,1
2019,6,2.0,BA,1
2019,6,2.0,CE,1
2019,6,2.0,RJ,1
2019,6,2.0,SP,1
2019,6,1.0,AC,1
2019,6,1.0,AL,1
2019,6,1.0,AP,1
2019,6,1.0,BA,2
2019,6,1.0,CE,9
2019,6,1.0,MG,3
2019,6,1.0,PA,5
2019,6,1.0,PB,7
2019,6,1.0,PE,2
2019,6,1.0,PR,1
2019,6,1.0,RJ,7
2019,6,1.0,RN,1
2019,6,1.0,RR,1
2019,6,1.0,RS,3
2019,6,1.0,SC,2
2019,6,1.0,SP,15
2019,6,2.0,CE,1
2019,6,2.0,PE,2
2019,6,1.0,CE,7
2019,6,1.0,DF,1
2019,6,1.0,MG,1
2019,6,1.0,MS,1
2019,6,1.0,MT,1
2019,6,1.0,PR,1
2019,6,1.0,RJ,1
2019,6,1.0,RS,1
2019,6,1.0,SP,5
2019,6,2.0,CE,1
2020,1,1.0,AC,83
2020,1,1.0,AL,269
2020,1,1.0,AM,318
2020,1,1.0,AP,134
2020,1,1.0,BA,1068
2020,1,1.0,CE,696
2020,1,1.0,DF,206
2020,1,1.0,ES,78
2020,1,1.0,GO,496
2020,1,1.0,MA,990
2020,1,1.0,MG,232
2020,1,1.0,MS,108
2020,1,1.0,MT,151
2020,1,1.0,PA,1124
2020,1,1.0,PB,829
2020,1,1.0,PE,1588
2020,1,1.0,PI,490
2020,1,1.0,PR,290
2020,1,1.0,RJ,623
2020,1,1.0,RN,175
2020,1,1.0,RO,92
2020,1,1.0,RR,41
2020,1,1.0,RS,122
2020,1,1.0,SC,237
2020,1,1.0,SE,298
2020,1,1.0,SP,661
2020,1,1.0,TO,125
2020,1,2.0,AC,5
2020,1,2.0,AL,5
2020,1,2.0,AM,36
2020,1,2.0,AP,8
2020,1,2.0,BA,52
2020,1,2.0,CE,17
2020,1,2.0,DF,3
2020,1,2.0,ES,1
2020,1,2.0,GO,15
2020,1,2.0,MA,88
2020,1,2.0,MG,6
2020,1,2.0,MS,2
2020,1,2.0,MT,7
2020,1,2.0,PA,32
2020,1,2.0,PB,21
2020,1,2.0,PE,41
2020,1,2.0,PI,13
2020,1,2.0,PR,10
2020,1,2.0,RJ,10
2020,1,2.0,RN,2
2020,1,2.0,RO,8
2020,1,2.0,RR,9
2020,1,2.0,RS,3
2020,1,2.0,SC,5
2020,1,2.0,SE,10
2020,1,2.0,SP,3
2020,1,2.0,TO,7
2020,2,1.0,AC,1451
2020,2,1.0,AL,4812
2020,2,1.0,AM,8069
2020,2,1.0,AP,1317
2020,2,1.0,BA,15868
2020,2,1.0,CE,32024
2020,2,1.0,DF,8491
2020,2,1.0,ES,5533
2020,2,1.0,GO,13905
2020,2,1.0,MA,10259
2020,2,1.0,MG,29742
2020,2,1.0,MS,6145
2020,2,1.0,MT,5501
2020,2,1.0,PA,10700
2020,2,1.0,PB,7952
2020,2,1.0,PE,17794
2020,2,1.0,PI,5710
2020,2,1.0,PR,25689
2020,2,1.0,RJ,21726
2020,2,1.0,RN,4304
2020,2,1.0,RO,2223
2020,2,1.0,RR,742
2020,2,1.0,RS,9614
2020,2,1.0,SC,9869
2020,2,1.0,SE,3480
2020,2,1.0,SP,105511
2020,2,1.0,TO,2890
2020,2,2.0,AC,77
2020,2,2.0,AL,179
2020,2,2.0,AM,361
2020,2,2.0,AP,63
2020,2,2.0,BA,708
2020,2,2.0,CE,1704
2020,2,2.0,DF,131
2020,2,2.0,ES,153
2020,2,2.0,GO,286
2020,2,2.0,MA,864
2020,2,2.0,MG,809
2020,2,2.0,MS,176
2020,2,2.0,MT,358
2020,2,2.0,PA,364
2020,2,2.0,PB,185
2020,2,2.0,PE,583
2020,2,2.0,PI,180
2020,2,2.0,PR,666
2020,2,2.0,RJ,398
2020,2,2.0,RN,94
2020,2,2.0,RO,116
2020,2,2.0,RR,69
2020,2,2.0,RS,261
2020,2,2.0,SC,194
2020,2,2.0,SE,138
2020,2,2.0,SP,1289
2020,2,2.0,TO,172
2020,3,1.0,AC,1312
2020,3,1.0,AL,5014
2020,3,1.0,AM,10550
2020,3,1.0,AP,1211
2020,3,1.0,BA,16061
2020,3,1.0,CE,38788
2020,3,1.0,DF,7888
2020,3,1.0,ES,8477
2020,3,1.0,GO,16831
2020,3,1.0,MA,8383
2020,3,1.0,MG,30754
2020,3,1.0,MS,3351
2020,3,1.0,MT,6410
2020,3,1.0,PA,10756
2020,3,1.0,PB,6068
2020,3,1.0,PE,17228
2020,3,1.0,PI,5213
2020,3,1.0,PR,11837
2020,3,1.0,RJ,25537
2020,3,1.0,RN,5712
2020,3,1.0,RO,4435
2020,3,1.0,RR,1125
2020,3,1.0,RS,19148
2020,3,1.0,SC,14106
2020,3,1.0,SE,3367
2020,3,1.0,SP,48943
2020,3,1.0,TO,2744
2020,3,2.0,AC,87
2020,3,2.0,AL,268
2020,3,2.0,AM,626
2020,3,2.0,AP,51
2020,3,2.0,BA,866
2020,3,2.0,CE,2432
2020,3,2.0,DF,163
2020,3,2.0,ES,321
2020,3,2.0,GO,368
2020,3,2.0,MA,836
2020,3,2.0,MG,906
2020,3,2.0,MS,202
2020,3,2.0,MT,471
2020,3,2.0,PA,536
2020,3,2.0,PB,196
2020,3,2.0,PE,899
2020,3,2.0,PI,210
2020,3,2.0,PR,236
2020,3,2.0,RJ,579
2020,3,2.0,RN,185
2020,3,2.0,RO,234
2020,3,2.0,RR,75
2020,3,2.0,RS,568
2020,3,2.0,SC,354
2020,3,2.0,SE,187
2020,3,2.0,SP,541
2020,3,2.0,TO,200
2020,4,1.0,AC,275
2020,4,1.0,AL,1758
2020,4,1.0,AM,3759
2020,4,1.0,AP,422
2020,4,1.0,BA,6043
2020,4,1.0,CE,11524
2020,4,1.0,DF,1712
2020,4,1.0,ES,2310
2020,4,1.0,GO,3619
2020,4,1.0,MA,2404
2020,4,1.0,MG,5052
2020,4,1.0,MS,1005
2020,4,1.0,MT,869
2020,4,1.0,PA,4103
2020,4,1.0,PB,2097
2020,4,1.0,PE,5007
2020,4,1.0,PI,1833
2020,4,1.0,PR,2520
2020,4,1.0,RJ,7354
2020,4,1.0,RN,2225
2020,4,1.0,RO,1230
2020,4,1.0,RR,225
2020,4,1.0,RS,4142
2020,4,1.0,SC,1833
2020,4,1.0,SE,1372
2020,4,1.0,SP,5954
2020,4,1.0,TO,929
2020,4,2.0,AC,32
2020,4,2.0,AL,82
2020,4,2.0,AM,247
2020,4,2.0,AP,25
2020,4,2.0,BA,300
2020,4,2.0,CE,596
2020,4,2.0,DF,74
2020,4,2.0,ES,112
2020,4,2.0,GO,64
2020,4,2.0,MA,295
2020,4,2.0,MG,164
2020,4,2.0,MS,84
2020,4,2.0,MT,54
2020,4,2.0,PA,215
2020,4,2.0,PB,78
2020,4,2.0,PE,262
2020,4,2.0,PI,108
2020,4,2.0,PR,48
2020,4,2.0,RJ,157
2020,4,2.0,RN,109
2020,4,2.0,RO,51
2020,4,2.0,RR,17
2020,4,2.0,RS,131
2020,4,2.0,SC,25
2020,4,2.0,SE,87
2020,4,2.0,SP,59
2020,4,2.0,TO,63
2020,5,1.0,AC,105
2020,5,1.0,AL,561
2020,5,1.0,AM,1641
2020,5,1.0,AP,161
2020,5,1.0,BA,2576
2020,5,1.0,CE,5013
2020,5,1.0,DF,437
2020,5,1.0,ES,615
2020,5,1.0,GO,1105
2020,5,1.0,MA,846
2020,5,1.0,MG,1387
2020,5,1.0,MS,290
2020,5,1.0,MT,268
2020,5,1.0,PA,1825
2020,5,1.0,PB,816
2020,5,1.0,PE,1579
2020,5,1.0,PI,695
2020,5,1.0,PR,598
2020,5,1.0,RJ,2545
2020,5,1.0,RN,851
2020,5,1.0,RO,394
2020,5,1.0,RR,40
2020,5,1.0,RS,1134
2020,5,1.0,SC,419
2020,5,1.0,SE,837
2020,5,1.0,SP,1210
2020,5,1.0,TO,373
2020,5,2.0,AC,14
2020,5,2.0,AL,30
2020,5,2.0,AM,133
2020,5,2.0,AP,15
2020,5,2.0,BA,152
2020,5,2.0,CE,272
2020,5,2.0,DF,15
2020,5,2.0,ES,20
2020,5,2.0,GO,22
2020,5,2.0,MA,131
2020,5,2.0,MG,26
2020,5,2.0,MS,22
2020,5,2.0,MT,13
2020,5,2.0,PA,115
2020,5,2.0,PB,36
2020,5,2.0,PE,100
2020,5,2.0,PI,51
2020,5,2.0,PR,12
2020,5,2.0,RJ,75
2020,5,2.0,RN,32
2020,5,2.0,RO,12
2020,5,2.0,RR,5
2020,5,2.0,RS,24
2020,5,2.0,SC,8
2020,5,2.0,SE,73
2020,5,2.0,SP,10
2020,5,2.0,TO,32
2020,6,1.0,AC,44
2020,6,1.0,AL,218
2020,6,1.0,AM,832
2020,6,1.0,AP,64
2020,6,1.0,BA,1081
2020,6,1.0,CE,2337
2020,6,1.0,DF,126
2020,6,1.0,ES,152
2020,6,1.0,GO,522
2020,6,1.0,MA,302
2020,6,1.0,MG,492
2020,6,1.0,MS,114
2020,6,1.0,MT,134
2020,6,1.0,PA,823
2020,6,1.0,PB,370
2020,6,1.0,PE,544
2020,6,1.0,PI,270
2020,6,1.0,PR,222
2020,6,1.0,RJ,914
2020,6,1.0,RN,336
2020,6,1.0,RO,181
2020,6,1.0,RR,19
2020,6,1.0,RS,372
2020,6,1.0,SC,89
2020,6,1.0,SE,386
2020,6,1.0,SP,433
2020,6,1.0,TO,142
2020,6,2.0,AC,4
2020,6,2.0,AL,15
2020,6,2.0,AM,76
2020,6,2.0,AP,5
2020,6,2.0,BA,71
2020,6,2.0,CE,140
2020,6,2.0,DF,3
2020,6,2.0,ES,8
2020,6,2.0,GO,11
2020,6,2.0,MA,59
2020,6,2.0,MG,7
2020,6,2.0,MS,12
2020,6,2.0,MT,9
2020,6,2.0,PA,54
2020,6,2.0,PB,7
2020,6,2.0,PE,56
2020,6,2.0,PI,18
2020,6,2.0,PR,6
2020,6,2.0,RJ,33
2020,6,2.0,RN,12
2020,6,2.0,RO,9
2020,6,2.0,RR,4
2020,6,2.0,RS,6
2020,6,2.0,SC,2
2020,6,2.0,SE,33
2020,6,2.0,TO,8
2020,6,1.0,AC,26
2020,6,1.0,AL,97
2020,6,1.0,AM,507
2020,6,1.0,AP,32
2020,6,1.0,BA,553
2020,6,1.0,CE,1359
2020,6,1.0,DF,80
2020,6,1.0,ES,105
2020,6,1.0,GO,352
2020,6,1.0,MA,157
2020,6,1.0,MG,259
2020,6,1.0,MS,70
2020,6,1.0,MT,79
2020,6,1.0,PA,405
2020,6,1.0,PB,183
2020,6,1.0,PE,295
2020,6,1.0,PI,120
2020,6,1.0,PR,137
2020,6,1.0,RJ,406
2020,6,1.0,RN,153
2020,6,1.0,RO,109
2020,6,1.0,RR,14
2020,6,1.0,RS,175
2020,6,1.0,SC,51
2020,6,1.0,SE,199
2020,6,1.0,SP,291
2020,6,1.0,TO,88
2020,6,2.0,AC,2
2020,6,2.0,AL,8
2020,6,2.0,AM,35
2020,6,2.0,AP,3
2020,6,2.0,BA,39
2020,6,2.0,CE,71
2020,6,2.0,DF,1
2020,6,2.0,ES,2
2020,6,2.0,GO,5
2020,6,2.0,MA,27
2020,6,2.0,MG,2
2020,6,2.0,MS,7
2020,6,2.0,MT,4
2020,6,2.0,PA,31
2020,6,2.0,PB,5
2020,6,2.0,PE,18
2020,6,2.0,PI,20
2020,6,2.0,PR,3
2020,6,2.0,RJ,13
2020,6,2.0,RN,6
2020,6,2.0,RO,5
2020,6,2.0,RS,4
2020,6,2.0,SE,18
2020,6,2.0,SP,3
2020,6,2.0,TO,9
2020,6,1.0,AC,19
2020,6,1.0,AL,52
2020,6,1.0,AM,399
2020,6,1.0,AP,22
2020,6,1.0,BA,295
2020,6,1.0,CE,891
2020,6,1.0,DF,57
2020,6,1.0,ES,58
2020,6,1.0,GO,250
2020,6,1.0,MA,80
2020,6,1.0,MG,214
2020,6,1.0,MS,45
2020,6,1.0,MT,58
2020,6,1.0,PA,258
2020,6,1.0,PB,131
2020,6,1.0,PE,218
2020,6,1.0,PI,77
2020,6,1.0,PR,86
2020,6,1.0,RJ,306
2020,6,1.0,RN,90
2020,6,1.0,RO,79
2020,6,1.0,RR,13
2020,6,1.0,RS,113
2020,6,1.0,SC,49
2020,6,1.0,SE,125
2020,6,1.0,SP,253
2020,6,1.0,TO,61
2020,6,2.0,AC,3
2020,6,2.0,AL,2
2020,6,2.0,AM,31
2020,6,2.0,AP,6
2020,6,2.0,BA,16
2020,6,2.0,CE,64
2020,6,2.0,DF,1
2020,6,2.0,ES,2
2020,6,2.0,GO,7
2020,6,2.0,MA,16
2020,6,2.0,MG,2
2020,6,2.0,MS,7
2020,6,2.0,MT,5
2020,6,2.0,PA,15
2020,6,2.0,PB,2
2020,6,2.0,PE,16
2020,6,2.0,PI,6
2020,6,2.0,RJ,9
2020,6,2.0,RN,4
2020,6,2.0,RO,9
2020,6,2.0,RR,1
2020,6,2.0,RS,2
2020,6,2.0,SE,16
2020,6,2.0,SP,1
2020,6,2.0,TO,8
2020,6,1.0,AC,6
2020,6,1.0,AL,42
2020,6,1.0,AM,271
2020,6,1.0,AP,10
2020,6,1.0,BA,194
2020,6,1.0,CE,693
2020,6,1.0,DF,39
2020,6,1.0,ES,45
2020,6,1.0,GO,193
2020,6,1.0,MA,51
2020,6,1.0,MG,164
2020,6,1.0,MS,23
2020,6,1.0,MT,38
2020,6,1.0,PA,230
2020,6,1.0,PB,75
2020,6,1.0,PE,154
2020,6,1.0,PI,58
2020,6,1.0,PR,92
2020,6,1.0,RJ,214
2020,6,1.0,RN,52
2020,6,1.0,RO,77
2020,6,1.0,RR,6
2020,6,1.0,RS,79
2020,6,1.0,SC,30
2020,6,1.0,SE,105
2020,6,1.0,SP,213
2020,6,1.0,TO,42
2020,6,2.0,AL,3
2020,6,2.0,AM,26
2020,6,2.0,AP,2
2020,6,2.0,BA,9
2020,6,2.0,CE,48
2020,6,2.0,DF,1
2020,6,2.0,GO,3
2020,6,2.0,MA,15
2020,6,2.0,MS,3
2020,6,2.0,MT,4
2020,6,2.0,PA,22
2020,6,2.0,PB,3
2020,6,2.0,PE,11
2020,6,2.0,PI,4
2020,6,2.0,PR,1
2020,6,2.0,RO,3
2020,6,2.0,RR,3
2020,6,2.0,RS,2
2020,6,2.0,SC,1
2020,6,2.0,SE,7
2020,6,2.0,SP,1
2020,6,2.0,TO,3
2020,6,1.0,AC,13
2020,6,1.0,AL,42
2020,6,1.0,AM,232
2020,6,1.0,AP,17
2020,6,1.0,BA,141
2020,6,1.0,CE,599
2020,6,1.0,DF,30
2020,6,1.0,ES,38
2020,6,1.0,GO,164
2020,6,1.0,MA,40
2020,6,1.0,MG,135
2020,6,1.0,MS,26
2020,6,1.0,MT,34
2020,6,1.0,PA,147
2020,6,1.0,PB,67
2020,6,1.0,PE,99
2020,6,1.0,PI,45
2020,6,1.0,PR,66
2020,6,1.0,RJ,166
2020,6,1.0,RN,42
2020,6,1.0,RO,75
2020,6,1.0,RR,4
2020,6,1.0,RS,73
2020,6,1.0,SC,31
2020,6,1.0,SE,74
2020,6,1.0,SP,176
2020,6,1.0,TO,41
2020,6,2.0,AC,2
2020,6,2.0,AM,20
2020,6,2.0,BA,9
2020,6,2.0,CE,47
2020,6,2.0,DF,1
2020,6,2.0,GO,2
2020,6,2.0,MA,9
2020,6,2.0,MG,1
2020,6,2.0,MS,2
2020,6,2.0,MT,4
2020,6,2.0,PA,8
2020,6,2.0,PB,3
2020,6,2.0,PE,11
2020,6,2.0,PI,3
2020,6,2.0,PR,3
2020,6,2.0,RJ,1
2020,6,2.0,RN,2
2020,6,2.0,RO,2
2020,6,2.0,RS,1
2020,6,2.0,SE,2
2020,6,2.0,TO,5
2020,6,1.0,AC,32
2020,6,1.0,AL,102
2020,6,1.0,AM,761
2020,6,1.0,AP,41
2020,6,1.0,BA,428
2020,6,1.0,CE,1744
2020,6,1.0,DF,78
2020,6,1.0,ES,114
2020,6,1.0,GO,515
2020,6,1.0,MA,133
2020,6,1.0,MG,431
2020,6,1.0,MS,104
2020,6,1.0,MT,88
2020,6,1.0,PA,447
2020,6,1.0,PB,182
2020,6,1.0,PE,448
2020,6,1.0,PI,143
2020,6,1.0,PR,222
2020,6,1.0,RJ,444
2020,6,1.0,RN,128
2020,6,1.0,RO,212
2020,6,1.0,RR,18
2020,6,1.0,RS,189
2020,6,1.0,SC,83
2020,6,1.0,SE,178
2020,6,1.0,SP,583
2020,6,1.0,TO,132
2020,6,2.0,AC,5
2020,6,2.0,AL,6
2020,6,2.0,AM,66
2020,6,2.0,AP,3
2020,6,2.0,BA,17
2020,6,2.0,CE,123
2020,6,2.0,DF,4
2020,6,2.0,ES,1
2020,6,2.0,GO,5
2020,6,2.0,MA,30
2020,6,2.0,MG,1
2020,6,2.0,MS,6
2020,6,2.0,MT,5
2020,6,2.0,PA,24
2020,6,2.0,PB,9
2020,6,2.0,PE,30
2020,6,2.0,PI,8
2020,6,2.0,PR,2
2020,6,2.0,RJ,11
2020,6,2.0,RN,1
2020,6,2.0,RO,3
2020,6,2.0,RR,2
2020,6,2.0,RS,1
2020,6,2.0,SC,3
2020,6,2.0,SE,9
2020,6,2.0,SP,1
2020,6,2.0,TO,15
2020,6,1.0,AC,21
2020,6,1.0,AL,65
2020,6,1.0,AM,428
2020,6,1.0,AP,19
2020,6,1.0,BA,227
2020,6,1.0,CE,1249
2020,6,1.0,DF,32
2020,6,1.0,ES,70
2020,6,1.0,GO,410
2020,6,1.0,MA,90
2020,6,1.0,MG,203
2020,6,1.0,MS,47
2020,6,1.0,MT,48
2020,6,1.0,PA,236
2020,6,1.0,PB,126
2020,6,1.0,PE,314
2020,6,1.0,PI,123
2020,6,1.0,PR,93
2020,6,1.0,RJ,233
2020,6,1.0,RN,62
2020,6,1.0,RO,134
2020,6,1.0,RR,6
2020,6,1.0,RS,105
2020,6,1.0,SC,48
2020,6,1.0,SE,100
2020,6,1.0,SP,294
2020,6,1.0,TO,73
2020,6,2.0,AL,2
2020,6,2.0,AM,54
2020,6,2.0,AP,3
2020,6,2.0,BA,17
2020,6,2.0,CE,106
2020,6,2.0,DF,2
2020,6,2.0,GO,6
2020,6,2.0,MA,18
2020,6,2.0,MG,6
2020,6,2.0,MS,2
2020,6,2.0,MT,4
2020,6,2.0,PA,12
2020,6,2.0,PB,2
2020,6,2.0,PE,24
2020,6,2.0,PI,7
2020,6,2.0,PR,3
2020,6,2.0,RJ,9
2020,6,2.0,RN,2
2020,6,2.0,RO,2
2020,6,2.0,RR,2
2020,6,2.0,RS,1
2020,6,2.0,SE,5
2020,6,2.0,SP,2
2020,6,2.0,TO,6
2020,6,1.0,AC,4
2020,6,1.0,AL,38
2020,6,1.0,AM,276
2020,6,1.0,AP,18
2020,6,1.0,BA,164
2020,6,1.0,CE,806
2020,6,1.0,DF,30
2020,6,1.0,ES,57
2020,6,1.0,GO,326
2020,6,1.0,MA,52
2020,6,1.0,MG,167
2020,6,1.0,MS,36
2020,6,1.0,MT,40
2020,6,1.0,PA,162
2020,6,1.0,PB,87
2020,6,1.0,PE,235
2020,6,1.0,PI,63
2020,6,1.0,PR,60
2020,6,1.0,RJ,203
2020,6,1.0,RN,45
2020,6,1.0,RO,94
2020,6,1.0,RR,3
2020,6,1.0,RS,76
2020,6,1.0,SC,28
2020,6,1.0,SE,58
2020,6,1.0,SP,270
2020,6,1.0,TO,48
2020,6,2.0,AL,1
2020,6,2.0,AM,30
2020,6,2.0,AP,1
2020,6,2.0,BA,7
2020,6,2.0,CE,69
2020,6,2.0,DF,3
2020,6,2.0,ES,1
2020,6,2.0,GO,3
2020,6,2.0,MA,9
2020,6,2.0,MG,2
2020,6,2.0,MS,2
2020,6,2.0,MT,2
2020,6,2.0,PA,6
2020,6,2.0,PB,2
2020,6,2.0,PE,11
2020,6,2.0,PI,6
2020,6,2.0,RJ,1
2020,6,2.0,RO,3
2020,6,2.0,RS,1
2020,6,2.0,SC,2
2020,6,2.0,SE,6
2020,6,2.0,SP,2
2020,6,2.0,TO,8
2020,6,1.0,AC,5
2020,6,1.0,AL,25
2020,6,1.0,AM,124
2020,6,1.0,AP,3
2020,6,1.0,BA,103
2020,6,1.0,CE,504
2020,6,1.0,DF,31
2020,6,1.0,ES,33
2020,6,1.0,GO,203
2020,6,1.0,MA,22
2020,6,1.0,MG,121
2020,6,1.0,MS,32
2020,6,1.0,MT,26
2020,6,1.0,PA,108
2020,6,1.0,PB,57
2020,6,1.0,PE,140
2020,6,1.0,PI,45
2020,6,1.0,PR,52
2020,6,1.0,RJ,133
2020,6,1.0,RN,23
2020,6,1.0,RO,50
2020,6,1.0,RR,2
2020,6,1.0,RS,37
2020,6,1.0,SC,20
2020,6,1.0,SE,27
2020,6,1.0,SP,212
2020,6,1.0,TO,28
2020,6,2.0,AL,3
2020,6,2.0,AM,17
2020,6,2.0,AP,1
2020,6,2.0,BA,4
2020,6,2.0,CE,25
2020,6,2.0,DF,1
2020,6,2.0,GO,2
2020,6,2.0,MA,8
2020,6,2.0,MS,3
2020,6,2.0,MT,2
2020,6,2.0,PA,4
2020,6,2.0,PE,8
2020,6,2.0,PI,4
2020,6,2.0,PR,1
2020,6,2.0,RS,2
2020,6,2.0,SC,1
2020,6,2.0,SE,2
2020,6,2.0,TO,3
2020,6,1.0,AC,5
2020,6,1.0,AL,16
2020,6,1.0,AM,82
2020,6,1.0,AP,3
2020,6,1.0,BA,39
2020,6,1.0,CE,330
2020,6,1.0,DF,18
2020,6,1.0,ES,35
2020,6,1.0,GO,132
2020,6,1.0,MA,18
2020,6,1.0,MG,113
2020,6,1.0,MS,17
2020,6,1.0,MT,16
2020,6,1.0,PA,54
2020,6,1.0,PB,24
2020,6,1.0,PE,97
2020,6,1.0,PI,29
2020,6,1.0,PR,40
2020,6,1.0,RJ,147
2020,6,1.0,RN,10
2020,6,1.0,RO,19
2020,6,1.0,RR,3
2020,6,1.0,RS,43
2020,6,1.0,SC,12
2020,6,1.0,SE,23
2020,6,1.0,SP,182
2020,6,1.0,TO,12
2020,6,2.0,AM,10
2020,6,2.0,BA,3
2020,6,2.0,CE,19
2020,6,2.0,DF,1
2020,6,2.0,GO,2
2020,6,2.0,MA,4
2020,6,2.0,MG,1
2020,6,2.0,PA,4
2020,6,2.0,PB,1
2020,6,2.0,PE,7
2020,6,2.0,PI,2
2020,6,2.0,RJ,1
2020,6,2.0,RN,1
2020,6,2.0,RS,1
2020,6,1.0,AC,2
2020,6,1.0,AL,6
2020,6,1.0,AM,37
2020,6,1.0,AP,3
2020,6,1.0,BA,32
2020,6,1.0,CE,164
2020,6,1.0,DF,10
2020,6,1.0,ES,19
2020,6,1.0,GO,64
2020,6,1.0,MA,8
2020,6,1.0,MG,69
2020,6,1.0,MS,10
2020,6,1.0,MT,11
2020,6,1.0,PA,30
2020,6,1.0,PB,18
2020,6,1.0,PE,43
2020,6,1.0,PI,14
2020,6,1.0,PR,23
2020,6,1.0,RJ,89
2020,6,1.0,RN,6
2020,6,1.0,RO,13
2020,6,1.0,RS,26
2020,6,1.0,SC,12
2020,6,1.0,SE,9
2020,6,1.0,SP,123
2020,6,1.0,TO,7
2020,6,2.0,AM,1
2020,6,2.0,BA,1
2020,6,2.0,CE,15
2020,6,2.0,ES,1
2020,6,2.0,MA,1
2020,6,2.0,MT,1
2020,6,2.0,PA,1
2020,6,2.0,PE,1
2020,6,1.0,AL,5
2020,6,1.0,AM,17
2020,6,1.0,AP,2
2020,6,1.0,BA,8
2020,6,1.0,CE,93
2020,6,1.0,DF,6
2020,6,1.0,ES,3
2020,6,1.0,GO,32
2020,6,1.0,MA,3
2020,6,1.0,MG,27
2020,6,1.0,MS,4
2020,6,1.0,MT,5
2020,6,1.0,PA,17
2020,6,1.0,PB,6
2020,6,1.0,PE,29
2020,6,1.0,PI,5
2020,6,1.0,PR,5
2020,6,1.0,RJ,56
2020,6,1.0,RN,3
2020,6,1.0,RO,7
2020,6,1.0,RS,15
2020,6,1.0,SC,2
2020,6,1.0,SE,4
2020,6,1.0,SP,54
2020,6,1.0,TO,5
2020,6,2.0,AM,4
2020,6,2.0,CE,8
2020,6,2.0,MS,1
2020,6,2.0,PE,1
2020,6,2.0,RJ,1
2020,6,2.0,RS,1
2020,6,1.0,AL,1
2020,6,1.0,AM,11
2020,6,1.0,BA,6
2020,6,1.0,CE,22
2020,6,1.0,ES,2
2020,6,1.0,GO,3
2020,6,1.0,MG,11
2020,6,1.0,MS,1
2020,6,1.0,MT,2
2020,6,1.0,PA,9
2020,6,1.0,PB,2
2020,6,1.0,PE,7
2020,6,1.0,PI,3
2020,6,1.0,PR,3
2020,6,1.0,RJ,20
2020,6,1.0,RN,1
2020,6,1.0,RO,1
2020,6,1.0,RR,1
2020,6,1.0,RS,5
2020,6,1.0,SE,2
2020,6,1.0,SP,15
2020,6,1.0,TO,2
2020,6,2.0,BA,1
2020,6,2.0,CE,6
2020,6,1.0,AL,2
2020,6,1.0,AM,2
2020,6,1.0,CE,5
2020,6,1.0,DF,1
2020,6,1.0,GO,5
2020,6,1.0,MG,5
2020,6,1.0,MS,1
2020,6,1.0,PA,3
2020,6,1.0,PI,1
2020,6,1.0,RJ,5
2020,6,1.0,RN,1
2020,6,1.0,RO,1
2020,6,1.0,RR,1
2020,6,1.0,RS,1
2020,6,1.0,SE,1
2020,6,1.0,SP,6
2020,6,2.0,CE,4
2020,6,2.0,MG,1
2020,6,1.0,AM,1
2020,6,1.0,BA,2
2020,6,1.0,CE,3
2020,6,1.0,GO,4
2020,6,1.0,MG,4
2020,6,1.0,MS,2
2020,6,1.0,PA,2
2020,6,1.0,PE,1
2020,6,1.0,RJ,2
2020,6,1.0,SC,1
2020,6,1.0,SP,3
2020,6,2.0,CE,1
2021,1,1.0,AC,40
2021,1,1.0,AL,144
2021,1,1.0,AM,242
2021,1,1.0,AP,71
2021,1,1.0,BA,665
2021,1,1.0,CE,527
2021,1,1.0,DF,150
2021,1,1.0,ES,75
2021,1,1.0,GO,440
2021,1,1.0,MA,592
2021,1,1.0,MG,194
2021,1,1.0,MS,81
2021,1,1.0,MT,106
2021,1,1.0,PA,765
2021,1,1.0,PB,616
2021,1,1.0,PE,958
2021,1,1.0,PI,288
2021,1,1.0,PR,244
2021,1,1.0,RJ,472
2021,1,1.0,RN,133
2021,1,1.0,RO,66
2021,1,1.0,RR,14
2021,1,1.0,RS,111
2021,1,1.0,SC,255
2021,1,1.0,SE,219
2021,1,1.0,SP,422
2021,1,1.0,TO,128
2021,1,2.0,AC,2
2021,1,2.0,AL,2
2021,1,2.0,AM,30
2021,1,2.0,AP,2
2021,1,2.0,BA,25
2021,1,2.0,CE,18
2021,1,2.0,DF,2
2021,1,2.0,ES,1
2021,1,2.0,GO,10
2021,1,2.0,MA,49
2021,1,2.0,MG,2
2021,1,2.0,MT,2
2021,1,2.0,PA,20
2021,1,2.0,PB,16
2021,1,2.0,PE,21
2021,1,2.0,PI,8
2021,1,2.0,PR,4
2021,1,2.0,RJ,10
2021,1,2.0,RN,4
2021,1,2.0,RO,5
2021,1,2.0,RR,2
2021,1,2.0,RS,5
2021,1,2.0,SC,2
2021,1,2.0,SE,3
2021,1,2.0,SP,9
2021,1,2.0,TO,4
2021,2,1.0,AC,1203
2021,2,1.0,AL,3753
2021,2,1.0,AM,8725
2021,2,1.0,AP,1028
2021,2,1.0,BA,13651
2021,2,1.0,CE,29432
2021,2,1.0,DF,7439
2021,2,1.0,ES,4860
2021,2,1.0,GO,15388
2021,2,1.0,MA,8615
2021,2,1.0,MG,26987
2021,2,1.0,MS,6167
2021,2,1.0,MT,4722
2021,2,1.0,PA,9287
2021,2,1.0,PB,7185
2021,2,1.0,PE,15997
2021,2,1.0,PI,5166
2021,2,1.0,PR,26860
2021,2,1.0,RJ,20372
2021,2,1.0,RN,3799
2021,2,1.0,RO,1971
2021,2,1.0,RR,524
2021,2,1.0,RS,10446
2021,2,1.0,SC,10097
2021,2,1.0,SE,3153
2021,2,1.0,SP,77537
2021,2,1.0,TO,2599
2021,2,2.0,AC,58
2021,2,2.0,AL,117
2021,2,2.0,AM,411
2021,2,2.0,AP,28
2021,2,2.0,BA,425
2021,2,2.0,CE,1627
2021,2,2.0,DF,132
2021,2,2.0,ES,166
2021,2,2.0,GO,363
2021,2,2.0,MA,589
2021,2,2.0,MG,740
2021,2,2.0,MS,187
2021,2,2.0,MT,305
2021,2,2.0,PA,311
2021,2,2.0,PB,202
2021,2,2.0,PE,555
2021,2,2.0,PI,125
2021,2,2.0,PR,837
2021,2,2.0,RJ,347
2021,2,2.0,RN,63
2021,2,2.0,RO,95
2021,2,2.0,RR,34
2021,2,2.0,RS,366
2021,2,2.0,SC,242
2021,2,2.0,SE,93
2021,2,2.0,SP,912
2021,2,2.0,TO,148
2021,3,1.0,AC,1241
2021,3,1.0,AL,4117
2021,3,1.0,AM,12178
2021,3,1.0,AP,1203
2021,3,1.0,BA,16155
2021,3,1.0,CE,36100
2021,3,1.0,DF,7190
2021,3,1.0,ES,9066
2021,3,1.0,GO,19057
2021,3,1.0,MA,7972
2021,3,1.0,MG,28293
2021,3,1.0,MS,2726
2021,3,1.0,MT,5824
2021,3,1.0,PA,10117
2021,3,1.0,PB,5483
2021,3,1.0,PE,16015
2021,3,1.0,PI,4966
2021,3,1.0,PR,10524
2021,3,1.0,RJ,23191
2021,3,1.0,RN,5144
2021,3,1.0,RO,3899
2021,3,1.0,RR,911
2021,3,1.0,RS,17973
2021,3,1.0,SC,13394
2021,3,1.0,SE,3140
2021,3,1.0,SP,54504
2021,3,1.0,TO,2382
2021,3,2.0,AC,71
2021,3,2.0,AL,173
2021,3,2.0,AM,821
2021,3,2.0,AP,57
2021,3,2.0,BA,843
2021,3,2.0,CE,2368
2021,3,2.0,DF,167
2021,3,2.0,ES,349
2021,3,2.0,GO,387
2021,3,2.0,MA,663
2021,3,2.0,MG,959
2021,3,2.0,MS,205
2021,3,2.0,MT,475
2021,3,2.0,PA,463
2021,3,2.0,PB,232
2021,3,2.0,PE,847
2021,3,2.0,PI,155
2021,3,2.0,PR,185
2021,3,2.0,RJ,488
2021,3,2.0,RN,165
2021,3,2.0,RO,211
2021,3,2.0,RR,64
2021,3,2.0,RS,642
2021,3,2.0,SC,390
2021,3,2.0,SE,136
2021,3,2.0,SP,505
2021,3,2.0,TO,158
2021,4,1.0,AC,244
2021,4,1.0,AL,1237
2021,4,1.0,AM,3968
2021,4,1.0,AP,281
2021,4,1.0,BA,8093
2021,4,1.0,CE,10142
2021,4,1.0,DF,1277
2021,4,1.0,ES,1923
2021,4,1.0,GO,4054
2021,4,1.0,MA,1544
2021,4,1.0,MG,3958
2021,4,1.0,MS,737
2021,4,1.0,MT,709
2021,4,1.0,PA,2862
2021,4,1.0,PB,1778
2021,4,1.0,PE,3630
2021,4,1.0,PI,1435
2021,4,1.0,PR,2312
2021,4,1.0,RJ,5565
2021,4,1.0,RN,2191
2021,4,1.0,RO,688
2021,4,1.0,RR,135
2021,4,1.0,RS,3639
2021,4,1.0,SC,1636
2021,4,1.0,SE,911
2021,4,1.0,SP,3827
2021,4,1.0,TO,517
2021,4,2.0,AC,30
2021,4,2.0,AL,33
2021,4,2.0,AM,320
2021,4,2.0,AP,19
2021,4,2.0,BA,451
2021,4,2.0,CE,544
2021,4,2.0,DF,54
2021,4,2.0,ES,117
2021,4,2.0,GO,92
2021,4,2.0,MA,158
2021,4,2.0,MG,176
2021,4,2.0,MS,76
2021,4,2.0,MT,62
2021,4,2.0,PA,154
2021,4,2.0,PB,57
2021,4,2.0,PE,226
2021,4,2.0,PI,63
2021,4,2.0,PR,31
2021,4,2.0,RJ,126
2021,4,2.0,RN,104
2021,4,2.0,RO,51
2021,4,2.0,RR,16
2021,4,2.0,RS,136
2021,4,2.0,SC,39
2021,4,2.0,SE,67
2021,4,2.0,SP,36
2021,4,2.0,TO,35
2021,5,1.0,AC,71
2021,5,1.0,AL,433
2021,5,1.0,AM,1637
2021,5,1.0,AP,98
2021,5,1.0,BA,3687
2021,5,1.0,CE,4159
2021,5,1.0,DF,296
2021,5,1.0,ES,501
2021,5,1.0,GO,1206
2021,5,1.0,MA,416
2021,5,1.0,MG,975
2021,5,1.0,MS,229
2021,5,1.0,MT,169
2021,5,1.0,PA,1125
2021,5,1.0,PB,641
2021,5,1.0,PE,1123
2021,5,1.0,PI,574
2021,5,1.0,PR,526
2021,5,1.0,RJ,1747
2021,5,1.0,RN,722
2021,5,1.0,RO,223
2021,5,1.0,RR,43
2021,5,1.0,RS,1319
2021,5,1.0,SC,383
2021,5,1.0,SE,448
2021,5,1.0,SP,695
2021,5,1.0,TO,187
2021,5,2.0,AC,8
2021,5,2.0,AL,8
2021,5,2.0,AM,193
2021,5,2.0,AP,7
2021,5,2.0,BA,155
2021,5,2.0,CE,242
2021,5,2.0,DF,10
2021,5,2.0,ES,18
2021,5,2.0,GO,36
2021,5,2.0,MA,54
2021,5,2.0,MG,33
2021,5,2.0,MS,23
2021,5,2.0,MT,11
2021,5,2.0,PA,63
2021,5,2.0,PB,19
2021,5,2.0,PE,72
2021,5,2.0,PI,27
2021,5,2.0,PR,8
2021,5,2.0,RJ,17
2021,5,2.0,RN,40
2021,5,2.0,RO,11
2021,5,2.0,RR,3
2021,5,2.0,RS,41
2021,5,2.0,SC,3
2021,5,2.0,SE,26
2021,5,2.0,SP,8
2021,5,2.0,TO,21
2021,6,1.0,AC,32
2021,6,1.0,AL,142
2021,6,1.0,AM,856
2021,6,1.0,AP,30
2021,6,1.0,BA,1479
2021,6,1.0,CE,1702
2021,6,1.0,DF,87
2021,6,1.0,ES,128
2021,6,1.0,GO,514
2021,6,1.0,MA,138
2021,6,1.0,MG,411
2021,6,1.0,MS,77
2021,6,1.0,MT,75
2021,6,1.0,PA,453
2021,6,1.0,PB,235
2021,6,1.0,PE,371
2021,6,1.0,PI,162
2021,6,1.0,PR,131
2021,6,1.0,RJ,678
2021,6,1.0,RN,266
2021,6,1.0,RO,79
2021,6,1.0,RR,12
2021,6,1.0,RS,389
2021,6,1.0,SC,68
2021,6,1.0,SE,185
2021,6,1.0,SP,237
2021,6,1.0,TO,59
2021,6,2.0,AC,1
2021,6,2.0,AL,4
2021,6,2.0,AM,103
2021,6,2.0,AP,1
2021,6,2.0,BA,63
2021,6,2.0,CE,110
2021,6,2.0,DF,4
2021,6,2.0,ES,9
2021,6,2.0,GO,20
2021,6,2.0,MA,14
2021,6,2.0,MG,6
2021,6,2.0,MS,8
2021,6,2.0,MT,2
2021,6,2.0,PA,21
2021,6,2.0,PB,10
2021,6,2.0,PE,24
2021,6,2.0,PI,12
2021,6,2.0,PR,2
2021,6,2.0,RJ,8
2021,6,2.0,RN,15
2021,6,2.0,RO,6
2021,6,2.0,RS,10
2021,6,2.0,SC,2
2021,6,2.0,SE,21
2021,6,2.0,SP,3
2021,6,2.0,TO,9
2021,6,1.0,AC,21
2021,6,1.0,AL,80
2021,6,1.0,AM,510
2021,6,1.0,AP,20
2021,6,1.0,BA,631
2021,6,1.0,CE,927
2021,6,1.0,DF,46
2021,6,1.0,ES,65
2021,6,1.0,GO,349
2021,6,1.0,MA,59
2021,6,1.0,MG,228
2021,6,1.0,MS,34
2021,6,1.0,MT,46
2021,6,1.0,PA,213
2021,6,1.0,PB,141
2021,6,1.0,PE,157
2021,6,1.0,PI,81
2021,6,1.0,PR,89
2021,6,1.0,RJ,286
2021,6,1.0,RN,146
2021,6,1.0,RO,52
2021,6,1.0,RR,4
2021,6,1.0,RS,150
2021,6,1.0,SC,38
2021,6,1.0,SE,81
2021,6,1.0,SP,142
2021,6,1.0,TO,19
2021,6,2.0,AC,1
2021,6,2.0,AL,3
2021,6,2.0,AM,81
2021,6,2.0,AP,1
2021,6,2.0,BA,25
2021,6,2.0,CE,57
2021,6,2.0,DF,3
2021,6,2.0,GO,6
2021,6,2.0,MA,9
2021,6,2.0,MG,1
2021,6,2.0,MS,5
2021,6,2.0,MT,4
2021,6,2.0,PA,12
2021,6,2.0,PB,7
2021,6,2.0,PE,9
2021,6,2.0,PI,6
2021,6,2.0,PR,3
2021,6,2.0,RJ,12
2021,6,2.0,RN,10
2021,6,2.0,RO,2
2021,6,2.0,RS,3
2021,6,2.0,SC,1
2021,6,2.0,SE,14
2021,6,2.0,SP,4
2021,6,2.0,TO,3
2021,6,1.0,AC,10
2021,6,1.0,AL,27
2021,6,1.0,AM,334
2021,6,1.0,AP,6
2021,6,1.0,BA,286
2021,6,1.0,CE,587
2021,6,1.0,DF,30
2021,6,1.0,ES,31
2021,6,1.0,GO,221
2021,6,1.0,MA,33
2021,6,1.0,MG,154
2021,6,1.0,MS,30
2021,6,1.0,MT,33
2021,6,1.0,PA,120
2021,6,1.0,PB,87
2021,6,1.0,PE,100
2021,6,1.0,PI,47
2021,6,1.0,PR,60
2021,6,1.0,RJ,189
2021,6,1.0,RN,81
2021,6,1.0,RO,30
2021,6,1.0,RR,5
2021,6,1.0,RS,96
2021,6,1.0,SC,21
2021,6,1.0,SE,58
2021,6,1.0,SP,110
2021,6,1.0,TO,24
2021,6,2.0,AC,2
2021,6,2.0,AM,43
2021,6,2.0,BA,19
2021,6,2.0,CE,57
2021,6,2.0,MA,7
2021,6,2.0,MS,2
2021,6,2.0,MT,2
2021,6,2.0,PA,9
2021,6,2.0,PB,7
2021,6,2.0,PE,5
2021,6,2.0,RJ,3
2021,6,2.0,RN,3
2021,6,2.0,RO,1
2021,6,2.0,RS,2
2021,6,2.0,SC,1
2021,6,2.0,SE,4
2021,6,2.0,TO,1
2021,6,1.0,AC,6
2021,6,1.0,AL,27
2021,6,1.0,AM,303
2021,6,1.0,AP,13
2021,6,1.0,BA,184
2021,6,1.0,CE,465
2021,6,1.0,DF,24
2021,6,1.0,ES,30
2021,6,1.0,GO,207
2021,6,1.0,MA,29
2021,6,1.0,MG,120
2021,6,1.0,MS,19
2021,6,1.0,MT,23
2021,6,1.0,PA,103
2021,6,1.0,PB,58
2021,6,1.0,PE,81
2021,6,1.0,PI,28
2021,6,1.0,PR,54
2021,6,1.0,RJ,150
2021,6,1.0,RN,46
2021,6,1.0,RO,25
2021,6,1.0,RR,6
2021,6,1.0,RS,73
2021,6,1.0,SC,20
2021,6,1.0,SE,31
2021,6,1.0,SP,109
2021,6,1.0,TO,15
2021,6,2.0,AC,3
2021,6,2.0,AM,47
2021,6,2.0,AP,2
2021,6,2.0,BA,16
2021,6,2.0,CE,28
2021,6,2.0,ES,2
2021,6,2.0,GO,4
2021,6,2.0,MA,2
2021,6,2.0,MG,2
2021,6,2.0,MS,2
2021,6,2.0,PA,6
2021,6,2.0,PB,1
2021,6,2.0,PE,6
2021,6,2.0,PI,2
2021,6,2.0,RJ,2
2021,6,2.0,RN,4
2021,6,2.0,RO,3
2021,6,2.0,SC,1
2021,6,2.0,SE,5
2021,6,2.0,SP,1
2021,6,1.0,AC,7
2021,6,1.0,AL,17
2021,6,1.0,AM,231
2021,6,1.0,AP,3
2021,6,1.0,BA,121
2021,6,1.0,CE,368
2021,6,1.0,DF,22
2021,6,1.0,ES,24
2021,6,1.0,GO,199
2021,6,1.0,MA,21
2021,6,1.0,MG,99
2021,6,1.0,MS,13
2021,6,1.0,MT,32
2021,6,1.0,PA,88
2021,6,1.0,PB,39
2021,6,1.0,PE,50
2021,6,1.0,PI,22
2021,6,1.0,PR,35
2021,6,1.0,RJ,90
2021,6,1.0,RN,27
2021,6,1.0,RO,28
2021,6,1.0,RS,47
2021,6,1.0,SC,9
2021,6,1.0,SE,23
2021,6,1.0,SP,85
2021,6,1.0,TO,13
2021,6,2.0,AM,28
2021,6,2.0,AP,1
2021,6,2.0,BA,9
2021,6,2.0,CE,28
2021,6,2.0,GO,6
2021,6,2.0,MA,6
2021,6,2.0,MG,3
2021,6,2.0,MT,1
2021,6,2.0,PA,5
2021,6,2.0,PE,2
2021,6,2.0,PI,1
2021,6,2.0,PR,1
2021,6,2.0,RJ,1
2021,6,2.0,RN,1
2021,6,2.0,RO,1
2021,6,2.0,SE,2
2021,6,1.0,AC,25
2021,6,1.0,AL,56
2021,6,1.0,AM,849
2021,6,1.0,AP,22
2021,6,1.0,BA,377
2021,6,1.0,CE,1088
2021,6,1.0,DF,64
2021,6,1.0,ES,68
2021,6,1.0,GO,644
2021,6,1.0,MA,70
2021,6,1.0,MG,321
2021,6,1.0,MS,65
2021,6,1.0,MT,62
2021,6,1.0,PA,256
2021,6,1.0,PB,123
2021,6,1.0,PE,167
2021,6,1.0,PI,78
2021,6,1.0,PR,140
2021,6,1.0,RJ,281
2021,6,1.0,RN,97
2021,6,1.0,RO,73
2021,6,1.0,RR,9
2021,6,1.0,RS,137
2021,6,1.0,SC,56
2021,6,1.0,SE,67
2021,6,1.0,SP,299
2021,6,1.0,TO,41
2021,6,2.0,AC,1
2021,6,2.0,AL,3
2021,6,2.0,AM,89
2021,6,2.0,AP,1
2021,6,2.0,BA,20
2021,6,2.0,CE,99
2021,6,2.0,DF,1
2021,6,2.0,GO,9
2021,6,2.0,MA,12
2021,6,2.0,MG,7
2021,6,2.0,MS,4
2021,6,2.0,MT,5
2021,6,2.0,PA,13
2021,6,2.0,PB,9
2021,6,2.0,PE,4
2021,6,2.0,PI,6
2021,6,2.0,PR,3
2021,6,2.0,RJ,5
2021,6,2.0,RN,4
2021,6,2.0,RO,7
2021,6,2.0,RS,3
2021,6,2.0,SC,1
2021,6,2.0,SE,4
2021,6,2.0,SP,2
2021,6,2.0,TO,8
2021,6,1.0,AC,5
2021,6,1.0,AL,37
2021,6,1.0,AM,551
2021,6,1.0,AP,11
2021,6,1.0,BA,174
2021,6,1.0,CE,667
2021,6,1.0,DF,21
2021,6,1.0,ES,41
2021,6,1.0,GO,486
2021,6,1.0,MA,40
2021,6,1.0,MG,209
2021,6,1.0,MS,30
2021,6,1.0,MT,25
2021,6,1.0,PA,107
2021,6,1.0,PB,87
2021,6,1.0,PE,137
2021,6,1.0,PI,65
2021,6,1.0,PR,74
2021,6,1.0,RJ,136
2021,6,1.0,RN,55
2021,6,1.0,RO,55
2021,6,1.0,RR,1
2021,6,1.0,RS,68
2021,6,1.0,SC,28
2021,6,1.0,SE,21
2021,6,1.0,SP,165
2021,6,1.0,TO,24
2021,6,2.0,AL,2
2021,6,2.0,AM,41
2021,6,2.0,BA,13
2021,6,2.0,CE,56
2021,6,2.0,DF,2
2021,6,2.0,GO,13
2021,6,2.0,MA,8
2021,6,2.0,MG,3
2021,6,2.0,MT,4
2021,6,2.0,PA,7
2021,6,2.0,PB,7
2021,6,2.0,PE,7
2021,6,2.0,PI,3
2021,6,2.0,PR,1
2021,6,2.0,RJ,4
2021,6,2.0,RN,2
2021,6,2.0,RS,6
2021,6,2.0,SE,3
2021,6,2.0,SP,2
2021,6,2.0,TO,5
2021,6,1.0,AC,7
2021,6,1.0,AL,29
2021,6,1.0,AM,345
2021,6,1.0,AP,7
2021,6,1.0,BA,119
2021,6,1.0,CE,458
2021,6,1.0,DF,22
2021,6,1.0,ES,33
2021,6,1.0,GO,390
2021,6,1.0,MA,26
2021,6,1.0,MG,128
2021,6,1.0,MS,17
2021,6,1.0,MT,17
2021,6,1.0,PA,79
2021,6,1.0,PB,65
2021,6,1.0,PE,108
2021,6,1.0,PI,48
2021,6,1.0,PR,56
2021,6,1.0,RJ,116
2021,6,1.0,RN,32
2021,6,1.0,RO,38
2021,6,1.0,RR,1
2021,6,1.0,RS,53
2021,6,1.0,SC,17
2021,6,1.0,SE,16
2021,6,1.0,SP,122
2021,6,1.0,TO,17
2021,6,2.0,AC,1
2021,6,2.0,AM,42
2021,6,2.0,BA,8
2021,6,2.0,CE,38
2021,6,2.0,DF,1
2021,6,2.0,GO,12
2021,6,2.0,MA,7
2021,6,2.0,MG,1
2021,6,2.0,MS,3
2021,6,2.0,MT,2
2021,6,2.0,PA,2
2021,6,2.0,PB,6
2021,6,2.0,PE,2
2021,6,2.0,PI,1
2021,6,2.0,PR,2
2021,6,2.0,RJ,1
2021,6,2.0,RO,2
2021,6,2.0,RS,1
2021,6,2.0,SC,1
2021,6,2.0,SE,2
2021,6,2.0,SP,2
2021,6,2.0,TO,1
2021,6,1.0,AC,2
2021,6,1.0,AL,13
2021,6,1.0,AM,164
2021,6,1.0,AP,3
2021,6,1.0,BA,61
2021,6,1.0,CE,261
2021,6,1.0,DF,26
2021,6,1.0,ES,21
2021,6,1.0,GO,252
2021,6,1.0,MA,6
2021,6,1.0,MG,75
2021,6,1.0,MS,14
2021,6,1.0,MT,13
2021,6,1.0,PA,39
2021,6,1.0,PB,36
2021,6,1.0,PE,67
2021,6,1.0,PI,33
2021,6,1.0,PR,44
2021,6,1.0,RJ,91
2021,6,1.0,RN,25
2021,6,1.0,RO,19
2021,6,1.0,RS,33
2021,6,1.0,SC,12
2021,6,1.0,SE,10
2021,6,1.0,SP,104
2021,6,1.0,TO,9
2021,6,2.0,AC,1
2021,6,2.0,AM,33
2021,6,2.0,BA,9
2021,6,2.0,CE,28
2021,6,2.0,GO,1
2021,6,2.0,MA,2
2021,6,2.0,MS,3
2021,6,2.0,MT,2
2021,6,2.0,PA,3
2021,6,2.0,PE,4
2021,6,2.0,RJ,2
2021,6,2.0,RN,1
2021,6,2.0,SE,1
2021,6,2.0,SP,1
2021,6,2.0,TO,1
2021,6,1.0,AC,3
2021,6,1.0,AL,9
2021,6,1.0,AM,78
2021,6,1.0,AP,1
2021,6,1.0,BA,23
2021,6,1.0,CE,158
2021,6,1.0,DF,6
2021,6,1.0,ES,22
2021,6,1.0,GO,134
2021,6,1.0,MA,1
2021,6,1.0,MG,82
2021,6,1.0,MS,7
2021,6,1.0,MT,8
2021,6,1.0,PA,24
2021,6,1.0,PB,25
2021,6,1.0,PE,37
2021,6,1.0,PI,15
2021,6,1.0,PR,31
2021,6,1.0,RJ,47
2021,6,1.0,RN,11
2021,6,1.0,RO,7
2021,6,1.0,RS,20
2021,6,1.0,SC,12
2021,6,1.0,SE,5
2021,6,1.0,SP,69
2021,6,1.0,TO,3
2021,6,2.0,AM,13
2021,6,2.0,BA,1
2021,6,2.0,CE,25
2021,6,2.0,MA,3
2021,6,2.0,MG,2
2021,6,2.0,MS,1
2021,6,2.0,PI,1
2021,6,2.0,PR,1
2021,6,2.0,RJ,2
2021,6,2.0,RN,1
2021,6,2.0,RR,1
2021,6,2.0,RS,1
2021,6,1.0,AC,1
2021,6,1.0,AL,3
2021,6,1.0,AM,31
2021,6,1.0,AP,1
2021,6,1.0,BA,17
2021,6,1.0,CE,100
2021,6,1.0,DF,10
2021,6,1.0,ES,2
2021,6,1.0,GO,57
2021,6,1.0,MA,4
2021,6,1.0,MG,33
2021,6,1.0,MS,4
2021,6,1.0,MT,6
2021,6,1.0,PA,21
2021,6,1.0,PB,9
2021,6,1.0,PE,29
2021,6,1.0,PI,7
2021,6,1.0,PR,15
2021,6,1.0,RJ,40
2021,6,1.0,RN,5
2021,6,1.0,RO,4
2021,6,1.0,RR,1
2021,6,1.0,RS,15
2021,6,1.0,SC,8
2021,6,1.0,SE,5
2021,6,1.0,SP,48
2021,6,1.0,TO,1
2021,6,2.0,AL,1
2021,6,2.0,AM,5
2021,6,2.0,CE,25
2021,6,2.0,GO,2
2021,6,2.0,MA,2
2021,6,2.0,MS,1
2021,6,2.0,MT,1
2021,6,2.0,PA,1
2021,6,2.0,PB,3
2021,6,2.0,PR,1
2021,6,2.0,RJ,1
2021,6,2.0,RS,1
2021,6,1.0,AL,3
2021,6,1.0,AM,19
2021,6,1.0,BA,11
2021,6,1.0,CE,64
2021,6,1.0,DF,5
2021,6,1.0,ES,6
2021,6,1.0,GO,28
2021,6,1.0,MA,2
2021,6,1.0,MG,21
2021,6,1.0,MS,4
2021,6,1.0,MT,5
2021,6,1.0,PA,12
2021,6,1.0,PB,7
2021,6,1.0,PE,8
2021,6,1.0,PR,6
2021,6,1.0,RJ,28
2021,6,1.0,RN,1
2021,6,1.0,RO,1
2021,6,1.0,RS,3
2021,6,1.0,SC,3
2021,6,1.0,SP,22
2021,6,2.0,AM,5
2021,6,2.0,BA,1
2021,6,2.0,CE,5
2021,6,2.0,MA,1
2021,6,2.0,PE,1
2021,6,2.0,PI,1
2021,6,2.0,RS,1
2021,6,1.0,AM,9
2021,6,1.0,BA,2
2021,6,1.0,CE,23
2021,6,1.0,DF,1
2021,6,1.0,ES,3
2021,6,1.0,GO,16
2021,6,1.0,MG,3
2021,6,1.0,MS,1
2021,6,1.0,PA,2
2021,6,1.0,PB,1
2021,6,1.0,PE,3
2021,6,1.0,PI,1
2021,6,1.0,PR,3
2021,6,1.0,RJ,15
2021,6,1.0,RO,1
2021,6,1.0,RS,4
2021,6,1.0,SP,12
2021,6,2.0,AM,2
2021,6,1.0,AM,3
2021,6,1.0,CE,7
2021,6,1.0,DF,1
2021,6,1.0,ES,2
2021,6,1.0,GO,3
2021,6,1.0,MG,1
2021,6,1.0,PA,2
2021,6,1.0,PB,1
2021,6,1.0,PE,1
2021,6,1.0,RJ,2
2021,6,1.0,RO,1
2021,6,1.0,SC,1
2021,6,1.0,SP,7
2021,6,2.0,BA,1
2021,6,2.0,CE,1
2021,6,1.0,AM,2
2021,6,1.0,CE,5
2021,6,1.0,ES,1
2021,6,1.0,GO,2
2021,6,1.0,PB,3
2021,6,1.0,RJ,1
2021,6,1.0,RS,1
2021,6,1.0,SP,1
2021,6,2.0,CE,3
2022,1,1.0,AC,51
2022,1,1.0,AL,118
2022,1,1.0,AM,246
2022,1,1.0,AP,49
2022,1,1.0,BA,516
2022,1,1.0,CE,454
2022,1,1.0,DF,163
2022,1,1.0,ES,78
2022,1,1.0,GO,542
2022,1,1.0,MA,585
2022,1,1.0,MG,183
2022,1,1.0,MS,156
2022,1,1.0,MT,127
2022,1,1.0,PA,625
2022,1,1.0,PB,552
2022,1,1.0,PE,723
2022,1,1.0,PI,267
2022,1,1.0,PR,254
2022,1,1.0,RJ,418
2022,1,1.0,RN,126
2022,1,1.0,RO,52
2022,1,1.0,RR,18
2022,1,1.0,RS,109
2022,1,1.0,SC,184
2022,1,1.0,SE,175
2022,1,1.0,SP,444
2022,1,1.0,TO,103
2022,1,2.0,AC,2
2022,1,2.0,AL,1
2022,1,2.0,AM,31
2022,1,2.0,AP,1
2022,1,2.0,BA,16
2022,1,2.0,CE,19
2022,1,2.0,DF,1
2022,1,2.0,ES,1
2022,1,2.0,GO,10
2022,1,2.0,MA,82
2022,1,2.0,MG,4
2022,1,2.0,MS,2
2022,1,2.0,MT,2
2022,1,2.0,PA,23
2022,1,2.0,PB,10
2022,1,2.0,PE,18
2022,1,2.0,PI,4
2022,1,2.0,PR,4
2022,1,2.0,RJ,5
2022,1,2.0,RN,2
2022,1,2.0,RO,4
2022,1,2.0,RS,4
2022,1,2.0,SC,1
2022,1,2.0,SE,5
2022,1,2.0,SP,13
2022,1,2.0,TO,6
2022,2,1.0,AC,1573
2022,2,1.0,AL,4806
2022,2,1.0,AM,8237
2022,2,1.0,AP,1222
2022,2,1.0,BA,14729
2022,2,1.0,CE,33597
2022,2,1.0,DF,8179
2022,2,1.0,ES,5246
2022,2,1.0,GO,16650
2022,2,1.0,MA,10512
2022,2,1.0,MG,26961
2022,2,1.0,MS,7095
2022,2,1.0,MT,5973
2022,2,1.0,PA,10812
2022,2,1.0,PB,8374
2022,2,1.0,PE,17041
2022,2,1.0,PI,5901
2022,2,1.0,PR,30434
2022,2,1.0,RJ,23999
2022,2,1.0,RN,4878
2022,2,1.0,RO,2359
2022,2,1.0,RR,586
2022,2,1.0,RS,11590
2022,2,1.0,SC,11163
2022,2,1.0,SE,3725
2022,2,1.0,SP,86205
2022,2,1.0,TO,3050
2022,2,2.0,AC,104
2022,2,2.0,AL,199
2022,2,2.0,AM,351
2022,2,2.0,AP,58
2022,2,2.0,BA,604
2022,2,2.0,CE,1884
2022,2,2.0,DF,135
2022,2,2.0,ES,166
2022,2,2.0,GO,280
2022,2,2.0,MA,956
2022,2,2.0,MG,764
2022,2,2.0,MS,250
2022,2,2.0,MT,390
2022,2,2.0,PA,439
2022,2,2.0,PB,210
2022,2,2.0,PE,567
2022,2,2.0,PI,188
2022,2,2.0,PR,1068
2022,2,2.0,RJ,451
2022,2,2.0,RN,83
2022,2,2.0,RO,114
2022,2,2.0,RR,60
2022,2,2.0,RS,411
2022,2,2.0,SC,271
2022,2,2.0,SE,153
2022,2,2.0,SP,1130
2022,2,2.0,TO,215
2022,3,1.0,AC,1739
2022,3,1.0,AL,6489
2022,3,1.0,AM,11359
2022,3,1.0,AP,1537
2022,3,1.0,BA,17346
2022,3,1.0,CE,42347
2022,3,1.0,DF,8432
2022,3,1.0,ES,10651
2022,3,1.0,GO,21181
2022,3,1.0,MA,10631
2022,3,1.0,MG,32921
2022,3,1.0,MS,3718
2022,3,1.0,MT,8187
2022,3,1.0,PA,13537
2022,3,1.0,PB,7266
2022,3,1.0,PE,18279
2022,3,1.0,PI,6310
2022,3,1.0,PR,13657
2022,3,1.0,RJ,30355
2022,3,1.0,RN,7036
2022,3,1.0,RO,5171
2022,3,1.0,RR,1213
2022,3,1.0,RS,21980
2022,3,1.0,SC,16806
2022,3,1.0,SE,4174
2022,3,1.0,SP,87012
2022,3,1.0,TO,2970
2022,3,2.0,AC,146
2022,3,2.0,AL,344
2022,3,2.0,AM,666
2022,3,2.0,AP,104
2022,3,2.0,BA,1000
2022,3,2.0,CE,2652
2022,3,2.0,DF,171
2022,3,2.0,ES,420
2022,3,2.0,GO,325
2022,3,2.0,MA,1157
2022,3,2.0,MG,1016
2022,3,2.0,MS,269
2022,3,2.0,MT,554
2022,3,2.0,PA,726
2022,3,2.0,PB,243
2022,3,2.0,PE,955
2022,3,2.0,PI,254
2022,3,2.0,PR,341
2022,3,2.0,RJ,703
2022,3,2.0,RN,212
2022,3,2.0,RO,273
2022,3,2.0,RR,91
2022,3,2.0,RS,765
2022,3,2.0,SC,505
2022,3,2.0,SE,186
2022,3,2.0,SP,1078
2022,3,2.0,TO,202
2022,4,1.0,AC,327
2022,4,1.0,AL,1993
2022,4,1.0,AM,2808
2022,4,1.0,AP,548
2022,4,1.0,BA,5260
2022,4,1.0,CE,10550
2022,4,1.0,DF,1439
2022,4,1.0,ES,2085
2022,4,1.0,GO,4162
2022,4,1.0,MA,2186
2022,4,1.0,MG,4009
2022,4,1.0,MS,816
2022,4,1.0,MT,875
2022,4,1.0,PA,4163
2022,4,1.0,PB,2163
2022,4,1.0,PE,3850
2022,4,1.0,PI,1868
2022,4,1.0,PR,2723
2022,4,1.0,RJ,7114
2022,4,1.0,RN,2627
2022,4,1.0,RO,811
2022,4,1.0,RR,135
2022,4,1.0,RS,4160
2022,4,1.0,SC,1853
2022,4,1.0,SE,1286
2022,4,1.0,SP,5829
2022,4,1.0,TO,542
2022,4,2.0,AC,37
2022,4,2.0,AL,72
2022,4,2.0,AM,266
2022,4,2.0,AP,37
2022,4,2.0,BA,340
2022,4,2.0,CE,494
2022,4,2.0,DF,71
2022,4,2.0,ES,116
2022,4,2.0,GO,102
2022,4,2.0,MA,264
2022,4,2.0,MG,166
2022,4,2.0,MS,98
2022,4,2.0,MT,64
2022,4,2.0,PA,207
2022,4,2.0,PB,76
2022,4,2.0,PE,236
2022,4,2.0,PI,89
2022,4,2.0,PR,48
2022,4,2.0,RJ,177
2022,4,2.0,RN,111
2022,4,2.0,RO,60
2022,4,2.0,RR,24
2022,4,2.0,RS,145
2022,4,2.0,SC,39
2022,4,2.0,SE,59
2022,4,2.0,SP,62
2022,4,2.0,TO,52
2022,5,1.0,AC,130
2022,5,1.0,AL,599
2022,5,1.0,AM,918
2022,5,1.0,AP,164
2022,5,1.0,BA,2069
2022,5,1.0,CE,3926
2022,5,1.0,DF,328
2022,5,1.0,ES,460
2022,5,1.0,GO,1304
2022,5,1.0,MA,558
2022,5,1.0,MG,841
2022,5,1.0,MS,260
2022,5,1.0,MT,195
2022,5,1.0,PA,1541
2022,5,1.0,PB,843
2022,5,1.0,PE,1116
2022,5,1.0,PI,643
2022,5,1.0,PR,590
2022,5,1.0,RJ,2132
2022,5,1.0,RN,949
2022,5,1.0,RO,237
2022,5,1.0,RR,22
2022,5,1.0,RS,1300
2022,5,1.0,SC,374
2022,5,1.0,SE,565
2022,5,1.0,SP,785
2022,5,1.0,TO,166
2022,5,2.0,AC,16
2022,5,2.0,AL,22
2022,5,2.0,AM,113
2022,5,2.0,AP,16
2022,5,2.0,BA,104
2022,5,2.0,CE,173
2022,5,2.0,DF,17
2022,5,2.0,ES,25
2022,5,2.0,GO,37
2022,5,2.0,MA,68
2022,5,2.0,MG,27
2022,5,2.0,MS,40
2022,5,2.0,MT,14
2022,5,2.0,PA,89
2022,5,2.0,PB,30
2022,5,2.0,PE,60
2022,5,2.0,PI,31
2022,5,2.0,PR,11
2022,5,2.0,RJ,48
2022,5,2.0,RN,56
2022,5,2.0,RO,24
2022,5,2.0,RR,4
2022,5,2.0,RS,34
2022,5,2.0,SC,7
2022,5,2.0,SE,30
2022,5,2.0,SP,17
2022,5,2.0,TO,12
2022,6,1.0,AC,50
2022,6,1.0,AL,211
2022,6,1.0,AM,393
2022,6,1.0,AP,48
2022,6,1.0,BA,848
2022,6,1.0,CE,1443
2022,6,1.0,DF,87
2022,6,1.0,ES,140
2022,6,1.0,GO,514
2022,6,1.0,MA,186
2022,6,1.0,MG,294
2022,6,1.0,MS,80
2022,6,1.0,MT,84
2022,6,1.0,PA,660
2022,6,1.0,PB,307
2022,6,1.0,PE,357
2022,6,1.0,PI,195
2022,6,1.0,PR,174
2022,6,1.0,RJ,778
2022,6,1.0,RN,304
2022,6,1.0,RO,107
2022,6,1.0,RR,11
2022,6,1.0,RS,454
2022,6,1.0,SC,92
2022,6,1.0,SE,255
2022,6,1.0,SP,240
2022,6,1.0,TO,68
2022,6,2.0,AC,8
2022,6,2.0,AL,17
2022,6,2.0,AM,58
2022,6,2.0,AP,7
2022,6,2.0,BA,42
2022,6,2.0,CE,84
2022,6,2.0,DF,5
2022,6,2.0,ES,3
2022,6,2.0,GO,12
2022,6,2.0,MA,18
2022,6,2.0,MG,11
2022,6,2.0,MS,12
2022,6,2.0,MT,5
2022,6,2.0,PA,39
2022,6,2.0,PB,11
2022,6,2.0,PE,23
2022,6,2.0,PI,16
2022,6,2.0,PR,4
2022,6,2.0,RJ,24
2022,6,2.0,RN,15
2022,6,2.0,RO,7
2022,6,2.0,RR,3
2022,6,2.0,RS,8
2022,6,2.0,SC,1
2022,6,2.0,SE,10
2022,6,2.0,SP,3
2022,6,2.0,TO,6
2022,6,1.0,AC,24
2022,6,1.0,AL,72
2022,6,1.0,AM,267
2022,6,1.0,AP,30
2022,6,1.0,BA,390
2022,6,1.0,CE,772
2022,6,1.0,DF,56
2022,6,1.0,ES,58
2022,6,1.0,GO,254
2022,6,1.0,MA,94
2022,6,1.0,MG,193
2022,6,1.0,MS,55
2022,6,1.0,MT,50
2022,6,1.0,PA,336
2022,6,1.0,PB,149
2022,6,1.0,PE,144
2022,6,1.0,PI,90
2022,6,1.0,PR,80
2022,6,1.0,RJ,409
2022,6,1.0,RN,157
2022,6,1.0,RO,61
2022,6,1.0,RR,11
2022,6,1.0,RS,175
2022,6,1.0,SC,41
2022,6,1.0,SE,117
2022,6,1.0,SP,165
2022,6,1.0,TO,32
2022,6,2.0,AC,2
2022,6,2.0,AL,8
2022,6,2.0,AM,31
2022,6,2.0,AP,2
2022,6,2.0,BA,18
2022,6,2.0,CE,46
2022,6,2.0,DF,2
2022,6,2.0,ES,1
2022,6,2.0,GO,9
2022,6,2.0,MA,18
2022,6,2.0,MG,2
2022,6,2.0,MS,8
2022,6,2.0,MT,2
2022,6,2.0,PA,26
2022,6,2.0,PB,5
2022,6,2.0,PE,8
2022,6,2.0,PI,5
2022,6,2.0,PR,3
2022,6,2.0,RJ,13
2022,6,2.0,RN,8
2022,6,2.0,RO,3
2022,6,2.0,RS,4
2022,6,2.0,SC,1
2022,6,2.0,SE,5
2022,6,2.0,SP,2
2022,6,2.0,TO,3
2022,6,1.0,AC,32
2022,6,1.0,AL,53
2022,6,1.0,AM,182
2022,6,1.0,AP,19
2022,6,1.0,BA,224
2022,6,1.0,CE,522
2022,6,1.0,DF,29
2022,6,1.0,ES,41
2022,6,1.0,GO,181
2022,6,1.0,MA,54
2022,6,1.0,MG,162
2022,6,1.0,MS,38
2022,6,1.0,MT,43
2022,6,1.0,PA,206
2022,6,1.0,PB,93
2022,6,1.0,PE,89
2022,6,1.0,PI,57
2022,6,1.0,PR,77
2022,6,1.0,RJ,226
2022,6,1.0,RN,100
2022,6,1.0,RO,47
2022,6,1.0,RR,8
2022,6,1.0,RS,110
2022,6,1.0,SC,20
2022,6,1.0,SE,63
2022,6,1.0,SP,124
2022,6,1.0,TO,12
2022,6,2.0,AC,2
2022,6,2.0,AL,3
2022,6,2.0,AM,29
2022,6,2.0,AP,3
2022,6,2.0,BA,8
2022,6,2.0,CE,26
2022,6,2.0,DF,1
2022,6,2.0,ES,1
2022,6,2.0,GO,4
2022,6,2.0,MA,15
2022,6,2.0,MG,2
2022,6,2.0,MS,3
2022,6,2.0,MT,3
2022,6,2.0,PA,17
2022,6,2.0,PB,7
2022,6,2.0,PE,5
2022,6,2.0,PI,4
2022,6,2.0,PR,1
2022,6,2.0,RJ,7
2022,6,2.0,RN,7
2022,6,2.0,RO,1
2022,6,2.0,RR,1
2022,6,2.0,RS,5
2022,6,2.0,SE,3
2022,6,2.0,TO,2
2022,6,1.0,AC,18
2022,6,1.0,AL,29
2022,6,1.0,AM,154
2022,6,1.0,AP,6
2022,6,1.0,BA,156
2022,6,1.0,CE,339
2022,6,1.0,DF,23
2022,6,1.0,ES,35
2022,6,1.0,GO,132
2022,6,1.0,MA,34
2022,6,1.0,MG,115
2022,6,1.0,MS,33
2022,6,1.0,MT,29
2022,6,1.0,PA,141
2022,6,1.0,PB,80
2022,6,1.0,PE,71
2022,6,1.0,PI,40
2022,6,1.0,PR,63
2022,6,1.0,RJ,130
2022,6,1.0,RN,57
2022,6,1.0,RO,33
2022,6,1.0,RR,2
2022,6,1.0,RS,80
2022,6,1.0,SC,27
2022,6,1.0,SE,29
2022,6,1.0,SP,138
2022,6,1.0,TO,14
2022,6,2.0,AC,3
2022,6,2.0,AL,3
2022,6,2.0,AM,21
2022,6,2.0,AP,2
2022,6,2.0,BA,10
2022,6,2.0,CE,29
2022,6,2.0,ES,1
2022,6,2.0,GO,3
2022,6,2.0,MA,3
2022,6,2.0,MG,3
2022,6,2.0,MS,4
2022,6,2.0,PA,6
2022,6,2.0,PB,2
2022,6,2.0,PI,3
2022,6,2.0,RJ,3
2022,6,2.0,RN,1
2022,6,2.0,RO,3
2022,6,2.0,SE,3
2022,6,2.0,TO,4
2022,6,1.0,AC,11
2022,6,1.0,AL,28
2022,6,1.0,AM,139
2022,6,1.0,AP,11
2022,6,1.0,BA,85
2022,6,1.0,CE,288
2022,6,1.0,DF,22
2022,6,1.0,ES,30
2022,6,1.0,GO,113
2022,6,1.0,MA,29
2022,6,1.0,MG,107
2022,6,1.0,MS,28
2022,6,1.0,MT,21
2022,6,1.0,PA,95
2022,6,1.0,PB,64
2022,6,1.0,PE,66
2022,6,1.0,PI,36
2022,6,1.0,PR,62
2022,6,1.0,RJ,132
2022,6,1.0,RN,53
2022,6,1.0,RO,25
2022,6,1.0,RR,5
2022,6,1.0,RS,55
2022,6,1.0,SC,8
2022,6,1.0,SE,36
2022,6,1.0,SP,107
2022,6,1.0,TO,13
2022,6,2.0,AM,17
2022,6,2.0,AP,1
2022,6,2.0,CE,12
2022,6,2.0,GO,3
2022,6,2.0,MA,9
2022,6,2.0,MS,1
2022,6,2.0,PA,9
2022,6,2.0,PB,1
2022,6,2.0,PE,6
2022,6,2.0,PI,2
2022,6,2.0,PR,3
2022,6,2.0,RJ,3
2022,6,2.0,RN,3
2022,6,2.0,RO,1
2022,6,2.0,RR,1
2022,6,2.0,RS,2
2022,6,2.0,SE,2
2022,6,2.0,SP,1
2022,6,2.0,TO,2
2022,6,1.0,AC,43
2022,6,1.0,AL,97
2022,6,1.0,AM,486
2022,6,1.0,AP,19
2022,6,1.0,BA,269
2022,6,1.0,CE,902
2022,6,1.0,DF,59
2022,6,1.0,ES,109
2022,6,1.0,GO,401
2022,6,1.0,MA,76
2022,6,1.0,MG,296
2022,6,1.0,MS,74
2022,6,1.0,MT,95
2022,6,1.0,PA,346
2022,6,1.0,PB,183
2022,6,1.0,PE,179
2022,6,1.0,PI,100
2022,6,1.0,PR,166
2022,6,1.0,RJ,440
2022,6,1.0,RN,129
2022,6,1.0,RO,106
2022,6,1.0,RR,9
2022,6,1.0,RS,186
2022,6,1.0,SC,62
2022,6,1.0,SE,103
2022,6,1.0,SP,437
2022,6,1.0,TO,32
2022,6,2.0,AC,2
2022,6,2.0,AL,3
2022,6,2.0,AM,62
2022,6,2.0,AP,5
2022,6,2.0,BA,15
2022,6,2.0,CE,47
2022,6,2.0,DF,2
2022,6,2.0,ES,1
2022,6,2.0,GO,14
2022,6,2.0,MA,12
2022,6,2.0,MG,3
2022,6,2.0,MS,7
2022,6,2.0,MT,4
2022,6,2.0,PA,38
2022,6,2.0,PB,10
2022,6,2.0,PE,8
2022,6,2.0,PI,10
2022,6,2.0,PR,3
2022,6,2.0,RJ,4
2022,6,2.0,RN,3
2022,6,2.0,RO,6
2022,6,2.0,RR,2
2022,6,2.0,RS,3
2022,6,2.0,SE,5
2022,6,2.0,SP,1
2022,6,2.0,TO,2
2022,6,1.0,AC,24
2022,6,1.0,AL,54
2022,6,1.0,AM,344
2022,6,1.0,AP,17
2022,6,1.0,BA,109
2022,6,1.0,CE,569
2022,6,1.0,DF,32
2022,6,1.0,ES,46
2022,6,1.0,GO,403
2022,6,1.0,MA,42
2022,6,1.0,MG,177
2022,6,1.0,MS,39
2022,6,1.0,MT,50
2022,6,1.0,PA,192
2022,6,1.0,PB,143
2022,6,1.0,PE,124
2022,6,1.0,PI,69
2022,6,1.0,PR,105
2022,6,1.0,RJ,260
2022,6,1.0,RN,77
2022,6,1.0,RO,71
2022,6,1.0,RR,7
2022,6,1.0,RS,106
2022,6,1.0,SC,32
2022,6,1.0,SE,65
2022,6,1.0,SP,293
2022,6,1.0,TO,25
2022,6,2.0,AC,2
2022,6,2.0,AL,4
2022,6,2.0,AM,48
2022,6,2.0,AP,3
2022,6,2.0,BA,11
2022,6,2.0,CE,24
2022,6,2.0,DF,2
2022,6,2.0,GO,9
2022,6,2.0,MA,7
2022,6,2.0,MG,4
2022,6,2.0,MS,6
2022,6,2.0,MT,4
2022,6,2.0,PA,15
2022,6,2.0,PB,7
2022,6,2.0,PE,4
2022,6,2.0,PI,4
2022,6,2.0,PR,3
2022,6,2.0,RJ,9
2022,6,2.0,RN,2
2022,6,2.0,RO,5
2022,6,2.0,RS,1
2022,6,2.0,SE,3
2022,6,2.0,SP,2
2022,6,2.0,TO,2
2022,6,1.0,AC,10
2022,6,1.0,AL,46
2022,6,1.0,AM,186
2022,6,1.0,AP,12
2022,6,1.0,BA,93
2022,6,1.0,CE,461
2022,6,1.0,DF,22
2022,6,1.0,ES,57
2022,6,1.0,GO,327
2022,6,1.0,MA,42
2022,6,1.0,MG,129
2022,6,1.0,MS,24
2022,6,1.0,MT,52
2022,6,1.0,PA,123
2022,6,1.0,PB,115
2022,6,1.0,PE,100
2022,6,1.0,PI,58
2022,6,1.0,PR,84
2022,6,1.0,RJ,193
2022,6,1.0,RN,44
2022,6,1.0,RO,48
2022,6,1.0,RR,5
2022,6,1.0,RS,75
2022,6,1.0,SC,27
2022,6,1.0,SE,52
2022,6,1.0,SP,181
2022,6,1.0,TO,15
2022,6,2.0,AL,3
2022,6,2.0,AM,30
2022,6,2.0,AP,3
2022,6,2.0,BA,10
2022,6,2.0,CE,12
2022,6,2.0,DF,1
2022,6,2.0,GO,23
2022,6,2.0,MA,6
2022,6,2.0,MG,4
2022,6,2.0,MS,2
2022,6,2.0,MT,2
2022,6,2.0,PA,12
2022,6,2.0,PB,6
2022,6,2.0,PE,1
2022,6,2.0,PI,3
2022,6,2.0,PR,3
2022,6,2.0,RJ,6
2022,6,2.0,RO,1
2022,6,2.0,RR,2
2022,6,2.0,RS,3
2022,6,2.0,SE,1
2022,6,2.0,SP,1
2022,6,2.0,TO,1
2022,6,1.0,AC,8
2022,6,1.0,AL,25
2022,6,1.0,AM,123
2022,6,1.0,AP,5
2022,6,1.0,BA,63
2022,6,1.0,CE,292
2022,6,1.0,DF,25
2022,6,1.0,ES,38
2022,6,1.0,GO,241
2022,6,1.0,MA,17
2022,6,1.0,MG,106
2022,6,1.0,MS,17
2022,6,1.0,MT,25
2022,6,1.0,PA,88
2022,6,1.0,PB,67
2022,6,1.0,PE,60
2022,6,1.0,PI,24
2022,6,1.0,PR,81
2022,6,1.0,RJ,144
2022,6,1.0,RN,31
2022,6,1.0,RO,26
2022,6,1.0,RS,48
2022,6,1.0,SC,17
2022,6,1.0,SE,12
2022,6,1.0,SP,168
2022,6,1.0,TO,9
2022,6,2.0,AL,1
2022,6,2.0,AM,16
2022,6,2.0,BA,4
2022,6,2.0,CE,6
2022,6,2.0,DF,2
2022,6,2.0,GO,15
2022,6,2.0,MA,3
2022,6,2.0,MT,1
2022,6,2.0,PA,5
2022,6,2.0,PB,8
2022,6,2.0,PE,3
2022,6,2.0,PR,2
2022,6,2.0,RJ,4
2022,6,2.0,RN,1
2022,6,2.0,RS,1
2022,6,2.0,SC,1
2022,6,2.0,SP,1
2022,6,2.0,TO,1
2022,6,1.0,AC,3
2022,6,1.0,AL,16
2022,6,1.0,AM,54
2022,6,1.0,AP,2
2022,6,1.0,BA,19
2022,6,1.0,CE,182
2022,6,1.0,DF,25
2022,6,1.0,ES,28
2022,6,1.0,GO,126
2022,6,1.0,MA,13
2022,6,1.0,MG,71
2022,6,1.0,MS,16
2022,6,1.0,MT,21
2022,6,1.0,PA,51
2022,6,1.0,PB,18
2022,6,1.0,PE,40
2022,6,1.0,PI,18
2022,6,1.0,PR,36
2022,6,1.0,RJ,121
2022,6,1.0,RN,16
2022,6,1.0,RO,11
2022,6,1.0,RR,1
2022,6,1.0,RS,35
2022,6,1.0,SC,18
2022,6,1.0,SE,11
2022,6,1.0,SP,109
2022,6,1.0,TO,6
2022,6,2.0,AM,8
2022,6,2.0,BA,3
2022,6,2.0,CE,4
2022,6,2.0,GO,8
2022,6,2.0,MA,2
2022,6,2.0,PA,1
2022,6,2.0,PB,2
2022,6,2.0,PE,3
2022,6,2.0,PI,1
2022,6,2.0,PR,1
2022,6,2.0,RJ,4
2022,6,2.0,RO,1
2022,6,2.0,RS,1
2022,6,2.0,SP,1
2022,6,1.0,AC,1
2022,6,1.0,AL,8
2022,6,1.0,AM,33
2022,6,1.0,BA,15
2022,6,1.0,CE,95
2022,6,1.0,DF,14
2022,6,1.0,ES,20
2022,6,1.0,GO,61
2022,6,1.0,MA,3
2022,6,1.0,MG,55
2022,6,1.0,MS,9
2022,6,1.0,MT,4
2022,6,1.0,PA,27
2022,6,1.0,PB,16
2022,6,1.0,PE,20
2022,6,1.0,PI,7
2022,6,1.0,PR,25
2022,6,1.0,RJ,84
2022,6,1.0,RN,11
2022,6,1.0,RO,5
2022,6,1.0,RS,19
2022,6,1.0,SC,6
2022,6,1.0,SE,7
2022,6,1.0,SP,91
2022,6,1.0,TO,4
2022,6,2.0,AM,3
2022,6,2.0,AP,1
2022,6,2.0,BA,1
2022,6,2.0,CE,2
2022,6,2.0,GO,2
2022,6,2.0,PA,1
2022,6,2.0,PB,2
2022,6,2.0,RO,1
2022,6,2.0,RS,3
2022,6,1.0,AC,1
2022,6,1.0,AL,3
2022,6,1.0,AM,20
2022,6,1.0,BA,12
2022,6,1.0,CE,75
2022,6,1.0,DF,5
2022,6,1.0,ES,14
2022,6,1.0,GO,42
2022,6,1.0,MA,1
2022,6,1.0,MG,31
2022,6,1.0,MS,5
2022,6,1.0,MT,2
2022,6,1.0,PA,17
2022,6,1.0,PB,10
2022,6,1.0,PE,9
2022,6,1.0,PI,8
2022,6,1.0,PR,13
2022,6,1.0,RJ,51
2022,6,1.0,RN,4
2022,6,1.0,RO,4
2022,6,1.0,RS,13
2022,6,1.0,SC,4
2022,6,1.0,SE,6
2022,6,1.0,SP,62
2022,6,2.0,BA,1
2022,6,2.0,CE,1
2022,6,2.0,GO,2
2022,6,2.0,PB,1
2022,6,2.0,PR,1
2022,6,1.0,AC,2
2022,6,1.0,AL,2
2022,6,1.0,AM,5
2022,6,1.0,BA,3
2022,6,1.0,CE,27
2022,6,1.0,DF,1
2022,6,1.0,ES,2
2022,6,1.0,GO,13
2022,6,1.0,MA,1
2022,6,1.0,MG,10
2022,6,1.0,MT,1
2022,6,1.0,PA,5
2022,6,1.0,PB,2
2022,6,1.0,PE,4
2022,6,1.0,PI,1
2022,6,1.0,PR,5
2022,6,1.0,RJ,19
2022,6,1.0,RS,4
2022,6,1.0,SC,2
2022,6,1.0,SP,17
2022,6,1.0,TO,1
2022,6,2.0,AM,2
2022,6,2.0,BA,1
2022,6,2.0,CE,1
2022,6,1.0,AC,1
2022,6,1.0,AL,2
2022,6,1.0,AM,1
2022,6,1.0,BA,2
2022,6,1.0,CE,7
2022,6,1.0,DF,1
2022,6,1.0,ES,1
2022,6,1.0,GO,6
2022,6,1.0,MG,1
2022,6,1.0,PA,5
2022,6,1.0,PB,1
2022,6,1.0,PE,2
2022,6,1.0,PR,3
2022,6,1.0,RJ,7
2022,6,1.0,RN,1
2022,6,1.0,RS,2
2022,6,1.0,SE,1
2022,6,1.0,SP,11
2022,6,2.0,CE,3
2022,6,1.0,AM,1
2022,6,1.0,AP,1
2022,6,1.0,CE,4
2022,6,1.0,GO,4
2022,6,1.0,MG,1
2022,6,1.0,MT,1
2022,6,1.0,PA,2
2022,6,1.0,RJ,4
2022,6,1.0,SP,3
2022,6,2.0,CE,2
2023,1,1.0,AC,31
2023,1,1.0,AL,82
2023,1,1.0,AM,161
2023,1,1.0,AP,44
2023,1,1.0,BA,430
2023,1,1.0,CE,287
2023,1,1.0,DF,132
2023,1,1.0,ES,90
2023,1,1.0,GO,903
2023,1,1.0,MA,415
2023,1,1.0,MG,183
2023,1,1.0,MS,153
2023,1,1.0,MT,109
2023,1,1.0,PA,506
2023,1,1.0,PB,358
2023,1,1.0,PE,566
2023,1,1.0,PI,277
2023,1,1.0,PR,246
2023,1,1.0,RJ,336
2023,1,1.0,RN,180
2023,1,1.0,RO,36
2023,1,1.0,RR,22
2023,1,1.0,RS,76
2023,1,1.0,SC,159
2023,1,1.0,SE,102
2023,1,1.0,SP,522
2023,1,1.0,TO,107
2023,1,2.0,AC,3
2023,1,2.0,AL,1
2023,1,2.0,AM,20
2023,1,2.0,AP,3
2023,1,2.0,BA,28
2023,1,2.0,CE,6
2023,1,2.0,DF,5
2023,1,2.0,ES,1
2023,1,2.0,GO,4
2023,1,2.0,MA,34
2023,1,2.0,MG,3
2023,1,2.0,MS,2
2023,1,2.0,MT,6
2023,1,2.0,PA,16
2023,1,2.0,PB,10
2023,1,2.0,PE,11
2023,1,2.0,PI,19
2023,1,2.0,PR,5
2023,1,2.0,RJ,2
2023,1,2.0,RN,5
2023,1,2.0,RO,4
2023,1,2.0,RR,1
2023,1,2.0,RS,2
2023,1,2.0,SC,1
2023,1,2.0,SE,2
2023,1,2.0,SP,14
2023,1,2.0,TO,4
2023,2,1.0,AC,1252
2023,2,1.0,AL,4806
2023,2,1.0,AM,7334
2023,2,1.0,AP,1288
2023,2,1.0,BA,13519
2023,2,1.0,CE,31393
2023,2,1.0,DF,7839
2023,2,1.0,ES,5184
2023,2,1.0,GO,16150
2023,2,1.0,MA,10551
2023,2,1.0,MG,20782
2023,2,1.0,MS,6331
2023,2,1.0,MT,5440
2023,2,1.0,PA,10352
2023,2,1.0,PB,8697
2023,2,1.0,PE,16688
2023,2,1.0,PI,5597
2023,2,1.0,PR,31035
2023,2,1.0,RJ,22158
2023,2,1.0,RN,4481
2023,2,1.0,RO,2523
2023,2,1.0,RR,547
2023,2,1.0,RS,10903
2023,2,1.0,SC,10490
2023,2,1.0,SE,3577
2023,2,1.0,SP,75793
2023,2,1.0,TO,2699
2023,2,2.0,AC,113
2023,2,2.0,AL,216
2023,2,2.0,AM,295
2023,2,2.0,AP,53
2023,2,2.0,BA,571
2023,2,2.0,CE,1817
2023,2,2.0,DF,110
2023,2,2.0,ES,170
2023,2,2.0,GO,317
2023,2,2.0,MA,1013
2023,2,2.0,MG,564
2023,2,2.0,MS,251
2023,2,2.0,MT,338
2023,2,2.0,PA,458
2023,2,2.0,PB,257
2023,2,2.0,PE,655
2023,2,2.0,PI,200
2023,2,2.0,PR,1040
2023,2,2.0,RJ,405
2023,2,2.0,RN,104
2023,2,2.0,RO,105
2023,2,2.0,RR,66
2023,2,2.0,RS,288
2023,2,2.0,SC,217
2023,2,2.0,SE,134
2023,2,2.0,SP,1003
2023,2,2.0,TO,189
2023,3,1.0,AC,1827
2023,3,1.0,AL,8849
2023,3,1.0,AM,12243
2023,3,1.0,AP,1847
2023,3,1.0,BA,18615
2023,3,1.0,CE,45224
2023,3,1.0,DF,9616
2023,3,1.0,ES,11243
2023,3,1.0,GO,21852
2023,3,1.0,MA,13272
2023,3,1.0,MG,37233
2023,3,1.0,MS,3706
2023,3,1.0,MT,8638
2023,3,1.0,PA,14609
2023,3,1.0,PB,9337
2023,3,1.0,PE,20361
2023,3,1.0,PI,7891
2023,3,1.0,PR,16727
2023,3,1.0,RJ,29683
2023,3,1.0,RN,7625
2023,3,1.0,RO,5818
2023,3,1.0,RR,1296
2023,3,1.0,RS,21941
2023,3,1.0,SC,17519
2023,3,1.0,SE,4501
2023,3,1.0,SP,99526
2023,3,1.0,TO,2951
2023,3,2.0,AC,244
2023,3,2.0,AL,484
2023,3,2.0,AM,700
2023,3,2.0,AP,114
2023,3,2.0,BA,1114
2023,3,2.0,CE,3000
2023,3,2.0,DF,185
2023,3,2.0,ES,478
2023,3,2.0,GO,389
2023,3,2.0,MA,1560
2023,3,2.0,MG,1230
2023,3,2.0,MS,251
2023,3,2.0,MT,627
2023,3,2.0,PA,898
2023,3,2.0,PB,306
2023,3,2.0,PE,977
2023,3,2.0,PI,336
2023,3,2.0,PR,487
2023,3,2.0,RJ,704
2023,3,2.0,RN,216
2023,3,2.0,RO,233
2023,3,2.0,RR,113
2023,3,2.0,RS,679
2023,3,2.0,SC,496
2023,3,2.0,SE,238
2023,3,2.0,SP,1305
2023,3,2.0,TO,231
2023,4,1.0,AC,337
2023,4,1.0,AL,2489
2023,4,1.0,AM,2608
2023,4,1.0,AP,567
2023,4,1.0,BA,4828
2023,4,1.0,CE,8218
2023,4,1.0,DF,1410
2023,4,1.0,ES,2162
2023,4,1.0,GO,3313
2023,4,1.0,MA,2817
2023,4,1.0,MG,4051
2023,4,1.0,MS,667
2023,4,1.0,MT,904
2023,4,1.0,PA,4081
2023,4,1.0,PB,2414
2023,4,1.0,PE,3664
2023,4,1.0,PI,2056
2023,4,1.0,PR,2871
2023,4,1.0,RJ,6116
2023,4,1.0,RN,2483
2023,4,1.0,RO,801
2023,4,1.0,RR,148
2023,4,1.0,RS,3532
2023,4,1.0,SC,2053
2023,4,1.0,SE,1112
2023,4,1.0,SP,6596
2023,4,1.0,TO,515
2023,4,2.0,AC,51
2023,4,2.0,AL,124
2023,4,2.0,AM,211
2023,4,2.0,AP,28
2023,4,2.0,BA,360
2023,4,2.0,CE,367
2023,4,2.0,DF,60
2023,4,2.0,ES,177
2023,4,2.0,GO,95
2023,4,2.0,MA,400
2023,4,2.0,MG,207
2023,4,2.0,MS,69
2023,4,2.0,MT,98
2023,4,2.0,PA,269
2023,4,2.0,PB,107
2023,4,2.0,PE,219
2023,4,2.0,PI,103
2023,4,2.0,PR,63
2023,4,2.0,RJ,178
2023,4,2.0,RN,135
2023,4,2.0,RO,63
2023,4,2.0,RR,31
2023,4,2.0,RS,162
2023,4,2.0,SC,38
2023,4,2.0,SE,63
2023,4,2.0,SP,93
2023,4,2.0,TO,53
2023,5,1.0,AC,108
2023,5,1.0,AL,970
2023,5,1.0,AM,771
2023,5,1.0,AP,148
2023,5,1.0,BA,1657
2023,5,1.0,CE,2577
2023,5,1.0,DF,286
2023,5,1.0,ES,425
2023,5,1.0,GO,868
2023,5,1.0,MA,768
2023,5,1.0,MG,700
2023,5,1.0,MS,172
2023,5,1.0,MT,193
2023,5,1.0,PA,1499
2023,5,1.0,PB,947
2023,5,1.0,PE,974
2023,5,1.0,PI,700
2023,5,1.0,PR,599
2023,5,1.0,RJ,1688
2023,5,1.0,RN,829
2023,5,1.0,RO,174
2023,5,1.0,RR,24
2023,5,1.0,RS,1011
2023,5,1.0,SC,366
2023,5,1.0,SE,403
2023,5,1.0,SP,795
2023,5,1.0,TO,177
2023,5,2.0,AC,21
2023,5,2.0,AL,47
2023,5,2.0,AM,104
2023,5,2.0,AP,20
2023,5,2.0,BA,92
2023,5,2.0,CE,139
2023,5,2.0,DF,17
2023,5,2.0,ES,24
2023,5,2.0,GO,41
2023,5,2.0,MA,108
2023,5,2.0,MG,27
2023,5,2.0,MS,28
2023,5,2.0,MT,14
2023,5,2.0,PA,91
2023,5,2.0,PB,48
2023,5,2.0,PE,70
2023,5,2.0,PI,56
2023,5,2.0,PR,14
2023,5,2.0,RJ,55
2023,5,2.0,RN,35
2023,5,2.0,RO,9
2023,5,2.0,RR,2
2023,5,2.0,RS,34
2023,5,2.0,SC,8
2023,5,2.0,SE,18
2023,5,2.0,SP,3
2023,5,2.0,TO,19
2023,6,1.0,AC,41
2023,6,1.0,AL,352
2023,6,1.0,AM,337
2023,6,1.0,AP,58
2023,6,1.0,BA,677
2023,6,1.0,CE,952
2023,6,1.0,DF,83
2023,6,1.0,ES,142
2023,6,1.0,GO,339
2023,6,1.0,MA,245
2023,6,1.0,MG,283
2023,6,1.0,MS,77
2023,6,1.0,MT,84
2023,6,1.0,PA,564
2023,6,1.0,PB,425
2023,6,1.0,PE,293
2023,6,1.0,PI,249
2023,6,1.0,PR,192
2023,6,1.0,RJ,553
2023,6,1.0,RN,315
2023,6,1.0,RO,65
2023,6,1.0,RR,7
2023,6,1.0,RS,309
2023,6,1.0,SC,88
2023,6,1.0,SE,155
2023,6,1.0,SP,200
2023,6,1.0,TO,51
2023,6,2.0,AC,12
2023,6,2.0,AL,27
2023,6,2.0,AM,60
2023,6,2.0,AP,7
2023,6,2.0,BA,53
2023,6,2.0,CE,61
2023,6,2.0,DF,8
2023,6,2.0,ES,4
2023,6,2.0,GO,13
2023,6,2.0,MA,36
2023,6,2.0,MG,3
2023,6,2.0,MS,10
2023,6,2.0,MT,1
2023,6,2.0,PA,35
2023,6,2.0,PB,21
2023,6,2.0,PE,24
2023,6,2.0,PI,30
2023,6,2.0,PR,6
2023,6,2.0,RJ,16
2023,6,2.0,RN,12
2023,6,2.0,RO,2
2023,6,2.0,RR,2
2023,6,2.0,RS,10
2023,6,2.0,SC,2
2023,6,2.0,SE,4
2023,6,2.0,SP,4
2023,6,2.0,TO,6
2023,6,1.0,AC,21
2023,6,1.0,AL,174
2023,6,1.0,AM,175
2023,6,1.0,AP,35
2023,6,1.0,BA,322
2023,6,1.0,CE,520
2023,6,1.0,DF,41
2023,6,1.0,ES,53
2023,6,1.0,GO,174
2023,6,1.0,MA,102
2023,6,1.0,MG,193
2023,6,1.0,MS,24
2023,6,1.0,MT,32
2023,6,1.0,PA,280
2023,6,1.0,PB,226
2023,6,1.0,PE,139
2023,6,1.0,PI,100
2023,6,1.0,PR,93
2023,6,1.0,RJ,255
2023,6,1.0,RN,148
2023,6,1.0,RO,55
2023,6,1.0,RR,3
2023,6,1.0,RS,104
2023,6,1.0,SC,46
2023,6,1.0,SE,73
2023,6,1.0,SP,92
2023,6,1.0,TO,35
2023,6,2.0,AC,6
2023,6,2.0,AL,13
2023,6,2.0,AM,29
2023,6,2.0,AP,3
2023,6,2.0,BA,26
2023,6,2.0,CE,27
2023,6,2.0,GO,6
2023,6,2.0,MA,20
2023,6,2.0,MG,3
2023,6,2.0,MS,4
2023,6,2.0,MT,4
2023,6,2.0,PA,23
2023,6,2.0,PB,7
2023,6,2.0,PE,11
2023,6,2.0,PI,8
2023,6,2.0,PR,2
2023,6,2.0,RJ,9
2023,6,2.0,RN,5
2023,6,2.0,RO,2
2023,6,2.0,RS,4
2023,6,2.0,SC,1
2023,6,2.0,SE,1
2023,6,2.0,SP,1
2023,6,2.0,TO,8
2023,6,1.0,AC,13
2023,6,1.0,AL,117
2023,6,1.0,AM,132
2023,6,1.0,AP,13
2023,6,1.0,BA,195
2023,6,1.0,CE,297
2023,6,1.0,DF,27
2023,6,1.0,ES,40
2023,6,1.0,GO,112
2023,6,1.0,MA,70
2023,6,1.0,MG,142
2023,6,1.0,MS,24
2023,6,1.0,MT,27
2023,6,1.0,PA,166
2023,6,1.0,PB,143
2023,6,1.0,PE,77
2023,6,1.0,PI,65
2023,6,1.0,PR,59
2023,6,1.0,RJ,162
2023,6,1.0,RN,85
2023,6,1.0,RO,24
2023,6,1.0,RR,4
2023,6,1.0,RS,83
2023,6,1.0,SC,33
2023,6,1.0,SE,39
2023,6,1.0,SP,89
2023,6,1.0,TO,13
2023,6,2.0,AC,3
2023,6,2.0,AL,9
2023,6,2.0,AM,26
2023,6,2.0,AP,6
2023,6,2.0,BA,12
2023,6,2.0,CE,26
2023,6,2.0,DF,2
2023,6,2.0,GO,4
2023,6,2.0,MA,15
2023,6,2.0,MS,1
2023,6,2.0,MT,1
2023,6,2.0,PA,15
2023,6,2.0,PB,5
2023,6,2.0,PE,9
2023,6,2.0,PI,9
2023,6,2.0,PR,4
2023,6,2.0,RJ,8
2023,6,2.0,RN,2
2023,6,2.0,RO,1
2023,6,2.0,RS,5
2023,6,2.0,SE,4
2023,6,1.0,AC,15
2023,6,1.0,AL,90
2023,6,1.0,AM,98
2023,6,1.0,AP,10
2023,6,1.0,BA,114
2023,6,1.0,CE,237
2023,6,1.0,DF,16
2023,6,1.0,ES,26
2023,6,1.0,GO,79
2023,6,1.0,MA,51
2023,6,1.0,MG,107
2023,6,1.0,MS,12
2023,6,1.0,MT,24
2023,6,1.0,PA,118
2023,6,1.0,PB,100
2023,6,1.0,PE,44
2023,6,1.0,PI,54
2023,6,1.0,PR,49
2023,6,1.0,RJ,132
2023,6,1.0,RN,48
2023,6,1.0,RO,31
2023,6,1.0,RR,3
2023,6,1.0,RS,62
2023,6,1.0,SC,22
2023,6,1.0,SE,31
2023,6,1.0,SP,83
2023,6,1.0,TO,20
2023,6,2.0,AC,2
2023,6,2.0,AL,7
2023,6,2.0,AM,16
2023,6,2.0,AP,3
2023,6,2.0,BA,8
2023,6,2.0,CE,17
2023,6,2.0,GO,1
2023,6,2.0,MA,4
2023,6,2.0,MT,1
2023,6,2.0,PA,9
2023,6,2.0,PB,6
2023,6,2.0,PE,4
2023,6,2.0,PI,3
2023,6,2.0,PR,3
2023,6,2.0,RJ,3
2023,6,2.0,RO,1
2023,6,2.0,RS,1
2023,6,2.0,SE,1
2023,6,2.0,SP,1
2023,6,2.0,TO,5
2023,6,1.0,AC,8
2023,6,1.0,AL,71
2023,6,1.0,AM,74
2023,6,1.0,AP,10
2023,6,1.0,BA,91
2023,6,1.0,CE,209
2023,6,1.0,DF,15
2023,6,1.0,ES,15
2023,6,1.0,GO,80
2023,6,1.0,MA,28
2023,6,1.0,MG,92
2023,6,1.0,MS,12
2023,6,1.0,MT,33
2023,6,1.0,PA,96
2023,6,1.0,PB,88
2023,6,1.0,PE,64
2023,6,1.0,PI,45
2023,6,1.0,PR,37
2023,6,1.0,RJ,108
2023,6,1.0,RN,42
2023,6,1.0,RO,25
2023,6,1.0,RR,2
2023,6,1.0,RS,44
2023,6,1.0,SC,12
2023,6,1.0,SE,20
2023,6,1.0,SP,76
2023,6,1.0,TO,14
2023,6,2.0,AC,2
2023,6,2.0,AL,4
2023,6,2.0,AM,8
2023,6,2.0,AP,2
2023,6,2.0,BA,6
2023,6,2.0,CE,5
2023,6,2.0,GO,2
2023,6,2.0,MA,7
2023,6,2.0,MG,1
2023,6,2.0,MS,3
2023,6,2.0,MT,1
2023,6,2.0,PA,8
2023,6,2.0,PB,3
2023,6,2.0,PE,2
2023,6,2.0,PI,2
2023,6,2.0,PR,1
2023,6,2.0,RJ,4
2023,6,2.0,SE,2
2023,6,2.0,TO,1
2023,6,1.0,AC,37
2023,6,1.0,AL,360
2023,6,1.0,AM,385
2023,6,1.0,AP,28
2023,6,1.0,BA,247
2023,6,1.0,CE,802
2023,6,1.0,DF,47
2023,6,1.0,ES,79
2023,6,1.0,GO,293
2023,6,1.0,MA,96
2023,6,1.0,MG,288
2023,6,1.0,MS,48
2023,6,1.0,MT,57
2023,6,1.0,PA,293
2023,6,1.0,PB,287
2023,6,1.0,PE,207
2023,6,1.0,PI,147
2023,6,1.0,PR,158
2023,6,1.0,RJ,356
2023,6,1.0,RN,121
2023,6,1.0,RO,75
2023,6,1.0,RR,3
2023,6,1.0,RS,122
2023,6,1.0,SC,72
2023,6,1.0,SE,62
2023,6,1.0,SP,293
2023,6,1.0,TO,36
2023,6,2.0,AC,6
2023,6,2.0,AL,34
2023,6,2.0,AM,45
2023,6,2.0,AP,10
2023,6,2.0,BA,26
2023,6,2.0,CE,58
2023,6,2.0,DF,1
2023,6,2.0,ES,3
2023,6,2.0,GO,6
2023,6,2.0,MA,20
2023,6,2.0,MG,1
2023,6,2.0,MS,6
2023,6,2.0,MT,9
2023,6,2.0,PA,25
2023,6,2.0,PB,22
2023,6,2.0,PE,12
2023,6,2.0,PI,10
2023,6,2.0,PR,2
2023,6,2.0,RJ,12
2023,6,2.0,RN,5
2023,6,2.0,RO,3
2023,6,2.0,RR,2
2023,6,2.0,RS,5
2023,6,2.0,SE,3
2023,6,2.0,SP,1
2023,6,2.0,TO,5
2023,6,1.0,AC,17
2023,6,1.0,AL,282
2023,6,1.0,AM,241
2023,6,1.0,AP,7
2023,6,1.0,BA,135
2023,6,1.0,CE,547
2023,6,1.0,DF,36
2023,6,1.0,ES,46
2023,6,1.0,GO,216
2023,6,1.0,MA,62
2023,6,1.0,MG,199
2023,6,1.0,MS,22
2023,6,1.0,MT,34
2023,6,1.0,PA,186
2023,6,1.0,PB,204
2023,6,1.0,PE,151
2023,6,1.0,PI,118
2023,6,1.0,PR,116
2023,6,1.0,RJ,250
2023,6,1.0,RN,76
2023,6,1.0,RO,60
2023,6,1.0,RR,4
2023,6,1.0,RS,79
2023,6,1.0,SC,46
2023,6,1.0,SE,36
2023,6,1.0,SP,191
2023,6,1.0,TO,31
2023,6,2.0,AC,3
2023,6,2.0,AL,27
2023,6,2.0,AM,26
2023,6,2.0,AP,1
2023,6,2.0,BA,11
2023,6,2.0,CE,26
2023,6,2.0,DF,1
2023,6,2.0,ES,3
2023,6,2.0,GO,13
2023,6,2.0,MA,16
2023,6,2.0,MG,1
2023,6,2.0,MS,3
2023,6,2.0,MT,1
2023,6,2.0,PA,15
2023,6,2.0,PB,8
2023,6,2.0,PE,11
2023,6,2.0,PI,9
2023,6,2.0,RJ,10
2023,6,2.0,RN,1
2023,6,2.0,RO,3
2023,6,2.0,RR,2
2023,6,2.0,RS,1
2023,6,2.0,SE,2
2023,6,2.0,SP,2
2023,6,2.0,TO,1
2023,6,1.0,AC,7
2023,6,1.0,AL,267
2023,6,1.0,AM,185
2023,6,1.0,AP,12
2023,6,1.0,BA,97
2023,6,1.0,CE,471
2023,6,1.0,DF,21
2023,6,1.0,ES,46
2023,6,1.0,GO,252
2023,6,1.0,MA,57
2023,6,1.0,MG,166
2023,6,1.0,MS,22
2023,6,1.0,MT,29
2023,6,1.0,PA,152
2023,6,1.0,PB,170
2023,6,1.0,PE,121
2023,6,1.0,PI,106
2023,6,1.0,PR,96
2023,6,1.0,RJ,155
2023,6,1.0,RN,53
2023,6,1.0,RO,35
2023,6,1.0,RS,68
2023,6,1.0,SC,39
2023,6,1.0,SE,31
2023,6,1.0,SP,192
2023,6,1.0,TO,26
2023,6,2.0,AC,1
2023,6,2.0,AL,19
2023,6,2.0,AM,12
2023,6,2.0,AP,1
2023,6,2.0,BA,9
2023,6,2.0,CE,34
2023,6,2.0,GO,5
2023,6,2.0,MA,11
2023,6,2.0,MG,1
2023,6,2.0,MS,2
2023,6,2.0,MT,3
2023,6,2.0,PA,18
2023,6,2.0,PB,9
2023,6,2.0,PE,6
2023,6,2.0,PI,10
2023,6,2.0,PR,2
2023,6,2.0,RJ,7
2023,6,2.0,RN,3
2023,6,2.0,RR,1
2023,6,2.0,SP,1
2023,6,2.0,TO,2
2023,6,1.0,AC,6
2023,6,1.0,AL,198
2023,6,1.0,AM,93
2023,6,1.0,AP,5
2023,6,1.0,BA,77
2023,6,1.0,CE,285
2023,6,1.0,DF,23
2023,6,1.0,ES,48
2023,6,1.0,GO,146
2023,6,1.0,MA,39
2023,6,1.0,MG,132
2023,6,1.0,MS,7
2023,6,1.0,MT,18
2023,6,1.0,PA,94
2023,6,1.0,PB,108
2023,6,1.0,PE,75
2023,6,1.0,PI,66
2023,6,1.0,PR,67
2023,6,1.0,RJ,147
2023,6,1.0,RN,38
2023,6,1.0,RO,22
2023,6,1.0,RS,54
2023,6,1.0,SC,16
2023,6,1.0,SE,16
2023,6,1.0,SP,175
2023,6,1.0,TO,8
2023,6,2.0,AC,3
2023,6,2.0,AL,13
2023,6,2.0,AM,7
2023,6,2.0,AP,1
2023,6,2.0,BA,9
2023,6,2.0,CE,19
2023,6,2.0,GO,6
2023,6,2.0,MA,6
2023,6,2.0,MG,1
2023,6,2.0,MT,1
2023,6,2.0,PA,7
2023,6,2.0,PB,8
2023,6,2.0,PE,4
2023,6,2.0,PI,6
2023,6,2.0,PR,1
2023,6,2.0,RJ,3
2023,6,2.0,RN,1
2023,6,2.0,RO,1
2023,6,1.0,AC,4
2023,6,1.0,AL,130
2023,6,1.0,AM,64
2023,6,1.0,AP,4
2023,6,1.0,BA,49
2023,6,1.0,CE,219
2023,6,1.0,DF,22
2023,6,1.0,ES,29
2023,6,1.0,GO,95
2023,6,1.0,MA,19
2023,6,1.0,MG,121
2023,6,1.0,MS,7
2023,6,1.0,MT,13
2023,6,1.0,PA,43
2023,6,1.0,PB,59
2023,6,1.0,PE,50
2023,6,1.0,PI,28
2023,6,1.0,PR,59
2023,6,1.0,RJ,120
2023,6,1.0,RN,24
2023,6,1.0,RO,10
2023,6,1.0,RS,33
2023,6,1.0,SC,21
2023,6,1.0,SE,12
2023,6,1.0,SP,123
2023,6,1.0,TO,5
2023,6,2.0,AL,11
2023,6,2.0,AM,6
2023,6,2.0,BA,3
2023,6,2.0,CE,10
2023,6,2.0,GO,3
2023,6,2.0,MA,1
2023,6,2.0,MS,1
2023,6,2.0,MT,1
2023,6,2.0,PA,5
2023,6,2.0,PB,3
2023,6,2.0,PE,4
2023,6,2.0,PI,3
2023,6,2.0,PR,1
2023,6,2.0,RJ,3
2023,6,2.0,RS,2
2023,6,1.0,AC,1
2023,6,1.0,AL,101
2023,6,1.0,AM,31
2023,6,1.0,BA,24
2023,6,1.0,CE,131
2023,6,1.0,DF,17
2023,6,1.0,ES,32
2023,6,1.0,GO,63
2023,6,1.0,MA,3
2023,6,1.0,MG,75
2023,6,1.0,MS,2
2023,6,1.0,MT,7
2023,6,1.0,PA,40
2023,6,1.0,PB,45
2023,6,1.0,PE,37
2023,6,1.0,PI,33
2023,6,1.0,PR,45
2023,6,1.0,RJ,79
2023,6,1.0,RN,14
2023,6,1.0,RO,4
2023,6,1.0,RS,21
2023,6,1.0,SC,15
2023,6,1.0,SE,10
2023,6,1.0,SP,86
2023,6,1.0,TO,1
2023,6,2.0,AL,6
2023,6,2.0,AM,3
2023,6,2.0,BA,1
2023,6,2.0,CE,8
2023,6,2.0,GO,1
2023,6,2.0,MA,4
2023,6,2.0,MS,1
2023,6,2.0,MT,1
2023,6,2.0,PA,1
2023,6,2.0,PB,2
2023,6,2.0,PI,4
2023,6,2.0,RJ,3
2023,6,2.0,RN,1
2023,6,1.0,AC,1
2023,6,1.0,AL,59
2023,6,1.0,AM,17
2023,6,1.0,BA,9
2023,6,1.0,CE,80
2023,6,1.0,DF,7
2023,6,1.0,ES,12
2023,6,1.0,GO,32
2023,6,1.0,MA,4
2023,6,1.0,MG,45
2023,6,1.0,MS,5
2023,6,1.0,MT,4
2023,6,1.0,PA,21
2023,6,1.0,PB,23
2023,6,1.0,PE,21
2023,6,1.0,PI,19
2023,6,1.0,PR,17
2023,6,1.0,RJ,50
2023,6,1.0,RN,10
2023,6,1.0,RO,2
2023,6,1.0,RS,14
2023,6,1.0,SC,3
2023,6,1.0,SE,3
2023,6,1.0,SP,64
2023,6,1.0,TO,3
2023,6,2.0,AL,3
2023,6,2.0,AM,1
2023,6,2.0,BA,1
2023,6,2.0,CE,6
2023,6,2.0,GO,1
2023,6,2.0,RJ,1
2023,6,1.0,AC,1
2023,6,1.0,AL,25
2023,6,1.0,AM,1
2023,6,1.0,BA,3
2023,6,1.0,CE,32
2023,6,1.0,DF,5
2023,6,1.0,ES,4
2023,6,1.0,GO,11
2023,6,1.0,MA,3
2023,6,1.0,MG,18
2023,6,1.0,MT,2
2023,6,1.0,PA,6
2023,6,1.0,PB,10
2023,6,1.0,PE,7
2023,6,1.0,PI,1
2023,6,1.0,PR,8
2023,6,1.0,RJ,23
2023,6,1.0,RN,2
2023,6,1.0,RO,3
2023,6,1.0,RS,5
2023,6,1.0,SC,1
2023,6,1.0,SE,3
2023,6,1.0,SP,22
2023,6,1.0,TO,1
2023,6,2.0,AL,2
2023,6,2.0,BA,1
2023,6,2.0,CE,2
2023,6,2.0,GO,1
2023,6,2.0,MG,1
2023,6,2.0,PI,2
2023,6,2.0,RJ,1
2023,6,1.0,AL,5
2023,6,1.0,AM,2
2023,6,1.0,AP,1
2023,6,1.0,BA,2
2023,6,1.0,CE,12
2023,6,1.0,ES,1
2023,6,1.0,GO,5
2023,6,1.0,MA,2
2023,6,1.0,MG,12
2023,6,1.0,MS,1
2023,6,1.0,MT,1
2023,6,1.0,PA,1
2023,6,1.0,PB,1
2023,6,1.0,PE,3
2023,6,1.0,PI,1
2023,6,1.0,PR,5
2023,6,1.0,RJ,11
2023,6,1.0,RN,2
2023,6,1.0,RO,2
2023,6,1.0,SC,1
2023,6,1.0,SP,8
2023,6,2.0,AL,1
2023,6,2.0,CE,3
2023,6,2.0,MA,1
2023,6,2.0,RJ,1
2023,6,1.0,AL,2
2023,6,1.0,BA,1
2023,6,1.0,CE,8
2023,6,1.0,DF,1
2023,6,1.0,ES,1
2023,6,1.0,GO,4
2023,6,1.0,MG,7
2023,6,1.0,MT,1
2023,6,1.0,PA,2
2023,6,1.0,PI,3
2023,6,1.0,PR,1
2023,6,1.0,RJ,6
2023,6,1.0,SP,5
2023,6,2.0,CE,2
