NU_ANO,TP_SEXO,TP_FAIXA_ETARIA,SG_UF_PROVA,QTD
2019,F,1,AC,1186
2019,F,1,AL,3640
2019,F,1,AM,3048
2019,F,1,AP,1426
2019,F,1,BA,18649
2019,F,1,CE,16677
2019,F,1,DF,3432
2019,F,1,ES,3653
2019,F,1,GO,12538
2019,F,1,MA,11468
2019,F,1,MG,27170
2019,F,1,MS,4067
2019,F,1,MT,5142
2019,F,1,PA,12277
2019,F,1,PB,8122
2019,F,1,PE,17423
2019,F,1,PI,7072
2019,F,1,PR,13148
2019,F,1,RJ,13098
2019,F,1,RN,3691
2019,F,1,RO,2057
2019,F,1,RR,595
2019,F,1,RS,7729
2019,F,1,SC,6477
2019,F,1,SE,4653
2019,F,1,SP,45332
2019,F,1,TO,3020
2019,F,2,AC,2309
2019,F,2,AL,6781
2019,F,2,AM,7765
2019,F,2,AP,2469
2019,F,2,BA,31500
2019,F,2,CE,30545
2019,F,2,DF,7931
2019,F,2,ES,9026
2019,F,2,GO,19183
2019,F,2,MA,18119
2019,F,2,MG,51828
2019,F,2,MS,7098
2019,F,2,MT,9155
2019,F,2,PA,18278
2019,F,2,PB,10827
2019,F,2,PE,26216
2019,F,2,PI,10050
2019,F,2,PR,29747
2019,F,2,RJ,29395
2019,F,2,RN,7541
2019,F,2,RO,3970
2019,F,2,RR,1009
2019,F,2,RS,18633
2019,F,2,SC,14810
2019,F,2,SE,5980
2019,F,2,SP,131751
2019,F,2,TO,4631
2019,F,3,AC,2858
2019,F,3,AL,8357
2019,F,3,AM,10351
2019,F,3,AP,2802
2019,F,3,BA,35965
2019,F,3,CE,33421
2019,F,3,DF,9650
2019,F,3,ES,10866
2019,F,3,GO,19519
2019,F,3,MA,20335
2019,F,3,MG,59113
2019,F,3,MS,6485
2019,F,3,MT,9080
2019,F,3,PA,21769
2019,F,3,PB,11807
2019,F,3,PE,27738
2019,F,3,PI,11179
2019,F,3,PR,22381
2019,F,3,RJ,37725
2019,F,3,RN,9667
2019,F,3,RO,5438
2019,F,3,RR,1344
2019,F,3,RS,25836
2019,F,3,SC,16936
2019,F,3,SE,6479
2019,F,3,SP,87212
2019,F,3,TO,4677
2019,F,4,AC,2371
2019,F,4,AL,6313
2019,F,4,AM,7393
2019,F,4,AP,2437
2019,F,4,BA,30085
2019,F,4,CE,19436
2019,F,4,DF,6663
2019,F,4,ES,7544
2019,F,4,GO,10649
2019,F,4,MA,15679
2019,F,4,MG,39228
2019,F,4,MS,4099
2019,F,4,MT,5173
2019,F,4,PA,17452
2019,F,4,PB,9283
2019,F,4,PE,18475
2019,F,4,PI,8792
2019,F,4,PR,12692
2019,F,4,RJ,26991
2019,F,4,RN,8326
2019,F,4,RO,3772
2019,F,4,RR,915
2019,F,4,RS,16169
2019,F,4,SC,6994
2019,F,4,SE,5558
2019,F,4,SP,48004
2019,F,4,TO,3256
2019,F,5,AC,1923
2019,F,5,AL,4656
2019,F,5,AM,5360
2019,F,5,AP,2005
2019,F,5,BA,23257
2019,F,5,CE,12269
2019,F,5,DF,4573
2019,F,5,ES,5197
2019,F,5,GO,6990
2019,F,5,MA,11509
2019,F,5,MG,26774
2019,F,5,MS,2590
2019,F,5,MT,3447
2019,F,5,PA,14071
2019,F,5,PB,7042
2019,F,5,PE,12730
2019,F,5,PI,6238
2019,F,5,PR,7824
2019,F,5,RJ,17537
2019,F,5,RN,6316
2019,F,5,RO,2669
2019,F,5,RR,620
2019,F,5,RS,10972
2019,F,5,SC,3865
2019,F,5,SE,4222
2019,F,5,SP,31008
2019,F,5,TO,2363
2019,F,6,AC,1561
2019,F,6,AL,3592
2019,F,6,AM,4326
2019,F,6,AP,1565
2019,F,6,BA,16260
2019,F,6,CE,8024
2019,F,6,DF,3273
2019,F,6,ES,3438
2019,F,6,GO,4894
2019,F,6,MA,8065
2019,F,6,MG,18259
2019,F,6,MS,2025
2019,F,6,MT,2463
2019,F,6,PA,10446
2019,F,6,PB,5150
2019,F,6,PE,8856
2019,F,6,PI,4570
2019,F,6,PR,5536
2019,F,6,RJ,11280
2019,F,6,RN,4600
2019,F,6,RO,2043
2019,F,6,RR,441
2019,F,6,RS,7530
2019,F,6,SC,2659
2019,F,6,SE,2989
2019,F,6,SP,21419
2019,F,6,TO,1605
2019,F,6,AC,1339
2019,F,6,AL,2802
2019,F,6,AM,3443
2019,F,6,AP,1293
2019,F,6,BA,12845
2019,F,6,CE,6210
2019,F,6,DF,2576
2019,F,6,ES,2710
2019,F,6,GO,3765
2019,F,6,MA,6467
2019,F,6,MG,14537
2019,F,6,MS,1635
2019,F,6,MT,2103
2019,F,6,PA,8575
2019,F,6,PB,4276
2019,F,6,PE,6954
2019,F,6,PI,3553
2019,F,6,PR,4552
2019,F,6,RJ,9028
2019,F,6,RN,3726
2019,F,6,RO,1786
2019,F,6,RR,378
2019,F,6,RS,5967
2019,F,6,SC,1976
2019,F,6,SE,2465
2019,F,6,SP,16718
2019,F,6,TO,1282
2019,F,6,AC,1050
2019,F,6,AL,2350
2019,F,6,AM,3021
2019,F,6,AP,1157
2019,F,6,BA,10158
2019,F,6,CE,4928
2019,F,6,DF,2023
2019,F,6,ES,2105
2019,F,6,GO,2960
2019,F,6,MA,5303
2019,F,6,MG,11280
2019,F,6,MS,1433
2019,F,6,MT,1745
2019,F,6,PA,7448
2019,F,6,PB,3404
2019,F,6,PE,5611
2019,F,6,PI,2789
2019,F,6,PR,3565
2019,F,6,RJ,6942
2019,F,6,RN,2951
2019,F,6,RO,1535
2019,F,6,RR,322
2019,F,6,RS,4701
2019,F,6,SC,1626
2019,F,6,SE,1947
2019,F,6,SP,13221
2019,F,6,TO,1072
2019,F,6,AC,978
2019,F,6,AL,2028
2019,F,6,AM,2561
2019,F,6,AP,988
2019,F,6,BA,8474
2019,F,6,CE,4021
2019,F,6,DF,1735
2019,F,6,ES,1810
2019,F,6,GO,2647
2019,F,6,MA,4299
2019,F,6,MG,9218
2019,F,6,MS,1187
2019,F,6,MT,1494
2019,F,6,PA,6119
2019,F,6,PB,2990
2019,F,6,PE,4634
2019,F,6,PI,2307
2019,F,6,PR,3088
2019,F,6,RJ,5699
2019,F,6,RN,2667
2019,F,6,RO,1260
2019,F,6,RR,256
2019,F,6,RS,3955
2019,F,6,SC,1480
2019,F,6,SE,1643
2019,F,6,SP,10528
2019,F,6,TO,848
2019,F,6,AC,822
2019,F,6,AL,1633
2019,F,6,AM,2118
2019,F,6,AP,878
2019,F,6,BA,7017
2019,F,6,CE,3271
2019,F,6,DF,1436
2019,F,6,ES,1497
2019,F,6,GO,2125
2019,F,6,MA,3439
2019,F,6,MG,7390
2019,F,6,MS,1049
2019,F,6,MT,1244
2019,F,6,PA,5503
2019,F,6,PB,2348
2019,F,6,PE,3756
2019,F,6,PI,1798
2019,F,6,PR,2515
2019,F,6,RJ,4576
2019,F,6,RN,2198
2019,F,6,RO,1240
2019,F,6,RR,219
2019,F,6,RS,3379
2019,F,6,SC,1167
2019,F,6,SE,1396
2019,F,6,SP,8318
2019,F,6,TO,703
2019,F,6,AC,2799
2019,F,6,AL,4987
2019,F,6,AM,7339
2019,F,6,AP,3024
2019,F,6,BA,21158
2019,F,6,CE,10258
2019,F,6,DF,4676
2019,F,6,ES,4807
2019,F,6,GO,6604
2019,F,6,MA,10882
2019,F,6,MG,23135
2019,F,6,MS,3659
2019,F,6,MT,4251
2019,F,6,PA,17971
2019,F,6,PB,8003
2019,F,6,PE,11816
2019,F,6,PI,5784
2019,F,6,PR,7865
2019,F,6,RJ,14222
2019,F,6,RN,6879
2019,F,6,RO,4060
2019,F,6,RR,695
2019,F,6,RS,9949
2019,F,6,SC,3612
2019,F,6,SE,4225
2019,F,6,SP,25805
2019,F,6,TO,2023
2019,F,6,AC,1661
2019,F,6,AL,2987
2019,F,6,AM,4647
2019,F,6,AP,1912
2019,F,6,BA,13146
2019,F,6,CE,6314
2019,F,6,DF,2910
2019,F,6,ES,2793
2019,F,6,GO,3858
2019,F,6,MA,6679
2019,F,6,MG,12761
2019,F,6,MS,2315
2019,F,6,MT,2689
2019,F,6,PA,11194
2019,F,6,PB,4780
2019,F,6,PE,6863
2019,F,6,PI,3562
2019,F,6,PR,4133
2019,F,6,RJ,8237
2019,F,6,RN,4175
2019,F,6,RO,2492
2019,F,6,RR,396
2019,F,6,RS,5961
2019,F,6,SC,1938
2019,F,6,SE,2470
2019,F,6,SP,14977
2019,F,6,TO,1062
2019,F,6,AC,1106
2019,F,6,AL,1873
2019,F,6,AM,3442
2019,F,6,AP,1489
2019,F,6,BA,9305
2019,F,6,CE,4016
2019,F,6,DF,2308
2019,F,6,ES,2103
2019,F,6,GO,2763
2019,F,6,MA,4202
2019,F,6,MG,9524
2019,F,6,MS,1713
2019,F,6,MT,2047
2019,F,6,PA,8184
2019,F,6,PB,3170
2019,F,6,PE,4802
2019,F,6,PI,2262
2019,F,6,PR,2921
2019,F,6,RJ,6487
2019,F,6,RN,2647
2019,F,6,RO,1748
2019,F,6,RR,288
2019,F,6,RS,4403
2019,F,6,SC,1289
2019,F,6,SE,1501
2019,F,6,SP,11108
2019,F,6,TO,752
2019,F,6,AC,522
2019,F,6,AL,1036
2019,F,6,AM,1955
2019,F,6,AP,831
2019,F,6,BA,5345
2019,F,6,CE,2254
2019,F,6,DF,1520
2019,F,6,ES,1290
2019,F,6,GO,1687
2019,F,6,MA,2274
2019,F,6,MG,5906
2019,F,6,MS,958
2019,F,6,MT,1204
2019,F,6,PA,4906
2019,F,6,PB,1678
2019,F,6,PE,3008
2019,F,6,PI,1325
2019,F,6,PR,1809
2019,F,6,RJ,4479
2019,F,6,RN,1519
2019,F,6,RO,946
2019,F,6,RR,161
2019,F,6,RS,2668
2019,F,6,SC,718
2019,F,6,SE,857
2019,F,6,SP,7276
2019,F,6,TO,388
2019,F,6,AC,232
2019,F,6,AL,602
2019,F,6,AM,1078
2019,F,6,AP,382
2019,F,6,BA,3089
2019,F,6,CE,1301
2019,F,6,DF,1036
2019,F,6,ES,805
2019,F,6,GO,936
2019,F,6,MA,1160
2019,F,6,MG,3771
2019,F,6,MS,518
2019,F,6,MT,673
2019,F,6,PA,2620
2019,F,6,PB,927
2019,F,6,PE,1833
2019,F,6,PI,742
2019,F,6,PR,939
2019,F,6,RJ,3221
2019,F,6,RN,874
2019,F,6,RO,450
2019,F,6,RR,79
2019,F,6,RS,1686
2019,F,6,SC,407
2019,F,6,SE,537
2019,F,6,SP,4556
2019,F,6,TO,189
2019,F,6,AC,77
2019,F,6,AL,282
2019,F,6,AM,446
2019,F,6,AP,201
2019,F,6,BA,1558
2019,F,6,CE,775
2019,F,6,DF,520
2019,F,6,ES,431
2019,F,6,GO,457
2019,F,6,MA,589
2019,F,6,MG,2205
2019,F,6,MS,275
2019,F,6,MT,333
2019,F,6,PA,1204
2019,F,6,PB,538
2019,F,6,PE,942
2019,F,6,PI,429
2019,F,6,PR,511
2019,F,6,RJ,2248
2019,F,6,RN,424
2019,F,6,RO,191
2019,F,6,RR,22
2019,F,6,RS,1071
2019,F,6,SC,191
2019,F,6,SE,241
2019,F,6,SP,2587
2019,F,6,TO,63
2019,F,6,AC,24
2019,F,6,AL,111
2019,F,6,AM,165
2019,F,6,AP,77
2019,F,6,BA,716
2019,F,6,CE,327
2019,F,6,DF,222
2019,F,6,ES,194
2019,F,6,GO,177
2019,F,6,MA,215
2019,F,6,MG,1025
2019,F,6,MS,100
2019,F,6,MT,141
2019,F,6,PA,452
2019,F,6,PB,208
2019,F,6,PE,394
2019,F,6,PI,165
2019,F,6,PR,187
2019,F,6,RJ,1278
2019,F,6,RN,186
2019,F,6,RO,68
2019,F,6,RR,13
2019,F,6,RS,561
2019,F,6,SC,106
2019,F,6,SE,89
2019,F,6,SP,1193
2019,F,6,TO,28
2019,F,6,AC,7
2019,F,6,AL,20
2019,F,6,AM,41
2019,F,6,AP,27
2019,F,6,BA,250
2019,F,6,CE,101
2019,F,6,DF,67
2019,F,6,ES,67
2019,F,6,GO,57
2019,F,6,MA,58
2019,F,6,MG,355
2019,F,6,MS,35
2019,F,6,MT,49
2019,F,6,PA,158
2019,F,6,PB,62
2019,F,6,PE,146
2019,F,6,PI,52
2019,F,6,PR,68
2019,F,6,RJ,496
2019,F,6,RN,53
2019,F,6,RO,18
2019,F,6,RR,2
2019,F,6,RS,203
2019,F,6,SC,33
2019,F,6,SE,30
2019,F,6,SP,417
2019,F,6,TO,7
2019,F,6,AC,1
2019,F,6,AL,9
2019,F,6,AM,11
2019,F,6,AP,7
2019,F,6,BA,60
2019,F,6,CE,35
2019,F,6,DF,23
2019,F,6,ES,11
2019,F,6,GO,20
2019,F,6,MA,22
2019,F,6,MG,95
2019,F,6,MS,10
2019,F,6,MT,8
2019,F,6,PA,36
2019,F,6,PB,24
2019,F,6,PE,43
2019,F,6,PI,10
2019,F,6,PR,19
2019,F,6,RJ,156
2019,F,6,RN,8
2019,F,6,RO,3
2019,F,6,RS,59
2019,F,6,SC,7
2019,F,6,SE,13
2019,F,6,SP,134
2019,F,6,TO,2
2019,F,6,AC,1
2019,F,6,AL,3
2019,F,6,AM,3
2019,F,6,AP,2
2019,F,6,BA,16
2019,F,6,CE,15
2019,F,6,DF,14
2019,F,6,ES,6
2019,F,6,GO,3
2019,F,6,MA,3
2019,F,6,MG,36
2019,F,6,MS,4
2019,F,6,MT,4
2019,F,6,PA,13
2019,F,6,PB,2
2019,F,6,PE,11
2019,F,6,PI,2
2019,F,6,PR,5
2019,F,6,RJ,64
2019,F,6,RN,3
2019,F,6,RS,18
2019,F,6,SC,2
2019,F,6,SE,2
2019,F,6,SP,43
2019,F,6,TO,2
2019,M,1,AC,693
2019,M,1,AL,1962
2019,M,1,AM,2021
2019,M,1,AP,953
2019,M,1,BA,9329
2019,M,1,CE,9974
2019,M,1,DF,1984
2019,M,1,ES,2098
2019,M,1,GO,7301
2019,M,1,MA,6630
2019,M,1,MG,14650
2019,M,1,MS,2326
2019,M,1,MT,2810
2019,M,1,PA,7298
2019,M,1,PB,4852
2019,M,1,PE,9554
2019,M,1,PI,4194
2019,M,1,PR,7343
2019,M,1,RJ,6961
2019,M,1,RN,2196
2019,M,1,RO,1177
2019,M,1,RR,354
2019,M,1,RS,3525
2019,M,1,SC,3174
2019,M,1,SE,2709
2019,M,1,SP,26212
2019,M,1,TO,1591
2019,M,2,AC,1499
2019,M,2,AL,4284
2019,M,2,AM,5435
2019,M,2,AP,1680
2019,M,2,BA,17456
2019,M,2,CE,22639
2019,M,2,DF,5543
2019,M,2,ES,5690
2019,M,2,GO,12291
2019,M,2,MA,11285
2019,M,2,MG,30540
2019,M,2,MS,4727
2019,M,2,MT,5838
2019,M,2,PA,11796
2019,M,2,PB,7057
2019,M,2,PE,16952
2019,M,2,PI,6335
2019,M,2,PR,19706
2019,M,2,RJ,18156
2019,M,2,RN,4922
2019,M,2,RO,2319
2019,M,2,RR,686
2019,M,2,RS,10579
2019,M,2,SC,8993
2019,M,2,SE,3581
2019,M,2,SP,87972
2019,M,2,TO,2776
2019,M,3,AC,2048
2019,M,3,AL,5135
2019,M,3,AM,7710
2019,M,3,AP,2256
2019,M,3,BA,20599
2019,M,3,CE,27698
2019,M,3,DF,6257
2019,M,3,ES,7290
2019,M,3,GO,13121
2019,M,3,MA,13413
2019,M,3,MG,35799
2019,M,3,MS,4396
2019,M,3,MT,6260
2019,M,3,PA,14319
2019,M,3,PB,8250
2019,M,3,PE,18975
2019,M,3,PI,7639
2019,M,3,PR,14714
2019,M,3,RJ,23528
2019,M,3,RN,6346
2019,M,3,RO,3574
2019,M,3,RR,853
2019,M,3,RS,16073
2019,M,3,SC,10822
2019,M,3,SE,4139
2019,M,3,SP,60842
2019,M,3,TO,3120
2019,M,4,AC,1668
2019,M,4,AL,4328
2019,M,4,AM,5515
2019,M,4,AP,1886
2019,M,4,BA,17796
2019,M,4,CE,16941
2019,M,4,DF,4367
2019,M,4,ES,5298
2019,M,4,GO,7082
2019,M,4,MA,11212
2019,M,4,MG,24563
2019,M,4,MS,2752
2019,M,4,MT,3583
2019,M,4,PA,12197
2019,M,4,PB,6636
2019,M,4,PE,13038
2019,M,4,PI,6169
2019,M,4,PR,8566
2019,M,4,RJ,17406
2019,M,4,RN,5681
2019,M,4,RO,2321
2019,M,4,RR,626
2019,M,4,RS,9580
2019,M,4,SC,4781
2019,M,4,SE,3511
2019,M,4,SP,33671
2019,M,4,TO,2232
2019,M,5,AC,1423
2019,M,5,AL,3311
2019,M,5,AM,4210
2019,M,5,AP,1513
2019,M,5,BA,14348
2019,M,5,CE,10852
2019,M,5,DF,3375
2019,M,5,ES,3670
2019,M,5,GO,4888
2019,M,5,MA,8445
2019,M,5,MG,17891
2019,M,5,MS,2094
2019,M,5,MT,2600
2019,M,5,PA,10103
2019,M,5,PB,5297
2019,M,5,PE,9417
2019,M,5,PI,4530
2019,M,5,PR,6277
2019,M,5,RJ,12602
2019,M,5,RN,4690
2019,M,5,RO,1811
2019,M,5,RR,445
2019,M,5,RS,7970
2019,M,5,SC,2774
2019,M,5,SE,2952
2019,M,5,SP,22188
2019,M,5,TO,1675
2019,M,6,AC,1094
2019,M,6,AL,2455
2019,M,6,AM,3238
2019,M,6,AP,1154
2019,M,6,BA,10099
2019,M,6,CE,6884
2019,M,6,DF,2619
2019,M,6,ES,2674
2019,M,6,GO,3542
2019,M,6,MA,5823
2019,M,6,MG,12965
2019,M,6,MS,1585
2019,M,6,MT,1943
2019,M,6,PA,7643
2019,M,6,PB,4109
2019,M,6,PE,6574
2019,M,6,PI,3461
2019,M,6,PR,4543
2019,M,6,RJ,8616
2019,M,6,RN,3592
2019,M,6,RO,1419
2019,M,6,RR,333
2019,M,6,RS,5757
2019,M,6,SC,1962
2019,M,6,SE,2211
2019,M,6,SP,15927
2019,M,6,TO,1216
2019,M,6,AC,961
2019,M,6,AL,2038
2019,M,6,AM,2697
2019,M,6,AP,945
2019,M,6,BA,8358
2019,M,6,CE,5308
2019,M,6,DF,1896
2019,M,6,ES,2076
2019,M,6,GO,2832
2019,M,6,MA,4645
2019,M,6,MG,10639
2019,M,6,MS,1377
2019,M,6,MT,1556
2019,M,6,PA,6266
2019,M,6,PB,3449
2019,M,6,PE,5319
2019,M,6,PI,2544
2019,M,6,PR,3815
2019,M,6,RJ,7145
2019,M,6,RN,2921
2019,M,6,RO,1159
2019,M,6,RR,289
2019,M,6,RS,4606
2019,M,6,SC,1673
2019,M,6,SE,1754
2019,M,6,SP,12859
2019,M,6,TO,946
2019,M,6,AC,813
2019,M,6,AL,1604
2019,M,6,AM,2250
2019,M,6,AP,848
2019,M,6,BA,6604
2019,M,6,CE,4171
2019,M,6,DF,1536
2019,M,6,ES,1598
2019,M,6,GO,2425
2019,M,6,MA,3757
2019,M,6,MG,8568
2019,M,6,MS,1052
2019,M,6,MT,1346
2019,M,6,PA,5205
2019,M,6,PB,2809
2019,M,6,PE,4263
2019,M,6,PI,2124
2019,M,6,PR,3130
2019,M,6,RJ,5557
2019,M,6,RN,2450
2019,M,6,RO,1049
2019,M,6,RR,189
2019,M,6,RS,3909
2019,M,6,SC,1340
2019,M,6,SE,1351
2019,M,6,SP,10365
2019,M,6,TO,719
2019,M,6,AC,664
2019,M,6,AL,1389
2019,M,6,AM,1844
2019,M,6,AP,657
2019,M,6,BA,5379
2019,M,6,CE,3367
2019,M,6,DF,1370
2019,M,6,ES,1402
2019,M,6,GO,1981
2019,M,6,MA,3045
2019,M,6,MG,7150
2019,M,6,MS,998
2019,M,6,MT,1146
2019,M,6,PA,4249
2019,M,6,PB,2458
2019,M,6,PE,3704
2019,M,6,PI,1637
2019,M,6,PR,2611
2019,M,6,RJ,4449
2019,M,6,RN,2227
2019,M,6,RO,897
2019,M,6,RR,196
2019,M,6,RS,3160
2019,M,6,SC,1228
2019,M,6,SE,1153
2019,M,6,SP,8369
2019,M,6,TO,615
2019,M,6,AC,559
2019,M,6,AL,1156
2019,M,6,AM,1681
2019,M,6,AP,613
2019,M,6,BA,4310
2019,M,6,CE,2618
2019,M,6,DF,1111
2019,M,6,ES,1107
2019,M,6,GO,1599
2019,M,6,MA,2358
2019,M,6,MG,5902
2019,M,6,MS,832
2019,M,6,MT,962
2019,M,6,PA,3535
2019,M,6,PB,1996
2019,M,6,PE,2817
2019,M,6,PI,1271
2019,M,6,PR,2186
2019,M,6,RJ,3694
2019,M,6,RN,1770
2019,M,6,RO,768
2019,M,6,RR,156
2019,M,6,RS,2715
2019,M,6,SC,952
2019,M,6,SE,989
2019,M,6,SP,6830
2019,M,6,TO,516
2019,M,6,AC,1842
2019,M,6,AL,3597
2019,M,6,AM,5241
2019,M,6,AP,1997
2019,M,6,BA,13037
2019,M,6,CE,8705
2019,M,6,DF,3576
2019,M,6,ES,3739
2019,M,6,GO,4949
2019,M,6,MA,7325
2019,M,6,MG,18313
2019,M,6,MS,2844
2019,M,6,MT,3138
2019,M,6,PA,11340
2019,M,6,PB,6761
2019,M,6,PE,9366
2019,M,6,PI,4155
2019,M,6,PR,6890
2019,M,6,RJ,11260
2019,M,6,RN,5857
2019,M,6,RO,2590
2019,M,6,RR,448
2019,M,6,RS,8182
2019,M,6,SC,3033
2019,M,6,SE,2996
2019,M,6,SP,20725
2019,M,6,TO,1382
2019,M,6,AC,1168
2019,M,6,AL,1952
2019,M,6,AM,3161
2019,M,6,AP,1293
2019,M,6,BA,7970
2019,M,6,CE,4989
2019,M,6,DF,2044
2019,M,6,ES,2143
2019,M,6,GO,2678
2019,M,6,MA,4253
2019,M,6,MG,9646
2019,M,6,MS,1733
2019,M,6,MT,1801
2019,M,6,PA,6893
2019,M,6,PB,3914
2019,M,6,PE,5279
2019,M,6,PI,2458
2019,M,6,PR,3489
2019,M,6,RJ,6058
2019,M,6,RN,3488
2019,M,6,RO,1627
2019,M,6,RR,274
2019,M,6,RS,4454
2019,M,6,SC,1614
2019,M,6,SE,1709
2019,M,6,SP,11376
2019,M,6,TO,668
2019,M,6,AC,698
2019,M,6,AL,1190
2019,M,6,AM,2160
2019,M,6,AP,873
2019,M,6,BA,5111
2019,M,6,CE,2952
2019,M,6,DF,1409
2019,M,6,ES,1300
2019,M,6,GO,1535
2019,M,6,MA,2463
2019,M,6,MG,6105
2019,M,6,MS,1138
2019,M,6,MT,1151
2019,M,6,PA,4507
2019,M,6,PB,2374
2019,M,6,PE,3309
2019,M,6,PI,1360
2019,M,6,PR,2080
2019,M,6,RJ,4030
2019,M,6,RN,2132
2019,M,6,RO,1076
2019,M,6,RR,163
2019,M,6,RS,2790
2019,M,6,SC,997
2019,M,6,SE,962
2019,M,6,SP,7225
2019,M,6,TO,401
2019,M,6,AC,383
2019,M,6,AL,674
2019,M,6,AM,1159
2019,M,6,AP,489
2019,M,6,BA,2719
2019,M,6,CE,1643
2019,M,6,DF,924
2019,M,6,ES,841
2019,M,6,GO,903
2019,M,6,MA,1271
2019,M,6,MG,3400
2019,M,6,MS,614
2019,M,6,MT,706
2019,M,6,PA,2685
2019,M,6,PB,1225
2019,M,6,PE,1916
2019,M,6,PI,765
2019,M,6,PR,1159
2019,M,6,RJ,2558
2019,M,6,RN,1176
2019,M,6,RO,585
2019,M,6,RR,88
2019,M,6,RS,1544
2019,M,6,SC,490
2019,M,6,SE,552
2019,M,6,SP,4136
2019,M,6,TO,203
2019,M,6,AC,180
2019,M,6,AL,375
2019,M,6,AM,739
2019,M,6,AP,254
2019,M,6,BA,1647
2019,M,6,CE,973
2019,M,6,DF,593
2019,M,6,ES,474
2019,M,6,GO,512
2019,M,6,MA,741
2019,M,6,MG,2194
2019,M,6,MS,364
2019,M,6,MT,448
2019,M,6,PA,1478
2019,M,6,PB,698
2019,M,6,PE,1261
2019,M,6,PI,470
2019,M,6,PR,658
2019,M,6,RJ,1819
2019,M,6,RN,709
2019,M,6,RO,279
2019,M,6,RR,58
2019,M,6,RS,965
2019,M,6,SC,284
2019,M,6,SE,302
2019,M,6,SP,2701
2019,M,6,TO,111
2019,M,6,AC,88
2019,M,6,AL,180
2019,M,6,AM,315
2019,M,6,AP,130
2019,M,6,BA,990
2019,M,6,CE,624
2019,M,6,DF,374
2019,M,6,ES,282
2019,M,6,GO,281
2019,M,6,MA,365
2019,M,6,MG,1390
2019,M,6,MS,166
2019,M,6,MT,209
2019,M,6,PA,828
2019,M,6,PB,377
2019,M,6,PE,711
2019,M,6,PI,280
2019,M,6,PR,338
2019,M,6,RJ,1276
2019,M,6,RN,401
2019,M,6,RO,136
2019,M,6,RR,20
2019,M,6,RS,637
2019,M,6,SC,149
2019,M,6,SE,189
2019,M,6,SP,1581
2019,M,6,TO,58
2019,M,6,AC,21
2019,M,6,AL,100
2019,M,6,AM,170
2019,M,6,AP,60
2019,M,6,BA,467
2019,M,6,CE,287
2019,M,6,DF,171
2019,M,6,ES,142
2019,M,6,GO,128
2019,M,6,MA,176
2019,M,6,MG,767
2019,M,6,MS,78
2019,M,6,MT,110
2019,M,6,PA,364
2019,M,6,PB,163
2019,M,6,PE,383
2019,M,6,PI,145
2019,M,6,PR,174
2019,M,6,RJ,788
2019,M,6,RN,206
2019,M,6,RO,70
2019,M,6,RR,15
2019,M,6,RS,335
2019,M,6,SC,88
2019,M,6,SE,77
2019,M,6,SP,804
2019,M,6,TO,32
2019,M,6,AC,9
2019,M,6,AL,26
2019,M,6,AM,63
2019,M,6,AP,21
2019,M,6,BA,223
2019,M,6,CE,98
2019,M,6,DF,69
2019,M,6,ES,50
2019,M,6,GO,68
2019,M,6,MA,66
2019,M,6,MG,342
2019,M,6,MS,37
2019,M,6,MT,49
2019,M,6,PA,134
2019,M,6,PB,75
2019,M,6,PE,144
2019,M,6,PI,67
2019,M,6,PR,74
2019,M,6,RJ,422
2019,M,6,RN,70
2019,M,6,RO,19
2019,M,6,RR,3
2019,M,6,RS,158
2019,M,6,SC,27
2019,M,6,SE,33
2019,M,6,SP,384
2019,M,6,TO,13
2019,M,6,AC,6
2019,M,6,AL,4
2019,M,6,AM,18
2019,M,6,AP,6
2019,M,6,BA,86
2019,M,6,CE,45
2019,M,6,DF,29
2019,M,6,ES,37
2019,M,6,GO,25
2019,M,6,MA,25
2019,M,6,MG,142
2019,M,6,MS,21
2019,M,6,MT,13
2019,M,6,PA,60
2019,M,6,PB,26
2019,M,6,PE,62
2019,M,6,PI,19
2019,M,6,PR,36
2019,M,6,RJ,161
2019,M,6,RN,25
2019,M,6,RO,10
2019,M,6,RR,5
2019,M,6,RS,49
2019,M,6,SC,19
2019,M,6,SE,12
2019,M,6,SP,151
2019,M,6,TO,1
2019,M,6,AC,1
2019,M,6,AL,2
2019,M,6,AM,4
2019,M,6,AP,3
2019,M,6,BA,46
2019,M,6,CE,18
2019,M,6,DF,14
2019,M,6,ES,9
2019,M,6,GO,7
2019,M,6,MA,9
2019,M,6,MG,49
2019,M,6,MS,4
2019,M,6,MT,7
2019,M,6,PA,17
2019,M,6,PB,9
2019,M,6,PE,22
2019,M,6,PI,8
2019,M,6,PR,12
2019,M,6,RJ,71
2019,M,6,RN,9
2019,M,6,RO,7
2019,M,6,RS,31
2019,M,6,SC,6
2019,M,6,SE,9
2019,M,6,SP,65
2019,M,6,TO,1
2020,F,1,AC,981
2020,F,1,AL,3051
2020,F,1,AM,3439
2020,F,1,AP,1103
2020,F,1,BA,16357
2020,F,1,CE,14720
2020,F,1,DF,2961
2020,F,1,ES,2824
2020,F,1,GO,10352
2020,F,1,MA,10079
2020,F,1,MG,22391
2020,F,1,MS,3878
2020,F,1,MT,3938
2020,F,1,PA,11062
2020,F,1,PB,7271
2020,F,1,PE,16072
2020,F,1,PI,5941
2020,F,1,PR,10896
2020,F,1,RJ,10401
2020,F,1,RN,3301
2020,F,1,RO,1901
2020,F,1,RR,578
2020,F,1,RS,6974
2020,F,1,SC,5338
2020,F,1,SE,4227
2020,F,1,SP,37552
2020,F,1,TO,3080
2020,F,2,AC,2096
2020,F,2,AL,6379
2020,F,2,AM,9083
2020,F,2,AP,2237
2020,F,2,BA,29692
2020,F,2,CE,29509
2020,F,2,DF,8368
2020,F,2,ES,7469
2020,F,2,GO,19984
2020,F,2,MA,17149
2020,F,2,MG,47247
2020,F,2,MS,7171
2020,F,2,MT,8331
2020,F,2,PA,17787
2020,F,2,PB,10572
2020,F,2,PE,25960
2020,F,2,PI,9039
2020,F,2,PR,28785
2020,F,2,RJ,27970
2020,F,2,RN,6847
2020,F,2,RO,3797
2020,F,2,RR,1185
2020,F,2,RS,16728
2020,F,2,SC,13092
2020,F,2,SE,5700
2020,F,2,SP,107569
2020,F,2,TO,5274
2020,F,3,AC,2855
2020,F,3,AL,8366
2020,F,3,AM,13044
2020,F,3,AP,2863
2020,F,3,BA,37903
2020,F,3,CE,34171
2020,F,3,DF,10004
2020,F,3,ES,10905
2020,F,3,GO,23522
2020,F,3,MA,19738
2020,F,3,MG,55957
2020,F,3,MS,6492
2020,F,3,MT,9881
2020,F,3,PA,22182
2020,F,3,PB,11847
2020,F,3,PE,28910
2020,F,3,PI,10599
2020,F,3,PR,23817
2020,F,3,RJ,36175
2020,F,3,RN,9477
2020,F,3,RO,5829
2020,F,3,RR,1604
2020,F,3,RS,25481
2020,F,3,SC,16682
2020,F,3,SE,6720
2020,F,3,SP,93762
2020,F,3,TO,5423
2020,F,4,AC,2492
2020,F,4,AL,6918
2020,F,4,AM,9462
2020,F,4,AP,2464
2020,F,4,BA,31553
2020,F,4,CE,19856
2020,F,4,DF,7341
2020,F,4,ES,7551
2020,F,4,GO,13555
2020,F,4,MA,16272
2020,F,4,MG,39563
2020,F,4,MS,4683
2020,F,4,MT,6133
2020,F,4,PA,19738
2020,F,4,PB,9891
2020,F,4,PE,20310
2020,F,4,PI,9071
2020,F,4,PR,13962
2020,F,4,RJ,26919
2020,F,4,RN,8179
2020,F,4,RO,4288
2020,F,4,RR,1149
2020,F,4,RS,17470
2020,F,4,SC,7268
2020,F,4,SE,5657
2020,F,4,SP,52998
2020,F,4,TO,4023
2020,F,5,AC,1973
2020,F,5,AL,5362
2020,F,5,AM,7428
2020,F,5,AP,2130
2020,F,5,BA,25210
2020,F,5,CE,13508
2020,F,5,DF,5518
2020,F,5,ES,5382
2020,F,5,GO,8824
2020,F,5,MA,12908
2020,F,5,MG,29495
2020,F,5,MS,3556
2020,F,5,MT,4337
2020,F,5,PA,15717
2020,F,5,PB,7604
2020,F,5,PE,14474
2020,F,5,PI,6931
2020,F,5,PR,9639
2020,F,5,RJ,20159
2020,F,5,RN,6795
2020,F,5,RO,3195
2020,F,5,RR,821
2020,F,5,RS,12603
2020,F,5,SC,4719
2020,F,5,SE,4811
2020,F,5,SP,37998
2020,F,5,TO,2845
2020,F,6,AC,1758
2020,F,6,AL,4185
2020,F,6,AM,5688
2020,F,6,AP,1805
2020,F,6,BA,19713
2020,F,6,CE,9516
2020,F,6,DF,4296
2020,F,6,ES,4050
2020,F,6,GO,6589
2020,F,6,MA,9916
2020,F,6,MG,22183
2020,F,6,MS,2569
2020,F,6,MT,3186
2020,F,6,PA,12998
2020,F,6,PB,6090
2020,F,6,PE,10996
2020,F,6,PI,5253
2020,F,6,PR,7175
2020,F,6,RJ,14760
2020,F,6,RN,5204
2020,F,6,RO,2555
2020,F,6,RR,666
2020,F,6,RS,9381
2020,F,6,SC,3378
2020,F,6,SE,3669
2020,F,6,SP,28199
2020,F,6,TO,2250
2020,F,6,AC,1456
2020,F,6,AL,3322
2020,F,6,AM,4855
2020,F,6,AP,1506
2020,F,6,BA,14612
2020,F,6,CE,7266
2020,F,6,DF,3507
2020,F,6,ES,3049
2020,F,6,GO,5241
2020,F,6,MA,7483
2020,F,6,MG,16615
2020,F,6,MS,2161
2020,F,6,MT,2628
2020,F,6,PA,10165
2020,F,6,PB,4835
2020,F,6,PE,8318
2020,F,6,PI,4090
2020,F,6,PR,5827
2020,F,6,RJ,10828
2020,F,6,RN,4146
2020,F,6,RO,2041
2020,F,6,RR,513
2020,F,6,RS,7210
2020,F,6,SC,2644
2020,F,6,SE,2683
2020,F,6,SP,22295
2020,F,6,TO,1723
2020,F,6,AC,1345
2020,F,6,AL,2931
2020,F,6,AM,4340
2020,F,6,AP,1332
2020,F,6,BA,12770
2020,F,6,CE,6251
2020,F,6,DF,2959
2020,F,6,ES,2554
2020,F,6,GO,4367
2020,F,6,MA,6426
2020,F,6,MG,14541
2020,F,6,MS,1918
2020,F,6,MT,2390
2020,F,6,PA,9098
2020,F,6,PB,4230
2020,F,6,PE,7053
2020,F,6,PI,3457
2020,F,6,PR,4969
2020,F,6,RJ,9735
2020,F,6,RN,3620
2020,F,6,RO,1892
2020,F,6,RR,439
2020,F,6,RS,6264
2020,F,6,SC,2359
2020,F,6,SE,2318
2020,F,6,SP,19427
2020,F,6,TO,1460
2020,F,6,AC,1047
2020,F,6,AL,2503
2020,F,6,AM,3773
2020,F,6,AP,1249
2020,F,6,BA,10333
2020,F,6,CE,5518
2020,F,6,DF,2533
2020,F,6,ES,2086
2020,F,6,GO,3722
2020,F,6,MA,5386
2020,F,6,MG,12012
2020,F,6,MS,1760
2020,F,6,MT,2137
2020,F,6,PA,8140
2020,F,6,PB,3651
2020,F,6,PE,6081
2020,F,6,PI,3031
2020,F,6,PR,4262
2020,F,6,RJ,8040
2020,F,6,RN,3053
2020,F,6,RO,1736
2020,F,6,RR,372
2020,F,6,RS,5293
2020,F,6,SC,2054
2020,F,6,SE,2039
2020,F,6,SP,16296
2020,F,6,TO,1255
2020,F,6,AC,955
2020,F,6,AL,2174
2020,F,6,AM,3310
2020,F,6,AP,1049
2020,F,6,BA,8997
2020,F,6,CE,4863
2020,F,6,DF,2282
2020,F,6,ES,1807
2020,F,6,GO,3254
2020,F,6,MA,4542
2020,F,6,MG,10265
2020,F,6,MS,1475
2020,F,6,MT,1845
2020,F,6,PA,7025
2020,F,6,PB,3216
2020,F,6,PE,5173
2020,F,6,PI,2537
2020,F,6,PR,3789
2020,F,6,RJ,6972
2020,F,6,RN,2886
2020,F,6,RO,1520
2020,F,6,RR,319
2020,F,6,RS,4722
2020,F,6,SC,1852
2020,F,6,SE,1773
2020,F,6,SP,13677
2020,F,6,TO,1057
2020,F,6,AC,3264
2020,F,6,AL,7025
2020,F,6,AM,11317
2020,F,6,AP,3678
2020,F,6,BA,28730
2020,F,6,CE,14732
2020,F,6,DF,7346
2020,F,6,ES,5887
2020,F,6,GO,10299
2020,F,6,MA,14167
2020,F,6,MG,32722
2020,F,6,MS,5489
2020,F,6,MT,6526
2020,F,6,PA,24745
2020,F,6,PB,10600
2020,F,6,PE,16413
2020,F,6,PI,8055
2020,F,6,PR,12168
2020,F,6,RJ,22028
2020,F,6,RN,8887
2020,F,6,RO,5487
2020,F,6,RR,1063
2020,F,6,RS,14740
2020,F,6,SC,5959
2020,F,6,SE,5692
2020,F,6,SP,42417
2020,F,6,TO,3373
2020,F,6,AC,1952
2020,F,6,AL,4098
2020,F,6,AM,6890
2020,F,6,AP,2316
2020,F,6,BA,17460
2020,F,6,CE,9022
2020,F,6,DF,4298
2020,F,6,ES,3501
2020,F,6,GO,6181
2020,F,6,MA,8778
2020,F,6,MG,17990
2020,F,6,MS,3365
2020,F,6,MT,4015
2020,F,6,PA,15646
2020,F,6,PB,6690
2020,F,6,PE,10141
2020,F,6,PI,5245
2020,F,6,PR,6923
2020,F,6,RJ,12493
2020,F,6,RN,5574
2020,F,6,RO,3537
2020,F,6,RR,616
2020,F,6,RS,8980
2020,F,6,SC,3266
2020,F,6,SE,3265
2020,F,6,SP,24635
2020,F,6,TO,1733
2020,F,6,AC,1265
2020,F,6,AL,2635
2020,F,6,AM,4937
2020,F,6,AP,1695
2020,F,6,BA,12863
2020,F,6,CE,5707
2020,F,6,DF,3391
2020,F,6,ES,2645
2020,F,6,GO,4420
2020,F,6,MA,5562
2020,F,6,MG,13302
2020,F,6,MS,2564
2020,F,6,MT,3007
2020,F,6,PA,11341
2020,F,6,PB,4324
2020,F,6,PE,7032
2020,F,6,PI,3347
2020,F,6,PR,4859
2020,F,6,RJ,9778
2020,F,6,RN,3749
2020,F,6,RO,2451
2020,F,6,RR,420
2020,F,6,RS,6796
2020,F,6,SC,2274
2020,F,6,SE,2206
2020,F,6,SP,18744
2020,F,6,TO,1217
2020,F,6,AC,669
2020,F,6,AL,1410
2020,F,6,AM,3026
2020,F,6,AP,994
2020,F,6,BA,7459
2020,F,6,CE,3225
2020,F,6,DF,2424
2020,F,6,ES,1774
2020,F,6,GO,2819
2020,F,6,MA,3097
2020,F,6,MG,8617
2020,F,6,MS,1560
2020,F,6,MT,1914
2020,F,6,PA,7071
2020,F,6,PB,2375
2020,F,6,PE,4442
2020,F,6,PI,2135
2020,F,6,PR,3018
2020,F,6,RJ,7067
2020,F,6,RN,2104
2020,F,6,RO,1438
2020,F,6,RR,232
2020,F,6,RS,4290
2020,F,6,SC,1370
2020,F,6,SE,1249
2020,F,6,SP,12742
2020,F,6,TO,629
2020,F,6,AC,307
2020,F,6,AL,834
2020,F,6,AM,1612
2020,F,6,AP,538
2020,F,6,BA,4324
2020,F,6,CE,1946
2020,F,6,DF,1533
2020,F,6,ES,1125
2020,F,6,GO,1617
2020,F,6,MA,1509
2020,F,6,MG,5491
2020,F,6,MS,904
2020,F,6,MT,1017
2020,F,6,PA,4012
2020,F,6,PB,1382
2020,F,6,PE,2639
2020,F,6,PI,1141
2020,F,6,PR,1775
2020,F,6,RJ,5161
2020,F,6,RN,1178
2020,F,6,RO,767
2020,F,6,RR,111
2020,F,6,RS,2690
2020,F,6,SC,817
2020,F,6,SE,725
2020,F,6,SP,7917
2020,F,6,TO,280
2020,F,6,AC,116
2020,F,6,AL,427
2020,F,6,AM,696
2020,F,6,AP,205
2020,F,6,BA,2292
2020,F,6,CE,1076
2020,F,6,DF,815
2020,F,6,ES,600
2020,F,6,GO,777
2020,F,6,MA,733
2020,F,6,MG,3184
2020,F,6,MS,424
2020,F,6,MT,484
2020,F,6,PA,1975
2020,F,6,PB,727
2020,F,6,PE,1452
2020,F,6,PI,589
2020,F,6,PR,920
2020,F,6,RJ,3420
2020,F,6,RN,616
2020,F,6,RO,315
2020,F,6,RR,67
2020,F,6,RS,1612
2020,F,6,SC,384
2020,F,6,SE,393
2020,F,6,SP,4449
2020,F,6,TO,120
2020,F,6,AC,39
2020,F,6,AL,164
2020,F,6,AM,259
2020,F,6,AP,88
2020,F,6,BA,1055
2020,F,6,CE,508
2020,F,6,DF,334
2020,F,6,ES,254
2020,F,6,GO,306
2020,F,6,MA,297
2020,F,6,MG,1544
2020,F,6,MS,174
2020,F,6,MT,184
2020,F,6,PA,764
2020,F,6,PB,311
2020,F,6,PE,631
2020,F,6,PI,240
2020,F,6,PR,350
2020,F,6,RJ,1760
2020,F,6,RN,270
2020,F,6,RO,98
2020,F,6,RR,23
2020,F,6,RS,815
2020,F,6,SC,137
2020,F,6,SE,151
2020,F,6,SP,2015
2020,F,6,TO,36
2020,F,6,AC,12
2020,F,6,AL,30
2020,F,6,AM,77
2020,F,6,AP,22
2020,F,6,BA,373
2020,F,6,CE,153
2020,F,6,DF,100
2020,F,6,ES,85
2020,F,6,GO,67
2020,F,6,MA,82
2020,F,6,MG,474
2020,F,6,MS,64
2020,F,6,MT,66
2020,F,6,PA,297
2020,F,6,PB,99
2020,F,6,PE,187
2020,F,6,PI,64
2020,F,6,PR,111
2020,F,6,RJ,686
2020,F,6,RN,90
2020,F,6,RO,25
2020,F,6,RR,3
2020,F,6,RS,271
2020,F,6,SC,45
2020,F,6,SE,38
2020,F,6,SP,699
2020,F,6,TO,18
2020,F,6,AC,4
2020,F,6,AL,14
2020,F,6,AM,16
2020,F,6,AP,5
2020,F,6,BA,115
2020,F,6,CE,60
2020,F,6,DF,27
2020,F,6,ES,28
2020,F,6,GO,39
2020,F,6,MA,24
2020,F,6,MG,129
2020,F,6,MS,14
2020,F,6,MT,24
2020,F,6,PA,57
2020,F,6,PB,27
2020,F,6,PE,56
2020,F,6,PI,23
2020,F,6,PR,36
2020,F,6,RJ,213
2020,F,6,RN,18
2020,F,6,RO,4
2020,F,6,RR,2
2020,F,6,RS,83
2020,F,6,SC,10
2020,F,6,SE,19
2020,F,6,SP,212
2020,F,6,TO,3
2020,F,6,AC,1
2020,F,6,AL,3
2020,F,6,AM,2
2020,F,6,AP,2
2020,F,6,BA,25
2020,F,6,CE,10
2020,F,6,DF,7
2020,F,6,ES,8
2020,F,6,GO,7
2020,F,6,MA,5
2020,F,6,MG,57
2020,F,6,MS,3
2020,F,6,MT,3
2020,F,6,PA,13
2020,F,6,PB,9
2020,F,6,PE,21
2020,F,6,PI,5
2020,F,6,PR,5
2020,F,6,RJ,97
2020,F,6,RN,7
2020,F,6,RO,1
2020,F,6,RS,28
2020,F,6,SC,4
2020,F,6,SE,1
2020,F,6,SP,59
2020,M,1,AC,501
2020,M,1,AL,1614
2020,M,1,AM,2166
2020,M,1,AP,713
2020,M,1,BA,7683
2020,M,1,CE,8486
2020,M,1,DF,1780
2020,M,1,ES,1500
2020,M,1,GO,5608
2020,M,1,MA,5359
2020,M,1,MG,11065
2020,M,1,MS,2055
2020,M,1,MT,1991
2020,M,1,PA,6271
2020,M,1,PB,4190
2020,M,1,PE,8563
2020,M,1,PI,3337
2020,M,1,PR,5345
2020,M,1,RJ,5211
2020,M,1,RN,1800
2020,M,1,RO,895
2020,M,1,RR,309
2020,M,1,RS,2919
2020,M,1,SC,2459
2020,M,1,SE,2169
2020,M,1,SP,20648
2020,M,1,TO,1500
2020,M,2,AC,1444
2020,M,2,AL,3905
2020,M,2,AM,6623
2020,M,2,AP,1530
2020,M,2,BA,16321
2020,M,2,CE,21733
2020,M,2,DF,5408
2020,M,2,ES,4618
2020,M,2,GO,13237
2020,M,2,MA,10608
2020,M,2,MG,27129
2020,M,2,MS,4681
2020,M,2,MT,4902
2020,M,2,PA,11037
2020,M,2,PB,7094
2020,M,2,PE,16547
2020,M,2,PI,5853
2020,M,2,PR,18724
2020,M,2,RJ,16920
2020,M,2,RN,4365
2020,M,2,RO,2290
2020,M,2,RR,702
2020,M,2,RS,9151
2020,M,2,SC,7349
2020,M,2,SE,3656
2020,M,2,SP,71364
2020,M,2,TO,3193
2020,M,3,AC,2008
2020,M,3,AL,5408
2020,M,3,AM,10168
2020,M,3,AP,2045
2020,M,3,BA,21278
2020,M,3,CE,28640
2020,M,3,DF,6969
2020,M,3,ES,7088
2020,M,3,GO,17036
2020,M,3,MA,12769
2020,M,3,MG,33656
2020,M,3,MS,4425
2020,M,3,MT,6262
2020,M,3,PA,14729
2020,M,3,PB,7893
2020,M,3,PE,19944
2020,M,3,PI,7013
2020,M,3,PR,15133
2020,M,3,RJ,22542
2020,M,3,RN,6168
2020,M,3,RO,3784
2020,M,3,RR,1110
2020,M,3,RS,15199
2020,M,3,SC,10282
2020,M,3,SE,4081
2020,M,3,SP,64140
2020,M,3,TO,3736
2020,M,4,AC,1677
2020,M,4,AL,4421
2020,M,4,AM,7429
2020,M,4,AP,1985
2020,M,4,BA,17953
2020,M,4,CE,16803
2020,M,4,DF,4613
2020,M,4,ES,4783
2020,M,4,GO,9389
2020,M,4,MA,10852
2020,M,4,MG,23174
2020,M,4,MS,2965
2020,M,4,MT,3842
2020,M,4,PA,13188
2020,M,4,PB,6715
2020,M,4,PE,14238
2020,M,4,PI,5986
2020,M,4,PR,8751
2020,M,4,RJ,16820
2020,M,4,RN,5215
2020,M,4,RO,2637
2020,M,4,RR,714
2020,M,4,RS,10269
2020,M,4,SC,4511
2020,M,4,SE,3640
2020,M,4,SP,35309
2020,M,4,TO,2805
2020,M,5,AC,1413
2020,M,5,AL,3635
2020,M,5,AM,5832
2020,M,5,AP,1623
2020,M,5,BA,15456
2020,M,5,CE,11373
2020,M,5,DF,3681
2020,M,5,ES,3592
2020,M,5,GO,6108
2020,M,5,MA,8810
2020,M,5,MG,18346
2020,M,5,MS,2475
2020,M,5,MT,2890
2020,M,5,PA,10933
2020,M,5,PB,5569
2020,M,5,PE,10136
2020,M,5,PI,4841
2020,M,5,PR,6433
2020,M,5,RJ,13395
2020,M,5,RN,4711
2020,M,5,RO,2012
2020,M,5,RR,537
2020,M,5,RS,8229
2020,M,5,SC,3193
2020,M,5,SE,3173
2020,M,5,SP,25163
2020,M,5,TO,2105
2020,M,6,AC,1197
2020,M,6,AL,2870
2020,M,6,AM,4565
2020,M,6,AP,1335
2020,M,6,BA,12413
2020,M,6,CE,7935
2020,M,6,DF,2997
2020,M,6,ES,2640
2020,M,6,GO,4608
2020,M,6,MA,6819
2020,M,6,MG,14411
2020,M,6,MS,1953
2020,M,6,MT,2189
2020,M,6,PA,9280
2020,M,6,PB,4520
2020,M,6,PE,7873
2020,M,6,PI,3698
2020,M,6,PR,5175
2020,M,6,RJ,10471
2020,M,6,RN,3915
2020,M,6,RO,1719
2020,M,6,RR,433
2020,M,6,RS,6659
2020,M,6,SC,2441
2020,M,6,SE,2616
2020,M,6,SP,19362
2020,M,6,TO,1612
2020,M,6,AC,1007
2020,M,6,AL,2167
2020,M,6,AM,3656
2020,M,6,AP,1106
2020,M,6,BA,9149
2020,M,6,CE,5913
2020,M,6,DF,2579
2020,M,6,ES,2140
2020,M,6,GO,3693
2020,M,6,MA,5035
2020,M,6,MG,11501
2020,M,6,MS,1561
2020,M,6,MT,1809
2020,M,6,PA,7186
2020,M,6,PB,3640
2020,M,6,PE,6069
2020,M,6,PI,2967
2020,M,6,PR,4205
2020,M,6,RJ,7875
2020,M,6,RN,3247
2020,M,6,RO,1328
2020,M,6,RR,334
2020,M,6,RS,5176
2020,M,6,SC,1915
2020,M,6,SE,1941
2020,M,6,SP,15263
2020,M,6,TO,1228
2020,M,6,AC,895
2020,M,6,AL,1979
2020,M,6,AM,3251
2020,M,6,AP,996
2020,M,6,BA,7925
2020,M,6,CE,5013
2020,M,6,DF,2040
2020,M,6,ES,1909
2020,M,6,GO,3074
2020,M,6,MA,4314
2020,M,6,MG,10024
2020,M,6,MS,1448
2020,M,6,MT,1660
2020,M,6,PA,6294
2020,M,6,PB,3230
2020,M,6,PE,5141
2020,M,6,PI,2466
2020,M,6,PR,3748
2020,M,6,RJ,7056
2020,M,6,RN,2724
2020,M,6,RO,1182
2020,M,6,RR,308
2020,M,6,RS,4455
2020,M,6,SC,1703
2020,M,6,SE,1644
2020,M,6,SP,13806
2020,M,6,TO,1082
2020,M,6,AC,797
2020,M,6,AL,1600
2020,M,6,AM,2871
2020,M,6,AP,885
2020,M,6,BA,6574
2020,M,6,CE,4341
2020,M,6,DF,1897
2020,M,6,ES,1488
2020,M,6,GO,2682
2020,M,6,MA,3782
2020,M,6,MG,8464
2020,M,6,MS,1261
2020,M,6,MT,1493
2020,M,6,PA,5573
2020,M,6,PB,2771
2020,M,6,PE,4455
2020,M,6,PI,2075
2020,M,6,PR,3401
2020,M,6,RJ,5806
2020,M,6,RN,2404
2020,M,6,RO,1123
2020,M,6,RR,243
2020,M,6,RS,3911
2020,M,6,SC,1483
2020,M,6,SE,1332
2020,M,6,SP,11735
2020,M,6,TO,880
2020,M,6,AC,684
2020,M,6,AL,1495
2020,M,6,AM,2370
2020,M,6,AP,723
2020,M,6,BA,5653
2020,M,6,CE,3835
2020,M,6,DF,1622
2020,M,6,ES,1314
2020,M,6,GO,2351
2020,M,6,MA,3075
2020,M,6,MG,7557
2020,M,6,MS,1140
2020,M,6,MT,1373
2020,M,6,PA,4700
2020,M,6,PB,2566
2020,M,6,PE,3853
2020,M,6,PI,1750
2020,M,6,PR,2901
2020,M,6,RJ,5014
2020,M,6,RN,2220
2020,M,6,RO,958
2020,M,6,RR,212
2020,M,6,RS,3395
2020,M,6,SC,1351
2020,M,6,SE,1141
2020,M,6,SP,10065
2020,M,6,TO,690
2020,M,6,AC,2249
2020,M,6,AL,4903
2020,M,6,AM,8500
2020,M,6,AP,2626
2020,M,6,BA,17682
2020,M,6,CE,12192
2020,M,6,DF,5256
2020,M,6,ES,4292
2020,M,6,GO,7612
2020,M,6,MA,9304
2020,M,6,MG,24364
2020,M,6,MS,4079
2020,M,6,MT,4459
2020,M,6,PA,16062
2020,M,6,PB,8563
2020,M,6,PE,12810
2020,M,6,PI,5638
2020,M,6,PR,9901
2020,M,6,RJ,16161
2020,M,6,RN,7379
2020,M,6,RO,3459
2020,M,6,RR,745
2020,M,6,RS,11206
2020,M,6,SC,4653
2020,M,6,SE,3921
2020,M,6,SP,32440
2020,M,6,TO,2177
2020,M,6,AC,1403
2020,M,6,AL,2845
2020,M,6,AM,5067
2020,M,6,AP,1746
2020,M,6,BA,10872
2020,M,6,CE,7660
2020,M,6,DF,3038
2020,M,6,ES,2619
2020,M,6,GO,4086
2020,M,6,MA,5942
2020,M,6,MG,13579
2020,M,6,MS,2555
2020,M,6,MT,2815
2020,M,6,PA,10026
2020,M,6,PB,5332
2020,M,6,PE,7696
2020,M,6,PI,3565
2020,M,6,PR,5406
2020,M,6,RJ,8779
2020,M,6,RN,4639
2020,M,6,RO,2203
2020,M,6,RR,428
2020,M,6,RS,6343
2020,M,6,SC,2653
2020,M,6,SE,2331
2020,M,6,SP,18464
2020,M,6,TO,1106
2020,M,6,AC,995
2020,M,6,AL,1835
2020,M,6,AM,3527
2020,M,6,AP,1251
2020,M,6,BA,7453
2020,M,6,CE,4483
2020,M,6,DF,2000
2020,M,6,ES,1765
2020,M,6,GO,2533
2020,M,6,MA,3614
2020,M,6,MG,8484
2020,M,6,MS,1657
2020,M,6,MT,1776
2020,M,6,PA,6950
2020,M,6,PB,3268
2020,M,6,PE,4922
2020,M,6,PI,2061
2020,M,6,PR,3247
2020,M,6,RJ,5991
2020,M,6,RN,2912
2020,M,6,RO,1441
2020,M,6,RR,309
2020,M,6,RS,4188
2020,M,6,SC,1624
2020,M,6,SE,1455
2020,M,6,SP,12136
2020,M,6,TO,619
2020,M,6,AC,536
2020,M,6,AL,1028
2020,M,6,AM,2027
2020,M,6,AP,715
2020,M,6,BA,4310
2020,M,6,CE,2524
2020,M,6,DF,1335
2020,M,6,ES,1087
2020,M,6,GO,1457
2020,M,6,MA,1931
2020,M,6,MG,5014
2020,M,6,MS,989
2020,M,6,MT,1053
2020,M,6,PA,4200
2020,M,6,PB,1870
2020,M,6,PE,3064
2020,M,6,PI,1213
2020,M,6,PR,1887
2020,M,6,RJ,3986
2020,M,6,RN,1624
2020,M,6,RO,831
2020,M,6,RR,169
2020,M,6,RS,2375
2020,M,6,SC,907
2020,M,6,SE,833
2020,M,6,SP,7326
2020,M,6,TO,354
2020,M,6,AC,276
2020,M,6,AL,528
2020,M,6,AM,1156
2020,M,6,AP,379
2020,M,6,BA,2501
2020,M,6,CE,1529
2020,M,6,DF,814
2020,M,6,ES,662
2020,M,6,GO,845
2020,M,6,MA,1001
2020,M,6,MG,3104
2020,M,6,MS,545
2020,M,6,MT,584
2020,M,6,PA,2504
2020,M,6,PB,1037
2020,M,6,PE,1982
2020,M,6,PI,676
2020,M,6,PR,1083
2020,M,6,RJ,2804
2020,M,6,RN,903
2020,M,6,RO,472
2020,M,6,RR,92
2020,M,6,RS,1524
2020,M,6,SC,504
2020,M,6,SE,475
2020,M,6,SP,4571
2020,M,6,TO,176
2020,M,6,AC,106
2020,M,6,AL,284
2020,M,6,AM,553
2020,M,6,AP,193
2020,M,6,BA,1446
2020,M,6,CE,873
2020,M,6,DF,487
2020,M,6,ES,414
2020,M,6,GO,467
2020,M,6,MA,506
2020,M,6,MG,1902
2020,M,6,MS,317
2020,M,6,MT,338
2020,M,6,PA,1252
2020,M,6,PB,542
2020,M,6,PE,1051
2020,M,6,PI,419
2020,M,6,PR,569
2020,M,6,RJ,1945
2020,M,6,RN,553
2020,M,6,RO,226
2020,M,6,RR,25
2020,M,6,RS,874
2020,M,6,SC,243
2020,M,6,SE,255
2020,M,6,SP,2745
2020,M,6,TO,86
2020,M,6,AC,34
2020,M,6,AL,148
2020,M,6,AM,279
2020,M,6,AP,84
2020,M,6,BA,718
2020,M,6,CE,470
2020,M,6,DF,232
2020,M,6,ES,191
2020,M,6,GO,218
2020,M,6,MA,251
2020,M,6,MG,997
2020,M,6,MS,134
2020,M,6,MT,161
2020,M,6,PA,546
2020,M,6,PB,259
2020,M,6,PE,559
2020,M,6,PI,221
2020,M,6,PR,272
2020,M,6,RJ,1157
2020,M,6,RN,288
2020,M,6,RO,100
2020,M,6,RR,18
2020,M,6,RS,525
2020,M,6,SC,149
2020,M,6,SE,126
2020,M,6,SP,1399
2020,M,6,TO,40
2020,M,6,AC,6
2020,M,6,AL,34
2020,M,6,AM,95
2020,M,6,AP,30
2020,M,6,BA,293
2020,M,6,CE,183
2020,M,6,DF,82
2020,M,6,ES,87
2020,M,6,GO,82
2020,M,6,MA,97
2020,M,6,MG,413
2020,M,6,MS,63
2020,M,6,MT,51
2020,M,6,PA,216
2020,M,6,PB,113
2020,M,6,PE,211
2020,M,6,PI,67
2020,M,6,PR,109
2020,M,6,RJ,593
2020,M,6,RN,111
2020,M,6,RO,37
2020,M,6,RR,8
2020,M,6,RS,210
2020,M,6,SC,56
2020,M,6,SE,45
2020,M,6,SP,599
2020,M,6,TO,15
2020,M,6,AC,8
2020,M,6,AL,17
2020,M,6,AM,26
2020,M,6,AP,11
2020,M,6,BA,135
2020,M,6,CE,52
2020,M,6,DF,43
2020,M,6,ES,32
2020,M,6,GO,32
2020,M,6,MA,38
2020,M,6,MG,173
2020,M,6,MS,16
2020,M,6,MT,25
2020,M,6,PA,75
2020,M,6,PB,28
2020,M,6,PE,70
2020,M,6,PI,33
2020,M,6,PR,43
2020,M,6,RJ,204
2020,M,6,RN,33
2020,M,6,RO,16
2020,M,6,RR,5
2020,M,6,RS,66
2020,M,6,SC,17
2020,M,6,SE,25
2020,M,6,SP,205
2020,M,6,TO,3
2020,M,6,AC,1
2020,M,6,AL,4
2020,M,6,AM,11
2020,M,6,AP,6
2020,M,6,BA,40
2020,M,6,CE,25
2020,M,6,DF,15
2020,M,6,ES,7
2020,M,6,GO,9
2020,M,6,MA,12
2020,M,6,MG,75
2020,M,6,MS,5
2020,M,6,MT,8
2020,M,6,PA,28
2020,M,6,PB,14
2020,M,6,PE,24
2020,M,6,PI,6
2020,M,6,PR,16
2020,M,6,RJ,88
2020,M,6,RN,13
2020,M,6,RO,4
2020,M,6,RR,1
2020,M,6,RS,25
2020,M,6,SC,8
2020,M,6,SE,10
2020,M,6,SP,90
2020,M,6,TO,3
2021,F,1,AC,742
2021,F,1,AL,2835
2021,F,1,AM,2328
2021,F,1,AP,690
2021,F,1,BA,12850
2021,F,1,CE,11249
2021,F,1,DF,2703
2021,F,1,ES,2665
2021,F,1,GO,9470
2021,F,1,MA,7335
2021,F,1,MG,17979
2021,F,1,MS,3151
2021,F,1,MT,3485
2021,F,1,PA,9103
2021,F,1,PB,6919
2021,F,1,PE,12506
2021,F,1,PI,4973
2021,F,1,PR,10131
2021,F,1,RJ,10016
2021,F,1,RN,3046
2021,F,1,RO,1455
2021,F,1,RR,382
2021,F,1,RS,6575
2021,F,1,SC,5797
2021,F,1,SE,3870
2021,F,1,SP,29552
2021,F,1,TO,2318
2021,F,2,AC,1631
2021,F,2,AL,4934
2021,F,2,AM,8134
2021,F,2,AP,1456
2021,F,2,BA,23510
2021,F,2,CE,26907
2021,F,2,DF,6760
2021,F,2,ES,6508
2021,F,2,GO,18340
2021,F,2,MA,13056
2021,F,2,MG,37621
2021,F,2,MS,6406
2021,F,2,MT,6649
2021,F,2,PA,13679
2021,F,2,PB,9491
2021,F,2,PE,21346
2021,F,2,PI,7819
2021,F,2,PR,25587
2021,F,2,RJ,24508
2021,F,2,RN,5716
2021,F,2,RO,3204
2021,F,2,RR,752
2021,F,2,RS,15987
2021,F,2,SC,12470
2021,F,2,SE,5014
2021,F,2,SP,76701
2021,F,2,TO,3892
2021,F,3,AC,2148
2021,F,3,AL,6424
2021,F,3,AM,11640
2021,F,3,AP,2194
2021,F,3,BA,30197
2021,F,3,CE,31328
2021,F,3,DF,8723
2021,F,3,ES,9495
2021,F,3,GO,21059
2021,F,3,MA,15272
2021,F,3,MG,42660
2021,F,3,MS,4609
2021,F,3,MT,7674
2021,F,3,PA,17746
2021,F,3,PB,9908
2021,F,3,PE,24032
2021,F,3,PI,8636
2021,F,3,PR,17498
2021,F,3,RJ,29575
2021,F,3,RN,7742
2021,F,3,RO,4421
2021,F,3,RR,1168
2021,F,3,RS,20733
2021,F,3,SC,13893
2021,F,3,SE,5511
2021,F,3,SP,73300
2021,F,3,TO,4099
2021,F,4,AC,1553
2021,F,4,AL,4449
2021,F,4,AM,6333
2021,F,4,AP,1481
2021,F,4,BA,24199
2021,F,4,CE,14881
2021,F,4,DF,4983
2021,F,4,ES,4972
2021,F,4,GO,9546
2021,F,4,MA,9845
2021,F,4,MG,25087
2021,F,4,MS,2470
2021,F,4,MT,3774
2021,F,4,PA,13070
2021,F,4,PB,7060
2021,F,4,PE,13463
2021,F,4,PI,6197
2021,F,4,PR,8665
2021,F,4,RJ,18707
2021,F,4,RN,6246
2021,F,4,RO,2352
2021,F,4,RR,685
2021,F,4,RS,12387
2021,F,4,SC,4750
2021,F,4,SE,3924
2021,F,4,SP,31491
2021,F,4,TO,2273
2021,F,5,AC,1068
2021,F,5,AL,3042
2021,F,5,AM,3907
2021,F,5,AP,995
2021,F,5,BA,16409
2021,F,5,CE,8211
2021,F,5,DF,3040
2021,F,5,ES,2947
2021,F,5,GO,4914
2021,F,5,MA,6724
2021,F,5,MG,15784
2021,F,5,MS,1654
2021,F,5,MT,2258
2021,F,5,PA,9585
2021,F,5,PB,4851
2021,F,5,PE,8748
2021,F,5,PI,4402
2021,F,5,PR,4927
2021,F,5,RJ,11487
2021,F,5,RN,4349
2021,F,5,RO,1486
2021,F,5,RR,381
2021,F,5,RS,7550
2021,F,5,SC,2547
2021,F,5,SE,2770
2021,F,5,SP,18686
2021,F,5,TO,1482
2021,F,6,AC,721
2021,F,6,AL,2144
2021,F,6,AM,2793
2021,F,6,AP,811
2021,F,6,BA,11362
2021,F,6,CE,5314
2021,F,6,DF,2133
2021,F,6,ES,1989
2021,F,6,GO,3140
2021,F,6,MA,4805
2021,F,6,MG,11182
2021,F,6,MS,1090
2021,F,6,MT,1574
2021,F,6,PA,6764
2021,F,6,PB,3317
2021,F,6,PE,5932
2021,F,6,PI,2948
2021,F,6,PR,3458
2021,F,6,RJ,8274
2021,F,6,RN,3255
2021,F,6,RO,984
2021,F,6,RR,275
2021,F,6,RS,5199
2021,F,6,SC,1759
2021,F,6,SE,2041
2021,F,6,SP,13501
2021,F,6,TO,997
2021,F,6,AC,589
2021,F,6,AL,1617
2021,F,6,AM,2066
2021,F,6,AP,651
2021,F,6,BA,8230
2021,F,6,CE,3726
2021,F,6,DF,1626
2021,F,6,ES,1482
2021,F,6,GO,2321
2021,F,6,MA,3463
2021,F,6,MG,8204
2021,F,6,MS,806
2021,F,6,MT,1118
2021,F,6,PA,5481
2021,F,6,PB,2543
2021,F,6,PE,4482
2021,F,6,PI,2090
2021,F,6,PR,2634
2021,F,6,RJ,5882
2021,F,6,RN,2404
2021,F,6,RO,778
2021,F,6,RR,197
2021,F,6,RS,3623
2021,F,6,SC,1325
2021,F,6,SE,1552
2021,F,6,SP,10028
2021,F,6,TO,721
2021,F,6,AC,483
2021,F,6,AL,1228
2021,F,6,AM,1689
2021,F,6,AP,505
2021,F,6,BA,5823
2021,F,6,CE,2818
2021,F,6,DF,1256
2021,F,6,ES,1113
2021,F,6,GO,1733
2021,F,6,MA,2539
2021,F,6,MG,6093
2021,F,6,MS,660
2021,F,6,MT,889
2021,F,6,PA,4363
2021,F,6,PB,1984
2021,F,6,PE,3384
2021,F,6,PI,1556
2021,F,6,PR,2079
2021,F,6,RJ,4385
2021,F,6,RN,1768
2021,F,6,RO,628
2021,F,6,RR,152
2021,F,6,RS,2810
2021,F,6,SC,1036
2021,F,6,SE,1113
2021,F,6,SP,7567
2021,F,6,TO,515
2021,F,6,AC,414
2021,F,6,AL,1071
2021,F,6,AM,1501
2021,F,6,AP,453
2021,F,6,BA,4847
2021,F,6,CE,2405
2021,F,6,DF,1104
2021,F,6,ES,960
2021,F,6,GO,1475
2021,F,6,MA,2119
2021,F,6,MG,5127
2021,F,6,MS,550
2021,F,6,MT,769
2021,F,6,PA,3797
2021,F,6,PB,1749
2021,F,6,PE,2741
2021,F,6,PI,1276
2021,F,6,PR,1708
2021,F,6,RJ,3876
2021,F,6,RN,1497
2021,F,6,RO,577
2021,F,6,RR,133
2021,F,6,RS,2288
2021,F,6,SC,837
2021,F,6,SE,949
2021,F,6,SP,6579
2021,F,6,TO,427
2021,F,6,AC,307
2021,F,6,AL,874
2021,F,6,AM,1346
2021,F,6,AP,399
2021,F,6,BA,3815
2021,F,6,CE,2036
2021,F,6,DF,886
2021,F,6,ES,800
2021,F,6,GO,1241
2021,F,6,MA,1793
2021,F,6,MG,4008
2021,F,6,MS,517
2021,F,6,MT,733
2021,F,6,PA,3236
2021,F,6,PB,1447
2021,F,6,PE,2422
2021,F,6,PI,1073
2021,F,6,PR,1459
2021,F,6,RJ,3023
2021,F,6,RN,1248
2021,F,6,RO,500
2021,F,6,RR,119
2021,F,6,RS,1899
2021,F,6,SC,787
2021,F,6,SE,770
2021,F,6,SP,5269
2021,F,6,TO,331
2021,F,6,AC,1138
2021,F,6,AL,2780
2021,F,6,AM,4240
2021,F,6,AP,1310
2021,F,6,BA,12083
2021,F,6,CE,6120
2021,F,6,DF,2825
2021,F,6,ES,2319
2021,F,6,GO,4079
2021,F,6,MA,5378
2021,F,6,MG,12911
2021,F,6,MS,1694
2021,F,6,MT,2322
2021,F,6,PA,11112
2021,F,6,PB,4579
2021,F,6,PE,7394
2021,F,6,PI,3266
2021,F,6,PR,4643
2021,F,6,RJ,9708
2021,F,6,RN,4217
2021,F,6,RO,1764
2021,F,6,RR,386
2021,F,6,RS,6089
2021,F,6,SC,2432
2021,F,6,SE,2488
2021,F,6,SP,15657
2021,F,6,TO,1229
2021,F,6,AC,676
2021,F,6,AL,1586
2021,F,6,AM,2371
2021,F,6,AP,828
2021,F,6,BA,6662
2021,F,6,CE,3617
2021,F,6,DF,1677
2021,F,6,ES,1428
2021,F,6,GO,2312
2021,F,6,MA,3097
2021,F,6,MG,6915
2021,F,6,MS,1037
2021,F,6,MT,1564
2021,F,6,PA,6548
2021,F,6,PB,2894
2021,F,6,PE,4259
2021,F,6,PI,2049
2021,F,6,PR,2581
2021,F,6,RJ,5281
2021,F,6,RN,2483
2021,F,6,RO,1135
2021,F,6,RR,184
2021,F,6,RS,3423
2021,F,6,SC,1251
2021,F,6,SE,1428
2021,F,6,SP,8761
2021,F,6,TO,606
2021,F,6,AC,485
2021,F,6,AL,1089
2021,F,6,AM,1725
2021,F,6,AP,618
2021,F,6,BA,5164
2021,F,6,CE,2488
2021,F,6,DF,1263
2021,F,6,ES,973
2021,F,6,GO,1831
2021,F,6,MA,2142
2021,F,6,MG,5054
2021,F,6,MS,807
2021,F,6,MT,1143
2021,F,6,PA,4967
2021,F,6,PB,1945
2021,F,6,PE,3102
2021,F,6,PI,1364
2021,F,6,PR,1685
2021,F,6,RJ,4230
2021,F,6,RN,1722
2021,F,6,RO,808
2021,F,6,RR,146
2021,F,6,RS,2775
2021,F,6,SC,829
2021,F,6,SE,969
2021,F,6,SP,6480
2021,F,6,TO,388
2021,F,6,AC,268
2021,F,6,AL,581
2021,F,6,AM,1024
2021,F,6,AP,387
2021,F,6,BA,3214
2021,F,6,CE,1399
2021,F,6,DF,979
2021,F,6,ES,662
2021,F,6,GO,1118
2021,F,6,MA,1231
2021,F,6,MG,3560
2021,F,6,MS,464
2021,F,6,MT,703
2021,F,6,PA,3198
2021,F,6,PB,1149
2021,F,6,PE,1964
2021,F,6,PI,918
2021,F,6,PR,1096
2021,F,6,RJ,3159
2021,F,6,RN,1053
2021,F,6,RO,453
2021,F,6,RR,79
2021,F,6,RS,1815
2021,F,6,SC,521
2021,F,6,SE,564
2021,F,6,SP,4375
2021,F,6,TO,234
2021,F,6,AC,100
2021,F,6,AL,352
2021,F,6,AM,569
2021,F,6,AP,189
2021,F,6,BA,1857
2021,F,6,CE,902
2021,F,6,DF,601
2021,F,6,ES,463
2021,F,6,GO,659
2021,F,6,MA,652
2021,F,6,MG,2183
2021,F,6,MS,279
2021,F,6,MT,414
2021,F,6,PA,1942
2021,F,6,PB,589
2021,F,6,PE,1158
2021,F,6,PI,493
2021,F,6,PR,595
2021,F,6,RJ,2396
2021,F,6,RN,562
2021,F,6,RO,237
2021,F,6,RR,23
2021,F,6,RS,1134
2021,F,6,SC,313
2021,F,6,SE,359
2021,F,6,SP,2845
2021,F,6,TO,114
2021,F,6,AC,40
2021,F,6,AL,192
2021,F,6,AM,280
2021,F,6,AP,85
2021,F,6,BA,1016
2021,F,6,CE,510
2021,F,6,DF,343
2021,F,6,ES,254
2021,F,6,GO,291
2021,F,6,MA,339
2021,F,6,MG,1329
2021,F,6,MS,127
2021,F,6,MT,170
2021,F,6,PA,974
2021,F,6,PB,313
2021,F,6,PE,675
2021,F,6,PI,230
2021,F,6,PR,337
2021,F,6,RJ,1598
2021,F,6,RN,294
2021,F,6,RO,92
2021,F,6,RR,18
2021,F,6,RS,678
2021,F,6,SC,177
2021,F,6,SE,180
2021,F,6,SP,1647
2021,F,6,TO,60
2021,F,6,AC,16
2021,F,6,AL,73
2021,F,6,AM,112
2021,F,6,AP,31
2021,F,6,BA,499
2021,F,6,CE,276
2021,F,6,DF,177
2021,F,6,ES,127
2021,F,6,GO,124
2021,F,6,MA,147
2021,F,6,MG,716
2021,F,6,MS,62
2021,F,6,MT,81
2021,F,6,PA,400
2021,F,6,PB,144
2021,F,6,PE,351
2021,F,6,PI,125
2021,F,6,PR,133
2021,F,6,RJ,1010
2021,F,6,RN,152
2021,F,6,RO,37
2021,F,6,RR,6
2021,F,6,RS,340
2021,F,6,SC,63
2021,F,6,SE,80
2021,F,6,SP,830
2021,F,6,TO,13
2021,F,6,AC,2
2021,F,6,AL,19
2021,F,6,AM,29
2021,F,6,AP,13
2021,F,6,BA,188
2021,F,6,CE,83
2021,F,6,DF,71
2021,F,6,ES,51
2021,F,6,GO,60
2021,F,6,MA,35
2021,F,6,MG,232
2021,F,6,MS,17
2021,F,6,MT,31
2021,F,6,PA,155
2021,F,6,PB,40
2021,F,6,PE,96
2021,F,6,PI,38
2021,F,6,PR,38
2021,F,6,RJ,354
2021,F,6,RN,54
2021,F,6,RO,9
2021,F,6,RR,1
2021,F,6,RS,124
2021,F,6,SC,16
2021,F,6,SE,34
2021,F,6,SP,315
2021,F,6,TO,2
2021,F,6,AL,3
2021,F,6,AM,12
2021,F,6,AP,3
2021,F,6,BA,56
2021,F,6,CE,29
2021,F,6,DF,11
2021,F,6,ES,14
2021,F,6,GO,10
2021,F,6,MA,10
2021,F,6,MG,67
2021,F,6,MS,7
2021,F,6,MT,8
2021,F,6,PA,39
2021,F,6,PB,11
2021,F,6,PE,26
2021,F,6,PI,9
2021,F,6,PR,13
2021,F,6,RJ,122
2021,F,6,RN,7
2021,F,6,RO,3
2021,F,6,RS,42
2021,F,6,SC,12
2021,F,6,SE,10
2021,F,6,SP,80
2021,F,6,TO,3
2021,F,6,AL,2
2021,F,6,AM,1
2021,F,6,AP,3
2021,F,6,BA,16
2021,F,6,CE,13
2021,F,6,DF,6
2021,F,6,ES,4
2021,F,6,GO,5
2021,F,6,MA,2
2021,F,6,MG,32
2021,F,6,MS,2
2021,F,6,MT,1
2021,F,6,PA,8
2021,F,6,PB,5
2021,F,6,PE,7
2021,F,6,PI,2
2021,F,6,PR,7
2021,F,6,RJ,42
2021,F,6,RN,4
2021,F,6,RO,1
2021,F,6,RR,1
2021,F,6,RS,12
2021,F,6,SC,2
2021,F,6,SE,5
2021,F,6,SP,27
2021,M,1,AC,410
2021,M,1,AL,1389
2021,M,1,AM,1335
2021,M,1,AP,441
2021,M,1,BA,5742
2021,M,1,CE,5948
2021,M,1,DF,1497
2021,M,1,ES,1356
2021,M,1,GO,4406
2021,M,1,MA,3704
2021,M,1,MG,8515
2021,M,1,MS,1532
2021,M,1,MT,1601
2021,M,1,PA,4801
2021,M,1,PB,3929
2021,M,1,PE,6291
2021,M,1,PI,2713
2021,M,1,PR,4591
2021,M,1,RJ,4780
2021,M,1,RN,1537
2021,M,1,RO,636
2021,M,1,RR,164
2021,M,1,RS,2557
2021,M,1,SC,2434
2021,M,1,SE,1994
2021,M,1,SP,14819
2021,M,1,TO,1071
2021,M,2,AC,990
2021,M,2,AL,2770
2021,M,2,AM,5754
2021,M,2,AP,986
2021,M,2,BA,12227
2021,M,2,CE,19563
2021,M,2,DF,4366
2021,M,2,ES,3824
2021,M,2,GO,11856
2021,M,2,MA,7407
2021,M,2,MG,20674
2021,M,2,MS,3746
2021,M,2,MT,3619
2021,M,2,PA,8208
2021,M,2,PB,6090
2021,M,2,PE,12821
2021,M,2,PI,4573
2021,M,2,PR,15395
2021,M,2,RJ,14255
2021,M,2,RN,3442
2021,M,2,RO,1626
2021,M,2,RR,417
2021,M,2,RS,8167
2021,M,2,SC,6801
2021,M,2,SE,2828
2021,M,2,SP,48142
2021,M,2,TO,2159
2021,M,3,AC,1414
2021,M,3,AL,3558
2021,M,3,AM,9182
2021,M,3,AP,1388
2021,M,3,BA,16058
2021,M,3,CE,25574
2021,M,3,DF,5343
2021,M,3,ES,6080
2021,M,3,GO,14331
2021,M,3,MA,9062
2021,M,3,MG,24205
2021,M,3,MS,2734
2021,M,3,MT,4435
2021,M,3,PA,10441
2021,M,3,PB,6391
2021,M,3,PE,14988
2021,M,3,PI,5416
2021,M,3,PR,10372
2021,M,3,RJ,17608
2021,M,3,RN,4863
2021,M,3,RO,2707
2021,M,3,RR,662
2021,M,3,RS,11550
2021,M,3,SC,8051
2021,M,3,SE,3313
2021,M,3,SP,45602
2021,M,3,TO,2352
2021,M,4,AC,946
2021,M,4,AL,2570
2021,M,4,AM,5002
2021,M,4,AP,954
2021,M,4,BA,12707
2021,M,4,CE,12658
2021,M,4,DF,3051
2021,M,4,ES,3119
2021,M,4,GO,6315
2021,M,4,MA,5940
2021,M,4,MG,13939
2021,M,4,MS,1508
2021,M,4,MT,2281
2021,M,4,PA,8094
2021,M,4,PB,4381
2021,M,4,PE,8730
2021,M,4,PI,3773
2021,M,4,PR,5206
2021,M,4,RJ,10759
2021,M,4,RN,3826
2021,M,4,RO,1287
2021,M,4,RR,368
2021,M,4,RS,6519
2021,M,4,SC,2928
2021,M,4,SE,2207
2021,M,4,SP,19470
2021,M,4,TO,1308
2021,M,5,AC,657
2021,M,5,AL,1871
2021,M,5,AM,2910
2021,M,5,AP,733
2021,M,5,BA,9102
2021,M,5,CE,7064
2021,M,5,DF,1850
2021,M,5,ES,1828
2021,M,5,GO,3258
2021,M,5,MA,4050
2021,M,5,MG,8714
2021,M,5,MS,951
2021,M,5,MT,1375
2021,M,5,PA,6156
2021,M,5,PB,3296
2021,M,5,PE,5660
2021,M,5,PI,2698
2021,M,5,PR,3083
2021,M,5,RJ,7372
2021,M,5,RN,2772
2021,M,5,RO,772
2021,M,5,RR,207
2021,M,5,RS,4547
2021,M,5,SC,1630
2021,M,5,SE,1722
2021,M,5,SP,11354
2021,M,5,TO,854
2021,M,6,AC,506
2021,M,6,AL,1407
2021,M,6,AM,1951
2021,M,6,AP,528
2021,M,6,BA,6412
2021,M,6,CE,4314
2021,M,6,DF,1376
2021,M,6,ES,1300
2021,M,6,GO,2016
2021,M,6,MA,3072
2021,M,6,MG,6691
2021,M,6,MS,689
2021,M,6,MT,981
2021,M,6,PA,4556
2021,M,6,PB,2404
2021,M,6,PE,3924
2021,M,6,PI,1936
2021,M,6,PR,2309
2021,M,6,RJ,5432
2021,M,6,RN,2200
2021,M,6,RO,629
2021,M,6,RR,177
2021,M,6,RS,3217
2021,M,6,SC,1114
2021,M,6,SE,1228
2021,M,6,SP,8367
2021,M,6,TO,588
2021,M,6,AC,389
2021,M,6,AL,1095
2021,M,6,AM,1438
2021,M,6,AP,429
2021,M,6,BA,4842
2021,M,6,CE,2851
2021,M,6,DF,1048
2021,M,6,ES,960
2021,M,6,GO,1463
2021,M,6,MA,2231
2021,M,6,MG,5083
2021,M,6,MS,537
2021,M,6,MT,696
2021,M,6,PA,3565
2021,M,6,PB,1841
2021,M,6,PE,3031
2021,M,6,PI,1387
2021,M,6,PR,1770
2021,M,6,RJ,4147
2021,M,6,RN,1718
2021,M,6,RO,480
2021,M,6,RR,127
2021,M,6,RS,2494
2021,M,6,SC,830
2021,M,6,SE,959
2021,M,6,SP,6552
2021,M,6,TO,450
2021,M,6,AC,325
2021,M,6,AL,788
2021,M,6,AM,1171
2021,M,6,AP,357
2021,M,6,BA,3428
2021,M,6,CE,2191
2021,M,6,DF,908
2021,M,6,ES,767
2021,M,6,GO,1137
2021,M,6,MA,1565
2021,M,6,MG,4027
2021,M,6,MS,472
2021,M,6,MT,573
2021,M,6,PA,2600
2021,M,6,PB,1415
2021,M,6,PE,2295
2021,M,6,PI,1023
2021,M,6,PR,1473
2021,M,6,RJ,3045
2021,M,6,RN,1430
2021,M,6,RO,374
2021,M,6,RR,104
2021,M,6,RS,1983
2021,M,6,SC,673
2021,M,6,SE,778
2021,M,6,SP,5167
2021,M,6,TO,342
2021,M,6,AC,243
2021,M,6,AL,673
2021,M,6,AM,1027
2021,M,6,AP,264
2021,M,6,BA,2899
2021,M,6,CE,1788
2021,M,6,DF,718
2021,M,6,ES,662
2021,M,6,GO,992
2021,M,6,MA,1330
2021,M,6,MG,3347
2021,M,6,MS,443
2021,M,6,MT,512
2021,M,6,PA,2389
2021,M,6,PB,1213
2021,M,6,PE,2060
2021,M,6,PI,823
2021,M,6,PR,1273
2021,M,6,RJ,2634
2021,M,6,RN,1154
2021,M,6,RO,313
2021,M,6,RR,99
2021,M,6,RS,1656
2021,M,6,SC,649
2021,M,6,SE,572
2021,M,6,SP,4503
2021,M,6,TO,277
2021,M,6,AC,212
2021,M,6,AL,544
2021,M,6,AM,836
2021,M,6,AP,224
2021,M,6,BA,2263
2021,M,6,CE,1546
2021,M,6,DF,608
2021,M,6,ES,500
2021,M,6,GO,845
2021,M,6,MA,1152
2021,M,6,MG,2844
2021,M,6,MS,330
2021,M,6,MT,478
2021,M,6,PA,2026
2021,M,6,PB,1003
2021,M,6,PE,1691
2021,M,6,PI,704
2021,M,6,PR,1124
2021,M,6,RJ,2182
2021,M,6,RN,991
2021,M,6,RO,259
2021,M,6,RR,57
2021,M,6,RS,1391
2021,M,6,SC,555
2021,M,6,SE,484
2021,M,6,SP,3784
2021,M,6,TO,228
2021,M,6,AC,706
2021,M,6,AL,1865
2021,M,6,AM,2843
2021,M,6,AP,808
2021,M,6,BA,7263
2021,M,6,CE,4932
2021,M,6,DF,2043
2021,M,6,ES,1703
2021,M,6,GO,2751
2021,M,6,MA,3436
2021,M,6,MG,9303
2021,M,6,MS,1165
2021,M,6,MT,1578
2021,M,6,PA,6494
2021,M,6,PB,3583
2021,M,6,PE,5419
2021,M,6,PI,2143
2021,M,6,PR,3625
2021,M,6,RJ,6843
2021,M,6,RN,3512
2021,M,6,RO,1037
2021,M,6,RR,231
2021,M,6,RS,4327
2021,M,6,SC,1839
2021,M,6,SE,1622
2021,M,6,SP,11627
2021,M,6,TO,713
2021,M,6,AC,463
2021,M,6,AL,1157
2021,M,6,AM,1611
2021,M,6,AP,556
2021,M,6,BA,4021
2021,M,6,CE,3045
2021,M,6,DF,1213
2021,M,6,ES,1065
2021,M,6,GO,1505
2021,M,6,MA,2071
2021,M,6,MG,5227
2021,M,6,MS,753
2021,M,6,MT,1021
2021,M,6,PA,3803
2021,M,6,PB,2122
2021,M,6,PE,3225
2021,M,6,PI,1244
2021,M,6,PR,2032
2021,M,6,RJ,3777
2021,M,6,RN,2194
2021,M,6,RO,694
2021,M,6,RR,137
2021,M,6,RS,2517
2021,M,6,SC,1041
2021,M,6,SE,910
2021,M,6,SP,6351
2021,M,6,TO,338
2021,M,6,AC,318
2021,M,6,AL,763
2021,M,6,AM,1138
2021,M,6,AP,446
2021,M,6,BA,3011
2021,M,6,CE,1942
2021,M,6,DF,918
2021,M,6,ES,728
2021,M,6,GO,993
2021,M,6,MA,1346
2021,M,6,MG,3381
2021,M,6,MS,532
2021,M,6,MT,721
2021,M,6,PA,2852
2021,M,6,PB,1500
2021,M,6,PE,2173
2021,M,6,PI,873
2021,M,6,PR,1228
2021,M,6,RJ,2596
2021,M,6,RN,1451
2021,M,6,RO,466
2021,M,6,RR,105
2021,M,6,RS,1676
2021,M,6,SC,638
2021,M,6,SE,665
2021,M,6,SP,4184
2021,M,6,TO,237
2021,M,6,AC,193
2021,M,6,AL,418
2021,M,6,AM,681
2021,M,6,AP,268
2021,M,6,BA,1901
2021,M,6,CE,1225
2021,M,6,DF,547
2021,M,6,ES,461
2021,M,6,GO,615
2021,M,6,MA,769
2021,M,6,MG,2076
2021,M,6,MS,325
2021,M,6,MT,390
2021,M,6,PA,1743
2021,M,6,PB,858
2021,M,6,PE,1358
2021,M,6,PI,558
2021,M,6,PR,717
2021,M,6,RJ,1778
2021,M,6,RN,873
2021,M,6,RO,296
2021,M,6,RR,52
2021,M,6,RS,1001
2021,M,6,SC,357
2021,M,6,SE,401
2021,M,6,SP,2608
2021,M,6,TO,117
2021,M,6,AC,99
2021,M,6,AL,226
2021,M,6,AM,411
2021,M,6,AP,149
2021,M,6,BA,1036
2021,M,6,CE,742
2021,M,6,DF,397
2021,M,6,ES,271
2021,M,6,GO,355
2021,M,6,MA,405
2021,M,6,MG,1352
2021,M,6,MS,176
2021,M,6,MT,241
2021,M,6,PA,1083
2021,M,6,PB,516
2021,M,6,PE,868
2021,M,6,PI,296
2021,M,6,PR,374
2021,M,6,RJ,1352
2021,M,6,RN,471
2021,M,6,RO,169
2021,M,6,RR,34
2021,M,6,RS,625
2021,M,6,SC,215
2021,M,6,SE,234
2021,M,6,SP,1650
2021,M,6,TO,81
2021,M,6,AC,63
2021,M,6,AL,105
2021,M,6,AM,214
2021,M,6,AP,73
2021,M,6,BA,678
2021,M,6,CE,431
2021,M,6,DF,241
2021,M,6,ES,159
2021,M,6,GO,183
2021,M,6,MA,214
2021,M,6,MG,898
2021,M,6,MS,96
2021,M,6,MT,109
2021,M,6,PA,564
2021,M,6,PB,286
2021,M,6,PE,535
2021,M,6,PI,183
2021,M,6,PR,233
2021,M,6,RJ,944
2021,M,6,RN,305
2021,M,6,RO,63
2021,M,6,RR,11
2021,M,6,RS,410
2021,M,6,SC,88
2021,M,6,SE,127
2021,M,6,SP,1072
2021,M,6,TO,30
2021,M,6,AC,14
2021,M,6,AL,71
2021,M,6,AM,120
2021,M,6,AP,45
2021,M,6,BA,356
2021,M,6,CE,261
2021,M,6,DF,140
2021,M,6,ES,108
2021,M,6,GO,100
2021,M,6,MA,99
2021,M,6,MG,494
2021,M,6,MS,55
2021,M,6,MT,70
2021,M,6,PA,255
2021,M,6,PB,145
2021,M,6,PE,286
2021,M,6,PI,94
2021,M,6,PR,132
2021,M,6,RJ,651
2021,M,6,RN,160
2021,M,6,RO,46
2021,M,6,RR,13
2021,M,6,RS,243
2021,M,6,SC,67
2021,M,6,SE,68
2021,M,6,SP,567
2021,M,6,TO,19
2021,M,6,AC,3
2021,M,6,AL,13
2021,M,6,AM,30
2021,M,6,AP,14
2021,M,6,BA,145
2021,M,6,CE,78
2021,M,6,DF,39
2021,M,6,ES,39
2021,M,6,GO,42
2021,M,6,MA,43
2021,M,6,MG,195
2021,M,6,MS,20
2021,M,6,MT,34
2021,M,6,PA,121
2021,M,6,PB,67
2021,M,6,PE,130
2021,M,6,PI,49
2021,M,6,PR,35
2021,M,6,RJ,377
2021,M,6,RN,71
2021,M,6,RO,16
2021,M,6,RR,2
2021,M,6,RS,75
2021,M,6,SC,20
2021,M,6,SE,31
2021,M,6,SP,302
2021,M,6,TO,4
2021,M,6,AC,3
2021,M,6,AL,4
2021,M,6,AM,18
2021,M,6,AP,7
2021,M,6,BA,67
2021,M,6,CE,33
2021,M,6,DF,21
2021,M,6,ES,19
2021,M,6,GO,19
2021,M,6,MA,18
2021,M,6,MG,71
2021,M,6,MS,12
2021,M,6,MT,6
2021,M,6,PA,43
2021,M,6,PB,14
2021,M,6,PE,32
2021,M,6,PI,17
2021,M,6,PR,25
2021,M,6,RJ,124
2021,M,6,RN,20
2021,M,6,RO,7
2021,M,6,RS,32
2021,M,6,SC,13
2021,M,6,SE,14
2021,M,6,SP,95
2021,M,6,TO,1
2021,M,6,AC,1
2021,M,6,AL,2
2021,M,6,AM,6
2021,M,6,AP,2
2021,M,6,BA,39
2021,M,6,CE,19
2021,M,6,DF,10
2021,M,6,ES,6
2021,M,6,GO,5
2021,M,6,MA,7
2021,M,6,MG,49
2021,M,6,MS,5
2021,M,6,MT,4
2021,M,6,PA,17
2021,M,6,PB,10
2021,M,6,PE,11
2021,M,6,PI,2
2021,M,6,PR,11
2021,M,6,RJ,58
2021,M,6,RN,11
2021,M,6,RR,1
2021,M,6,RS,14
2021,M,6,SC,5
2021,M,6,SE,8
2021,M,6,SP,47
2022,F,1,AC,792
2022,F,1,AL,3022
2022,F,1,AM,2647
2022,F,1,AP,841
2022,F,1,BA,14484
2022,F,1,CE,12494
2022,F,1,DF,3041
2022,F,1,ES,2915
2022,F,1,GO,11227
2022,F,1,MA,8388
2022,F,1,MG,18363
2022,F,1,MS,3464
2022,F,1,MT,3893
2022,F,1,PA,10637
2022,F,1,PB,7026
2022,F,1,PE,12703
2022,F,1,PI,5361
2022,F,1,PR,11340
2022,F,1,RJ,11118
2022,F,1,RN,3057
2022,F,1,RO,1716
2022,F,1,RR,457
2022,F,1,RS,6539
2022,F,1,SC,5756
2022,F,1,SE,4239
2022,F,1,SP,32186
2022,F,1,TO,2311
2022,F,2,AC,2018
2022,F,2,AL,6363
2022,F,2,AM,8454
2022,F,2,AP,1696
2022,F,2,BA,27564
2022,F,2,CE,29192
2022,F,2,DF,7551
2022,F,2,ES,7132
2022,F,2,GO,20685
2022,F,2,MA,15695
2022,F,2,MG,39319
2022,F,2,MS,7209
2022,F,2,MT,8367
2022,F,2,PA,17579
2022,F,2,PB,10637
2022,F,2,PE,23119
2022,F,2,PI,8937
2022,F,2,PR,28773
2022,F,2,RJ,28783
2022,F,2,RN,7223
2022,F,2,RO,3639
2022,F,2,RR,883
2022,F,2,RS,17274
2022,F,2,SC,13579
2022,F,2,SE,6031
2022,F,2,SP,88018
2022,F,2,TO,4366
2022,F,3,AC,2497
2022,F,3,AL,8011
2022,F,3,AM,11122
2022,F,3,AP,2282
2022,F,3,BA,33135
2022,F,3,CE,32745
2022,F,3,DF,8957
2022,F,3,ES,10450
2022,F,3,GO,21932
2022,F,3,MA,17215
2022,F,3,MG,44196
2022,F,3,MS,5256
2022,F,3,MT,9083
2022,F,3,PA,21094
2022,F,3,PB,10709
2022,F,3,PE,24948
2022,F,3,PI,9611
2022,F,3,PR,19493
2022,F,3,RJ,35695
2022,F,3,RN,8958
2022,F,3,RO,5195
2022,F,3,RR,1278
2022,F,3,RS,23975
2022,F,3,SC,16038
2022,F,3,SE,6471
2022,F,3,SP,91652
2022,F,3,TO,4228
2022,F,4,AC,1664
2022,F,4,AL,4993
2022,F,4,AM,5495
2022,F,4,AP,1703
2022,F,4,BA,22671
2022,F,4,CE,14728
2022,F,4,DF,5092
2022,F,4,ES,4855
2022,F,4,GO,8900
2022,F,4,MA,10464
2022,F,4,MG,23368
2022,F,4,MS,2518
2022,F,4,MT,3623
2022,F,4,PA,15486
2022,F,4,PB,7204
2022,F,4,PE,13641
2022,F,4,PI,6444
2022,F,4,PR,8532
2022,F,4,RJ,20710
2022,F,4,RN,6774
2022,F,4,RO,2074
2022,F,4,RR,709
2022,F,4,RS,12075
2022,F,4,SC,4557
2022,F,4,SE,4420
2022,F,4,SP,33908
2022,F,4,TO,2058
2022,F,5,AC,1101
2022,F,5,AL,3184
2022,F,5,AM,3300
2022,F,5,AP,1135
2022,F,5,BA,15784
2022,F,5,CE,8181
2022,F,5,DF,2868
2022,F,5,ES,2680
2022,F,5,GO,4704
2022,F,5,MA,6399
2022,F,5,MG,14395
2022,F,5,MS,1512
2022,F,5,MT,2046
2022,F,5,PA,10188
2022,F,5,PB,5084
2022,F,5,PE,8023
2022,F,5,PI,4341
2022,F,5,PR,4739
2022,F,5,RJ,11934
2022,F,5,RN,4750
2022,F,5,RO,1262
2022,F,5,RR,387
2022,F,5,RS,7372
2022,F,5,SC,2419
2022,F,5,SE,2945
2022,F,5,SP,17560
2022,F,5,TO,1227
2022,F,6,AC,808
2022,F,6,AL,2159
2022,F,6,AM,2322
2022,F,6,AP,819
2022,F,6,BA,10759
2022,F,6,CE,4956
2022,F,6,DF,1896
2022,F,6,ES,1774
2022,F,6,GO,2898
2022,F,6,MA,4412
2022,F,6,MG,9559
2022,F,6,MS,994
2022,F,6,MT,1406
2022,F,6,PA,7426
2022,F,6,PB,3397
2022,F,6,PE,5612
2022,F,6,PI,3054
2022,F,6,PR,3003
2022,F,6,RJ,7642
2022,F,6,RN,3383
2022,F,6,RO,860
2022,F,6,RR,224
2022,F,6,RS,4723
2022,F,6,SC,1586
2022,F,6,SE,1997
2022,F,6,SP,11355
2022,F,6,TO,802
2022,F,6,AC,638
2022,F,6,AL,1620
2022,F,6,AM,1816
2022,F,6,AP,657
2022,F,6,BA,7714
2022,F,6,CE,3492
2022,F,6,DF,1361
2022,F,6,ES,1300
2022,F,6,GO,1967
2022,F,6,MA,3207
2022,F,6,MG,7151
2022,F,6,MS,793
2022,F,6,MT,970
2022,F,6,PA,5403
2022,F,6,PB,2451
2022,F,6,PE,3933
2022,F,6,PI,2171
2022,F,6,PR,2323
2022,F,6,RJ,5656
2022,F,6,RN,2539
2022,F,6,RO,651
2022,F,6,RR,192
2022,F,6,RS,3483
2022,F,6,SC,1202
2022,F,6,SE,1568
2022,F,6,SP,8749
2022,F,6,TO,550
2022,F,6,AC,497
2022,F,6,AL,1300
2022,F,6,AM,1390
2022,F,6,AP,517
2022,F,6,BA,5608
2022,F,6,CE,2651
2022,F,6,DF,1121
2022,F,6,ES,1011
2022,F,6,GO,1517
2022,F,6,MA,2402
2022,F,6,MG,5335
2022,F,6,MS,626
2022,F,6,MT,777
2022,F,6,PA,4410
2022,F,6,PB,1841
2022,F,6,PE,3115
2022,F,6,PI,1584
2022,F,6,PR,1799
2022,F,6,RJ,4275
2022,F,6,RN,1979
2022,F,6,RO,477
2022,F,6,RR,144
2022,F,6,RS,2620
2022,F,6,SC,924
2022,F,6,SE,1159
2022,F,6,SP,6646
2022,F,6,TO,456
2022,F,6,AC,412
2022,F,6,AL,1017
2022,F,6,AM,1246
2022,F,6,AP,409
2022,F,6,BA,4319
2022,F,6,CE,2064
2022,F,6,DF,808
2022,F,6,ES,761
2022,F,6,GO,1198
2022,F,6,MA,1869
2022,F,6,MG,3888
2022,F,6,MS,535
2022,F,6,MT,626
2022,F,6,PA,3502
2022,F,6,PB,1537
2022,F,6,PE,2447
2022,F,6,PI,1200
2022,F,6,PR,1404
2022,F,6,RJ,3187
2022,F,6,RN,1506
2022,F,6,RO,432
2022,F,6,RR,122
2022,F,6,RS,2034
2022,F,6,SC,725
2022,F,6,SE,849
2022,F,6,SP,5110
2022,F,6,TO,309
2022,F,6,AC,377
2022,F,6,AL,866
2022,F,6,AM,1030
2022,F,6,AP,361
2022,F,6,BA,3484
2022,F,6,CE,1833
2022,F,6,DF,684
2022,F,6,ES,630
2022,F,6,GO,936
2022,F,6,MA,1506
2022,F,6,MG,3294
2022,F,6,MS,459
2022,F,6,MT,548
2022,F,6,PA,2970
2022,F,6,PB,1243
2022,F,6,PE,2034
2022,F,6,PI,964
2022,F,6,PR,1204
2022,F,6,RJ,2670
2022,F,6,RN,1279
2022,F,6,RO,406
2022,F,6,RR,81
2022,F,6,RS,1614
2022,F,6,SC,634
2022,F,6,SE,721
2022,F,6,SP,4312
2022,F,6,TO,249
2022,F,6,AC,1180
2022,F,6,AL,2672
2022,F,6,AM,3348
2022,F,6,AP,1214
2022,F,6,BA,10163
2022,F,6,CE,5600
2022,F,6,DF,2170
2022,F,6,ES,2000
2022,F,6,GO,3116
2022,F,6,MA,4452
2022,F,6,MG,9702
2022,F,6,MS,1438
2022,F,6,MT,1940
2022,F,6,PA,10153
2022,F,6,PB,4093
2022,F,6,PE,6074
2022,F,6,PI,3016
2022,F,6,PR,3699
2022,F,6,RJ,8260
2022,F,6,RN,4229
2022,F,6,RO,1280
2022,F,6,RR,314
2022,F,6,RS,5075
2022,F,6,SC,1853
2022,F,6,SE,2217
2022,F,6,SP,12284
2022,F,6,TO,839
2022,F,6,AC,662
2022,F,6,AL,1414
2022,F,6,AM,1849
2022,F,6,AP,717
2022,F,6,BA,5412
2022,F,6,CE,2937
2022,F,6,DF,1167
2022,F,6,ES,1077
2022,F,6,GO,1911
2022,F,6,MA,2505
2022,F,6,MG,4952
2022,F,6,MS,900
2022,F,6,MT,1186
2022,F,6,PA,5988
2022,F,6,PB,2377
2022,F,6,PE,3227
2022,F,6,PI,1736
2022,F,6,PR,2045
2022,F,6,RJ,4259
2022,F,6,RN,2345
2022,F,6,RO,820
2022,F,6,RR,195
2022,F,6,RS,2789
2022,F,6,SC,1001
2022,F,6,SE,1191
2022,F,6,SP,6248
2022,F,6,TO,420
2022,F,6,AC,442
2022,F,6,AL,1012
2022,F,6,AM,1347
2022,F,6,AP,548
2022,F,6,BA,4086
2022,F,6,CE,2149
2022,F,6,DF,986
2022,F,6,ES,835
2022,F,6,GO,1406
2022,F,6,MA,1794
2022,F,6,MG,3634
2022,F,6,MS,706
2022,F,6,MT,927
2022,F,6,PA,4450
2022,F,6,PB,1674
2022,F,6,PE,2364
2022,F,6,PI,1262
2022,F,6,PR,1317
2022,F,6,RJ,3283
2022,F,6,RN,1724
2022,F,6,RO,577
2022,F,6,RR,122
2022,F,6,RS,2174
2022,F,6,SC,643
2022,F,6,SE,890
2022,F,6,SP,4590
2022,F,6,TO,287
2022,F,6,AC,283
2022,F,6,AL,547
2022,F,6,AM,853
2022,F,6,AP,368
2022,F,6,BA,2626
2022,F,6,CE,1326
2022,F,6,DF,736
2022,F,6,ES,616
2022,F,6,GO,953
2022,F,6,MA,1076
2022,F,6,MG,2622
2022,F,6,MS,438
2022,F,6,MT,609
2022,F,6,PA,2962
2022,F,6,PB,985
2022,F,6,PE,1563
2022,F,6,PI,753
2022,F,6,PR,890
2022,F,6,RJ,2806
2022,F,6,RN,1089
2022,F,6,RO,327
2022,F,6,RR,57
2022,F,6,RS,1528
2022,F,6,SC,414
2022,F,6,SE,523
2022,F,6,SP,3463
2022,F,6,TO,156
2022,F,6,AC,111
2022,F,6,AL,367
2022,F,6,AM,457
2022,F,6,AP,173
2022,F,6,BA,1533
2022,F,6,CE,777
2022,F,6,DF,524
2022,F,6,ES,362
2022,F,6,GO,552
2022,F,6,MA,540
2022,F,6,MG,1619
2022,F,6,MS,239
2022,F,6,MT,332
2022,F,6,PA,1775
2022,F,6,PB,502
2022,F,6,PE,982
2022,F,6,PI,415
2022,F,6,PR,510
2022,F,6,RJ,2035
2022,F,6,RN,565
2022,F,6,RO,188
2022,F,6,RR,38
2022,F,6,RS,915
2022,F,6,SC,252
2022,F,6,SE,321
2022,F,6,SP,2210
2022,F,6,TO,85
2022,F,6,AC,50
2022,F,6,AL,188
2022,F,6,AM,199
2022,F,6,AP,84
2022,F,6,BA,853
2022,F,6,CE,419
2022,F,6,DF,270
2022,F,6,ES,237
2022,F,6,GO,247
2022,F,6,MA,284
2022,F,6,MG,980
2022,F,6,MS,125
2022,F,6,MT,165
2022,F,6,PA,852
2022,F,6,PB,286
2022,F,6,PE,551
2022,F,6,PI,220
2022,F,6,PR,280
2022,F,6,RJ,1407
2022,F,6,RN,289
2022,F,6,RO,74
2022,F,6,RR,15
2022,F,6,RS,555
2022,F,6,SC,124
2022,F,6,SE,190
2022,F,6,SP,1388
2022,F,6,TO,50
2022,F,6,AC,16
2022,F,6,AL,76
2022,F,6,AM,96
2022,F,6,AP,31
2022,F,6,BA,441
2022,F,6,CE,236
2022,F,6,DF,162
2022,F,6,ES,113
2022,F,6,GO,126
2022,F,6,MA,120
2022,F,6,MG,569
2022,F,6,MS,59
2022,F,6,MT,81
2022,F,6,PA,425
2022,F,6,PB,131
2022,F,6,PE,267
2022,F,6,PI,114
2022,F,6,PR,158
2022,F,6,RJ,897
2022,F,6,RN,136
2022,F,6,RO,31
2022,F,6,RR,10
2022,F,6,RS,329
2022,F,6,SC,66
2022,F,6,SE,84
2022,F,6,SP,713
2022,F,6,TO,11
2022,F,6,AC,5
2022,F,6,AL,17
2022,F,6,AM,33
2022,F,6,AP,11
2022,F,6,BA,168
2022,F,6,CE,76
2022,F,6,DF,50
2022,F,6,ES,35
2022,F,6,GO,49
2022,F,6,MA,39
2022,F,6,MG,205
2022,F,6,MS,15
2022,F,6,MT,26
2022,F,6,PA,114
2022,F,6,PB,45
2022,F,6,PE,85
2022,F,6,PI,30
2022,F,6,PR,44
2022,F,6,RJ,333
2022,F,6,RN,47
2022,F,6,RO,9
2022,F,6,RR,3
2022,F,6,RS,119
2022,F,6,SC,21
2022,F,6,SE,21
2022,F,6,SP,292
2022,F,6,TO,4
2022,F,6,AC,1
2022,F,6,AL,6
2022,F,6,AM,13
2022,F,6,AP,3
2022,F,6,BA,58
2022,F,6,CE,24
2022,F,6,DF,15
2022,F,6,ES,13
2022,F,6,GO,18
2022,F,6,MA,9
2022,F,6,MG,78
2022,F,6,MS,9
2022,F,6,MT,2
2022,F,6,PA,40
2022,F,6,PB,15
2022,F,6,PE,26
2022,F,6,PI,5
2022,F,6,PR,15
2022,F,6,RJ,139
2022,F,6,RN,13
2022,F,6,RO,1
2022,F,6,RR,1
2022,F,6,RS,38
2022,F,6,SE,6
2022,F,6,SP,107
2022,F,6,TO,1
2022,F,6,AL,1
2022,F,6,AM,2
2022,F,6,AP,1
2022,F,6,BA,14
2022,F,6,CE,15
2022,F,6,DF,6
2022,F,6,ES,2
2022,F,6,GO,3
2022,F,6,MA,2
2022,F,6,MG,34
2022,F,6,MT,1
2022,F,6,PA,16
2022,F,6,PB,2
2022,F,6,PE,8
2022,F,6,PI,5
2022,F,6,PR,5
2022,F,6,RJ,44
2022,F,6,RN,5
2022,F,6,RS,14
2022,F,6,SE,2
2022,F,6,SP,33
2022,M,1,AC,433
2022,M,1,AL,1570
2022,M,1,AM,1553
2022,M,1,AP,566
2022,M,1,BA,6960
2022,M,1,CE,7364
2022,M,1,DF,1643
2022,M,1,ES,1468
2022,M,1,GO,5758
2022,M,1,MA,4473
2022,M,1,MG,9101
2022,M,1,MS,1778
2022,M,1,MT,1920
2022,M,1,PA,5803
2022,M,1,PB,3954
2022,M,1,PE,6653
2022,M,1,PI,3085
2022,M,1,PR,5426
2022,M,1,RJ,5403
2022,M,1,RN,1699
2022,M,1,RO,761
2022,M,1,RR,269
2022,M,1,RS,2750
2022,M,1,SC,2584
2022,M,1,SE,2302
2022,M,1,SP,17152
2022,M,1,TO,1160
2022,M,2,AC,1321
2022,M,2,AL,3788
2022,M,2,AM,5820
2022,M,2,AP,1241
2022,M,2,BA,14528
2022,M,2,CE,22208
2022,M,2,DF,5077
2022,M,2,ES,4282
2022,M,2,GO,14112
2022,M,2,MA,9162
2022,M,2,MG,22098
2022,M,2,MS,4510
2022,M,2,MT,4813
2022,M,2,PA,10389
2022,M,2,PB,6972
2022,M,2,PE,14096
2022,M,2,PI,5572
2022,M,2,PR,18458
2022,M,2,RJ,16957
2022,M,2,RN,4272
2022,M,2,RO,1983
2022,M,2,RR,498
2022,M,2,RS,9319
2022,M,2,SC,7618
2022,M,2,SE,3479
2022,M,2,SP,56102
2022,M,2,TO,2517
2022,M,3,AC,1717
2022,M,3,AL,5185
2022,M,3,AM,8929
2022,M,3,AP,1588
2022,M,3,BA,18334
2022,M,3,CE,28393
2022,M,3,DF,6023
2022,M,3,ES,6878
2022,M,3,GO,16884
2022,M,3,MA,10671
2022,M,3,MG,26297
2022,M,3,MS,3507
2022,M,3,MT,5885
2022,M,3,PA,13578
2022,M,3,PB,7512
2022,M,3,PE,16511
2022,M,3,PI,6346
2022,M,3,PR,12209
2022,M,3,RJ,21703
2022,M,3,RN,6039
2022,M,3,RO,3335
2022,M,3,RR,812
2022,M,3,RS,13969
2022,M,3,SC,9561
2022,M,3,SE,4021
2022,M,3,SP,61120
2022,M,3,TO,2629
2022,M,4,AC,1178
2022,M,4,AL,3271
2022,M,4,AM,4332
2022,M,4,AP,1141
2022,M,4,BA,12570
2022,M,4,CE,12753
2022,M,4,DF,3036
2022,M,4,ES,3179
2022,M,4,GO,6418
2022,M,4,MA,6799
2022,M,4,MG,13759
2022,M,4,MS,1604
2022,M,4,MT,2321
2022,M,4,PA,9643
2022,M,4,PB,4849
2022,M,4,PE,8998
2022,M,4,PI,4423
2022,M,4,PR,5512
2022,M,4,RJ,12439
2022,M,4,RN,4350
2022,M,4,RO,1362
2022,M,4,RR,390
2022,M,4,RS,6665
2022,M,4,SC,2874
2022,M,4,SE,2824
2022,M,4,SP,21451
2022,M,4,TO,1308
2022,M,5,AC,794
2022,M,5,AL,2155
2022,M,5,AM,2460
2022,M,5,AP,768
2022,M,5,BA,8857
2022,M,5,CE,7073
2022,M,5,DF,1818
2022,M,5,ES,1685
2022,M,5,GO,3358
2022,M,5,MA,4090
2022,M,5,MG,8491
2022,M,5,MS,1043
2022,M,5,MT,1363
2022,M,5,PA,6779
2022,M,5,PB,3397
2022,M,5,PE,5664
2022,M,5,PI,2886
2022,M,5,PR,3241
2022,M,5,RJ,7702
2022,M,5,RN,3315
2022,M,5,RO,740
2022,M,5,RR,234
2022,M,5,RS,4733
2022,M,5,SC,1585
2022,M,5,SE,1925
2022,M,5,SP,11195
2022,M,5,TO,808
2022,M,6,AC,541
2022,M,6,AL,1526
2022,M,6,AM,1591
2022,M,6,AP,541
2022,M,6,BA,6135
2022,M,6,CE,4115
2022,M,6,DF,1265
2022,M,6,ES,1094
2022,M,6,GO,1955
2022,M,6,MA,2707
2022,M,6,MG,5861
2022,M,6,MS,751
2022,M,6,MT,955
2022,M,6,PA,5146
2022,M,6,PB,2527
2022,M,6,PE,3851
2022,M,6,PI,1980
2022,M,6,PR,2079
2022,M,6,RJ,5169
2022,M,6,RN,2318
2022,M,6,RO,512
2022,M,6,RR,149
2022,M,6,RS,3123
2022,M,6,SC,953
2022,M,6,SE,1406
2022,M,6,SP,7359
2022,M,6,TO,547
2022,M,6,AC,423
2022,M,6,AL,1104
2022,M,6,AM,1319
2022,M,6,AP,440
2022,M,6,BA,4558
2022,M,6,CE,2909
2022,M,6,DF,882
2022,M,6,ES,902
2022,M,6,GO,1332
2022,M,6,MA,2114
2022,M,6,MG,4505
2022,M,6,MS,505
2022,M,6,MT,644
2022,M,6,PA,3790
2022,M,6,PB,1771
2022,M,6,PE,2726
2022,M,6,PI,1466
2022,M,6,PR,1627
2022,M,6,RJ,3999
2022,M,6,RN,1842
2022,M,6,RO,398
2022,M,6,RR,124
2022,M,6,RS,2347
2022,M,6,SC,818
2022,M,6,SE,1037
2022,M,6,SP,5773
2022,M,6,TO,348
2022,M,6,AC,385
2022,M,6,AL,887
2022,M,6,AM,1011
2022,M,6,AP,351
2022,M,6,BA,3499
2022,M,6,CE,2156
2022,M,6,DF,678
2022,M,6,ES,620
2022,M,6,GO,972
2022,M,6,MA,1627
2022,M,6,MG,3516
2022,M,6,MS,432
2022,M,6,MT,543
2022,M,6,PA,2929
2022,M,6,PB,1415
2022,M,6,PE,2097
2022,M,6,PI,1083
2022,M,6,PR,1364
2022,M,6,RJ,2974
2022,M,6,RN,1532
2022,M,6,RO,300
2022,M,6,RR,96
2022,M,6,RS,1883
2022,M,6,SC,640
2022,M,6,SE,771
2022,M,6,SP,4639
2022,M,6,TO,268
2022,M,6,AC,267
2022,M,6,AL,688
2022,M,6,AM,846
2022,M,6,AP,255
2022,M,6,BA,2460
2022,M,6,CE,1580
2022,M,6,DF,626
2022,M,6,ES,544
2022,M,6,GO,816
2022,M,6,MA,1149
2022,M,6,MG,2755
2022,M,6,MS,355
2022,M,6,MT,429
2022,M,6,PA,2204
2022,M,6,PB,1053
2022,M,6,PE,1715
2022,M,6,PI,863
2022,M,6,PR,1080
2022,M,6,RJ,2218
2022,M,6,RN,1269
2022,M,6,RO,240
2022,M,6,RR,92
2022,M,6,RS,1480
2022,M,6,SC,490
2022,M,6,SE,613
2022,M,6,SP,3516
2022,M,6,TO,219
2022,M,6,AC,231
2022,M,6,AL,611
2022,M,6,AM,712
2022,M,6,AP,212
2022,M,6,BA,2046
2022,M,6,CE,1347
2022,M,6,DF,489
2022,M,6,ES,459
2022,M,6,GO,624
2022,M,6,MA,944
2022,M,6,MG,2270
2022,M,6,MS,306
2022,M,6,MT,385
2022,M,6,PA,1920
2022,M,6,PB,1005
2022,M,6,PE,1388
2022,M,6,PI,652
2022,M,6,PR,902
2022,M,6,RJ,1946
2022,M,6,RN,987
2022,M,6,RO,228
2022,M,6,RR,58
2022,M,6,RS,1289
2022,M,6,SC,441
2022,M,6,SE,501
2022,M,6,SP,3061
2022,M,6,TO,161
2022,M,6,AC,691
2022,M,6,AL,1815
2022,M,6,AM,2234
2022,M,6,AP,694
2022,M,6,BA,5682
2022,M,6,CE,4284
2022,M,6,DF,1555
2022,M,6,ES,1374
2022,M,6,GO,2074
2022,M,6,MA,2879
2022,M,6,MG,7044
2022,M,6,MS,1063
2022,M,6,MT,1327
2022,M,6,PA,5896
2022,M,6,PB,3027
2022,M,6,PE,4458
2022,M,6,PI,1875
2022,M,6,PR,2940
2022,M,6,RJ,5696
2022,M,6,RN,3408
2022,M,6,RO,820
2022,M,6,RR,183
2022,M,6,RS,3835
2022,M,6,SC,1474
2022,M,6,SE,1464
2022,M,6,SP,9043
2022,M,6,TO,484
2022,M,6,AC,400
2022,M,6,AL,995
2022,M,6,AM,1251
2022,M,6,AP,478
2022,M,6,BA,2921
2022,M,6,CE,2366
2022,M,6,DF,909
2022,M,6,ES,892
2022,M,6,GO,1118
2022,M,6,MA,1495
2022,M,6,MG,3932
2022,M,6,MS,552
2022,M,6,MT,810
2022,M,6,PA,3237
2022,M,6,PB,1780
2022,M,6,PE,2382
2022,M,6,PI,1144
2022,M,6,PR,1554
2022,M,6,RJ,2952
2022,M,6,RN,1951
2022,M,6,RO,476
2022,M,6,RR,111
2022,M,6,RS,2043
2022,M,6,SC,779
2022,M,6,SE,758
2022,M,6,SP,4788
2022,M,6,TO,230
2022,M,6,AC,311
2022,M,6,AL,653
2022,M,6,AM,793
2022,M,6,AP,388
2022,M,6,BA,2226
2022,M,6,CE,1616
2022,M,6,DF,653
2022,M,6,ES,558
2022,M,6,GO,737
2022,M,6,MA,1061
2022,M,6,MG,2551
2022,M,6,MS,402
2022,M,6,MT,576
2022,M,6,PA,2281
2022,M,6,PB,1196
2022,M,6,PE,1645
2022,M,6,PI,755
2022,M,6,PR,1035
2022,M,6,RJ,2032
2022,M,6,RN,1297
2022,M,6,RO,357
2022,M,6,RR,68
2022,M,6,RS,1385
2022,M,6,SC,516
2022,M,6,SE,551
2022,M,6,SP,3146
2022,M,6,TO,144
2022,M,6,AC,176
2022,M,6,AL,406
2022,M,6,AM,495
2022,M,6,AP,224
2022,M,6,BA,1543
2022,M,6,CE,1020
2022,M,6,DF,509
2022,M,6,ES,408
2022,M,6,GO,503
2022,M,6,MA,624
2022,M,6,MG,1726
2022,M,6,MS,251
2022,M,6,MT,381
2022,M,6,PA,1643
2022,M,6,PB,719
2022,M,6,PE,1086
2022,M,6,PI,503
2022,M,6,PR,612
2022,M,6,RJ,1521
2022,M,6,RN,883
2022,M,6,RO,217
2022,M,6,RR,44
2022,M,6,RS,895
2022,M,6,SC,300
2022,M,6,SE,349
2022,M,6,SP,2039
2022,M,6,TO,89
2022,M,6,AC,107
2022,M,6,AL,225
2022,M,6,AM,316
2022,M,6,AP,99
2022,M,6,BA,896
2022,M,6,CE,565
2022,M,6,DF,351
2022,M,6,ES,229
2022,M,6,GO,288
2022,M,6,MA,365
2022,M,6,MG,1082
2022,M,6,MS,140
2022,M,6,MT,201
2022,M,6,PA,912
2022,M,6,PB,400
2022,M,6,PE,755
2022,M,6,PI,270
2022,M,6,PR,361
2022,M,6,RJ,1111
2022,M,6,RN,443
2022,M,6,RO,117
2022,M,6,RR,46
2022,M,6,RS,593
2022,M,6,SC,172
2022,M,6,SE,226
2022,M,6,SP,1367
2022,M,6,TO,50
2022,M,6,AC,41
2022,M,6,AL,126
2022,M,6,AM,163
2022,M,6,AP,69
2022,M,6,BA,503
2022,M,6,CE,367
2022,M,6,DF,237
2022,M,6,ES,155
2022,M,6,GO,172
2022,M,6,MA,218
2022,M,6,MG,723
2022,M,6,MS,106
2022,M,6,MT,121
2022,M,6,PA,560
2022,M,6,PB,226
2022,M,6,PE,457
2022,M,6,PI,133
2022,M,6,PR,204
2022,M,6,RJ,857
2022,M,6,RN,289
2022,M,6,RO,55
2022,M,6,RR,17
2022,M,6,RS,367
2022,M,6,SC,100
2022,M,6,SE,119
2022,M,6,SP,883
2022,M,6,TO,38
2022,M,6,AC,18
2022,M,6,AL,68
2022,M,6,AM,77
2022,M,6,AP,29
2022,M,6,BA,334
2022,M,6,CE,226
2022,M,6,DF,111
2022,M,6,ES,109
2022,M,6,GO,95
2022,M,6,MA,87
2022,M,6,MG,454
2022,M,6,MS,52
2022,M,6,MT,54
2022,M,6,PA,263
2022,M,6,PB,116
2022,M,6,PE,227
2022,M,6,PI,87
2022,M,6,PR,125
2022,M,6,RJ,550
2022,M,6,RN,160
2022,M,6,RO,32
2022,M,6,RR,7
2022,M,6,RS,218
2022,M,6,SC,57
2022,M,6,SE,68
2022,M,6,SP,548
2022,M,6,TO,18
2022,M,6,AC,4
2022,M,6,AL,25
2022,M,6,AM,44
2022,M,6,AP,14
2022,M,6,BA,143
2022,M,6,CE,90
2022,M,6,DF,44
2022,M,6,ES,42
2022,M,6,GO,35
2022,M,6,MA,47
2022,M,6,MG,207
2022,M,6,MS,18
2022,M,6,MT,36
2022,M,6,PA,104
2022,M,6,PB,51
2022,M,6,PE,106
2022,M,6,PI,30
2022,M,6,PR,62
2022,M,6,RJ,318
2022,M,6,RN,67
2022,M,6,RO,12
2022,M,6,RR,1
2022,M,6,RS,98
2022,M,6,SC,21
2022,M,6,SE,27
2022,M,6,SP,269
2022,M,6,TO,6
2022,M,6,AC,7
2022,M,6,AL,6
2022,M,6,AM,14
2022,M,6,AP,3
2022,M,6,BA,71
2022,M,6,CE,35
2022,M,6,DF,14
2022,M,6,ES,16
2022,M,6,GO,16
2022,M,6,MA,19
2022,M,6,MG,97
2022,M,6,MS,11
2022,M,6,MT,5
2022,M,6,PA,54
2022,M,6,PB,21
2022,M,6,PE,41
2022,M,6,PI,19
2022,M,6,PR,20
2022,M,6,RJ,155
2022,M,6,RN,26
2022,M,6,RO,3
2022,M,6,RR,3
2022,M,6,RS,45
2022,M,6,SC,9
2022,M,6,SE,19
2022,M,6,SP,114
2022,M,6,TO,6
2022,M,6,AC,2
2022,M,6,AL,6
2022,M,6,AM,7
2022,M,6,AP,3
2022,M,6,BA,24
2022,M,6,CE,15
2022,M,6,DF,16
2022,M,6,ES,8
2022,M,6,GO,10
2022,M,6,MA,7
2022,M,6,MG,49
2022,M,6,MS,2
2022,M,6,MT,4
2022,M,6,PA,20
2022,M,6,PB,8
2022,M,6,PE,17
2022,M,6,PI,5
2022,M,6,PR,12
2022,M,6,RJ,55
2022,M,6,RN,12
2022,M,6,RO,2
2022,M,6,RS,13
2022,M,6,SC,5
2022,M,6,SE,7
2022,M,6,SP,53
2022,M,6,TO,1
2023,F,1,AC,927
2023,F,1,AL,3631
2023,F,1,AM,2875
2023,F,1,AP,1032
2023,F,1,BA,17349
2023,F,1,CE,14915
2023,F,1,DF,3505
2023,F,1,ES,3354
2023,F,1,GO,12279
2023,F,1,MA,10234
2023,F,1,MG,22166
2023,F,1,MS,3822
2023,F,1,MT,4118
2023,F,1,PA,11879
2023,F,1,PB,8333
2023,F,1,PE,15096
2023,F,1,PI,6553
2023,F,1,PR,12779
2023,F,1,RJ,12400
2023,F,1,RN,3519
2023,F,1,RO,1907
2023,F,1,RR,675
2023,F,1,RS,6971
2023,F,1,SC,6136
2023,F,1,SE,4579
2023,F,1,SP,35002
2023,F,1,TO,2701
2023,F,2,AC,2022
2023,F,2,AL,7396
2023,F,2,AM,8305
2023,F,2,AP,2073
2023,F,2,BA,30848
2023,F,2,CE,29670
2023,F,2,DF,7854
2023,F,2,ES,7983
2023,F,2,GO,21538
2023,F,2,MA,18656
2023,F,2,MG,41019
2023,F,2,MS,7165
2023,F,2,MT,8543
2023,F,2,PA,19444
2023,F,2,PB,11836
2023,F,2,PE,25096
2023,F,2,PI,10476
2023,F,2,PR,31682
2023,F,2,RJ,30124
2023,F,2,RN,7478
2023,F,2,RO,3975
2023,F,2,RR,947
2023,F,2,RS,17701
2023,F,2,SC,14076
2023,F,2,SE,6626
2023,F,2,SP,87981
2023,F,2,TO,4694
2023,F,3,AC,2883
2023,F,3,AL,10247
2023,F,3,AM,12489
2023,F,3,AP,2551
2023,F,3,BA,37929
2023,F,3,CE,34677
2023,F,3,DF,9732
2023,F,3,ES,11435
2023,F,3,GO,23363
2023,F,3,MA,21407
2023,F,3,MG,52076
2023,F,3,MS,5552
2023,F,3,MT,10269
2023,F,3,PA,23532
2023,F,3,PB,12637
2023,F,3,PE,27505
2023,F,3,PI,11619
2023,F,3,PR,22449
2023,F,3,RJ,37574
2023,F,3,RN,10476
2023,F,3,RO,5598
2023,F,3,RR,1507
2023,F,3,RS,24843
2023,F,3,SC,17361
2023,F,3,SE,7303
2023,F,3,SP,102324
2023,F,3,TO,4621
2023,F,4,AC,1669
2023,F,4,AL,5906
2023,F,4,AM,5716
2023,F,4,AP,1768
2023,F,4,BA,25395
2023,F,4,CE,14105
2023,F,4,DF,4848
2023,F,4,ES,5355
2023,F,4,GO,8281
2023,F,4,MA,12259
2023,F,4,MG,25303
2023,F,4,MS,2579
2023,F,4,MT,3795
2023,F,4,PA,15767
2023,F,4,PB,7871
2023,F,4,PE,14327
2023,F,4,PI,7187
2023,F,4,PR,8814
2023,F,4,RJ,21703
2023,F,4,RN,7272
2023,F,4,RO,2092
2023,F,4,RR,683
2023,F,4,RS,12239
2023,F,4,SC,5081
2023,F,4,SE,4746
2023,F,4,SP,35814
2023,F,4,TO,2109
2023,F,5,AC,1224
2023,F,5,AL,3984
2023,F,5,AM,3496
2023,F,5,AP,1310
2023,F,5,BA,17519
2023,F,5,CE,8056
2023,F,5,DF,3079
2023,F,5,ES,2877
2023,F,5,GO,4681
2023,F,5,MA,7940
2023,F,5,MG,16030
2023,F,5,MS,1536
2023,F,5,MT,2117
2023,F,5,PA,11134
2023,F,5,PB,5513
2023,F,5,PE,9194
2023,F,5,PI,4605
2023,F,5,PR,4765
2023,F,5,RJ,13257
2023,F,5,RN,5136
2023,F,5,RO,1188
2023,F,5,RR,439
2023,F,5,RS,7044
2023,F,5,SC,2499
2023,F,5,SE,3150
2023,F,5,SP,19213
2023,F,5,TO,1327
2023,F,6,AC,841
2023,F,6,AL,2745
2023,F,6,AM,2695
2023,F,6,AP,942
2023,F,6,BA,13085
2023,F,6,CE,5331
2023,F,6,DF,2054
2023,F,6,ES,2006
2023,F,6,GO,3008
2023,F,6,MA,5253
2023,F,6,MG,10885
2023,F,6,MS,1125
2023,F,6,MT,1405
2023,F,6,PA,7736
2023,F,6,PB,4061
2023,F,6,PE,6207
2023,F,6,PI,3322
2023,F,6,PR,3252
2023,F,6,RJ,8544
2023,F,6,RN,3542
2023,F,6,RO,910
2023,F,6,RR,282
2023,F,6,RS,4940
2023,F,6,SC,1716
2023,F,6,SE,2261
2023,F,6,SP,12430
2023,F,6,TO,857
2023,F,6,AC,653
2023,F,6,AL,2023
2023,F,6,AM,2157
2023,F,6,AP,800
2023,F,6,BA,9900
2023,F,6,CE,3769
2023,F,6,DF,1544
2023,F,6,ES,1500
2023,F,6,GO,2219
2023,F,6,MA,4036
2023,F,6,MG,8134
2023,F,6,MS,864
2023,F,6,MT,1034
2023,F,6,PA,6173
2023,F,6,PB,3058
2023,F,6,PE,4742
2023,F,6,PI,2481
2023,F,6,PR,2390
2023,F,6,RJ,6121
2023,F,6,RN,2850
2023,F,6,RO,686
2023,F,6,RR,193
2023,F,6,RS,3378
2023,F,6,SC,1341
2023,F,6,SE,1683
2023,F,6,SP,9094
2023,F,6,TO,652
2023,F,6,AC,516
2023,F,6,AL,1651
2023,F,6,AM,1781
2023,F,6,AP,645
2023,F,6,BA,7893
2023,F,6,CE,3023
2023,F,6,DF,1226
2023,F,6,ES,1266
2023,F,6,GO,1716
2023,F,6,MA,3277
2023,F,6,MG,6431
2023,F,6,MS,657
2023,F,6,MT,826
2023,F,6,PA,4852
2023,F,6,PB,2330
2023,F,6,PE,3758
2023,F,6,PI,1941
2023,F,6,PR,1928
2023,F,6,RJ,5157
2023,F,6,RN,2229
2023,F,6,RO,601
2023,F,6,RR,176
2023,F,6,RS,2807
2023,F,6,SC,1082
2023,F,6,SE,1339
2023,F,6,SP,7414
2023,F,6,TO,448
2023,F,6,AC,499
2023,F,6,AL,1414
2023,F,6,AM,1510
2023,F,6,AP,571
2023,F,6,BA,6206
2023,F,6,CE,2510
2023,F,6,DF,992
2023,F,6,ES,991
2023,F,6,GO,1428
2023,F,6,MA,2610
2023,F,6,MG,5081
2023,F,6,MS,556
2023,F,6,MT,734
2023,F,6,PA,4156
2023,F,6,PB,1892
2023,F,6,PE,3096
2023,F,6,PI,1443
2023,F,6,PR,1634
2023,F,6,RJ,4288
2023,F,6,RN,1850
2023,F,6,RO,543
2023,F,6,RR,132
2023,F,6,RS,2411
2023,F,6,SC,872
2023,F,6,SE,1102
2023,F,6,SP,6109
2023,F,6,TO,430
2023,F,6,AC,376
2023,F,6,AL,1176
2023,F,6,AM,1377
2023,F,6,AP,511
2023,F,6,BA,4900
2023,F,6,CE,1935
2023,F,6,DF,874
2023,F,6,ES,872
2023,F,6,GO,1112
2023,F,6,MA,2008
2023,F,6,MG,3918
2023,F,6,MS,482
2023,F,6,MT,599
2023,F,6,PA,3432
2023,F,6,PB,1633
2023,F,6,PE,2433
2023,F,6,PI,1199
2023,F,6,PR,1285
2023,F,6,RJ,3215
2023,F,6,RN,1518
2023,F,6,RO,475
2023,F,6,RR,110
2023,F,6,RS,1820
2023,F,6,SC,749
2023,F,6,SE,810
2023,F,6,SP,4795
2023,F,6,TO,324
2023,F,6,AC,1339
2023,F,6,AL,3995
2023,F,6,AM,5003
2023,F,6,AP,1833
2023,F,6,BA,15758
2023,F,6,CE,7105
2023,F,6,DF,2786
2023,F,6,ES,2644
2023,F,6,GO,3637
2023,F,6,MA,6494
2023,F,6,MG,12737
2023,F,6,MS,1703
2023,F,6,MT,2152
2023,F,6,PA,13058
2023,F,6,PB,5642
2023,F,6,PE,8149
2023,F,6,PI,3867
2023,F,6,PR,4301
2023,F,6,RJ,11316
2023,F,6,RN,5349
2023,F,6,RO,1750
2023,F,6,RR,391
2023,F,6,RS,5839
2023,F,6,SC,2503
2023,F,6,SE,2789
2023,F,6,SP,15195
2023,F,6,TO,995
2023,F,6,AC,718
2023,F,6,AL,2248
2023,F,6,AM,2633
2023,F,6,AP,1086
2023,F,6,BA,8171
2023,F,6,CE,3824
2023,F,6,DF,1641
2023,F,6,ES,1529
2023,F,6,GO,2133
2023,F,6,MA,3459
2023,F,6,MG,6838
2023,F,6,MS,1045
2023,F,6,MT,1316
2023,F,6,PA,7867
2023,F,6,PB,3172
2023,F,6,PE,4474
2023,F,6,PI,2191
2023,F,6,PR,2408
2023,F,6,RJ,6032
2023,F,6,RN,2876
2023,F,6,RO,1014
2023,F,6,RR,230
2023,F,6,RS,3288
2023,F,6,SC,1242
2023,F,6,SE,1517
2023,F,6,SP,7792
2023,F,6,TO,581
2023,F,6,AC,520
2023,F,6,AL,1722
2023,F,6,AM,2032
2023,F,6,AP,827
2023,F,6,BA,6505
2023,F,6,CE,2816
2023,F,6,DF,1380
2023,F,6,ES,1212
2023,F,6,GO,1721
2023,F,6,MA,2521
2023,F,6,MG,4838
2023,F,6,MS,805
2023,F,6,MT,1058
2023,F,6,PA,5807
2023,F,6,PB,2472
2023,F,6,PE,3422
2023,F,6,PI,1652
2023,F,6,PR,1597
2023,F,6,RJ,4489
2023,F,6,RN,2231
2023,F,6,RO,777
2023,F,6,RR,143
2023,F,6,RS,2424
2023,F,6,SC,867
2023,F,6,SE,1079
2023,F,6,SP,5857
2023,F,6,TO,335
2023,F,6,AC,311
2023,F,6,AL,1089
2023,F,6,AM,1230
2023,F,6,AP,556
2023,F,6,BA,4479
2023,F,6,CE,1765
2023,F,6,DF,1116
2023,F,6,ES,917
2023,F,6,GO,1101
2023,F,6,MA,1552
2023,F,6,MG,3582
2023,F,6,MS,555
2023,F,6,MT,772
2023,F,6,PA,3887
2023,F,6,PB,1495
2023,F,6,PE,2370
2023,F,6,PI,1093
2023,F,6,PR,1104
2023,F,6,RJ,4048
2023,F,6,RN,1471
2023,F,6,RO,480
2023,F,6,RR,96
2023,F,6,RS,1918
2023,F,6,SC,547
2023,F,6,SE,693
2023,F,6,SP,4464
2023,F,6,TO,218
2023,F,6,AC,156
2023,F,6,AL,577
2023,F,6,AM,777
2023,F,6,AP,259
2023,F,6,BA,2498
2023,F,6,CE,1040
2023,F,6,DF,750
2023,F,6,ES,586
2023,F,6,GO,680
2023,F,6,MA,793
2023,F,6,MG,2394
2023,F,6,MS,308
2023,F,6,MT,427
2023,F,6,PA,2300
2023,F,6,PB,838
2023,F,6,PE,1466
2023,F,6,PI,567
2023,F,6,PR,663
2023,F,6,RJ,2888
2023,F,6,RN,798
2023,F,6,RO,245
2023,F,6,RR,38
2023,F,6,RS,1207
2023,F,6,SC,323
2023,F,6,SE,435
2023,F,6,SP,2865
2023,F,6,TO,93
2023,F,6,AC,64
2023,F,6,AL,369
2023,F,6,AM,346
2023,F,6,AP,152
2023,F,6,BA,1429
2023,F,6,CE,642
2023,F,6,DF,433
2023,F,6,ES,366
2023,F,6,GO,364
2023,F,6,MA,406
2023,F,6,MG,1527
2023,F,6,MS,169
2023,F,6,MT,223
2023,F,6,PA,1214
2023,F,6,PB,457
2023,F,6,PE,826
2023,F,6,PI,338
2023,F,6,PR,361
2023,F,6,RJ,2094
2023,F,6,RN,432
2023,F,6,RO,117
2023,F,6,RR,16
2023,F,6,RS,749
2023,F,6,SC,175
2023,F,6,SE,243
2023,F,6,SP,1850
2023,F,6,TO,43
2023,F,6,AC,19
2023,F,6,AL,183
2023,F,6,AM,149
2023,F,6,AP,49
2023,F,6,BA,714
2023,F,6,CE,349
2023,F,6,DF,252
2023,F,6,ES,182
2023,F,6,GO,170
2023,F,6,MA,187
2023,F,6,MG,826
2023,F,6,MS,66
2023,F,6,MT,90
2023,F,6,PA,527
2023,F,6,PB,213
2023,F,6,PE,417
2023,F,6,PI,161
2023,F,6,PR,157
2023,F,6,RJ,1354
2023,F,6,RN,209
2023,F,6,RO,53
2023,F,6,RR,13
2023,F,6,RS,410
2023,F,6,SC,89
2023,F,6,SE,120
2023,F,6,SP,1007
2023,F,6,TO,23
2023,F,6,AC,7
2023,F,6,AL,57
2023,F,6,AM,45
2023,F,6,AP,16
2023,F,6,BA,260
2023,F,6,CE,123
2023,F,6,DF,79
2023,F,6,ES,59
2023,F,6,GO,62
2023,F,6,MA,54
2023,F,6,MG,313
2023,F,6,MS,27
2023,F,6,MT,30
2023,F,6,PA,168
2023,F,6,PB,67
2023,F,6,PE,157
2023,F,6,PI,40
2023,F,6,PR,73
2023,F,6,RJ,569
2023,F,6,RN,75
2023,F,6,RO,19
2023,F,6,RR,6
2023,F,6,RS,167
2023,F,6,SC,23
2023,F,6,SE,42
2023,F,6,SP,392
2023,F,6,TO,11
2023,F,6,AC,1
2023,F,6,AL,17
2023,F,6,AM,15
2023,F,6,AP,9
2023,F,6,BA,94
2023,F,6,CE,48
2023,F,6,DF,35
2023,F,6,ES,22
2023,F,6,GO,17
2023,F,6,MA,20
2023,F,6,MG,147
2023,F,6,MS,12
2023,F,6,MT,12
2023,F,6,PA,71
2023,F,6,PB,19
2023,F,6,PE,61
2023,F,6,PI,12
2023,F,6,PR,18
2023,F,6,RJ,217
2023,F,6,RN,17
2023,F,6,RO,7
2023,F,6,RS,52
2023,F,6,SC,10
2023,F,6,SE,5
2023,F,6,SP,133
2023,F,6,TO,1
2023,F,6,AC,1
2023,F,6,AL,4
2023,F,6,AM,3
2023,F,6,AP,3
2023,F,6,BA,26
2023,F,6,CE,18
2023,F,6,DF,13
2023,F,6,ES,8
2023,F,6,GO,10
2023,F,6,MA,5
2023,F,6,MG,55
2023,F,6,MT,2
2023,F,6,PA,16
2023,F,6,PB,4
2023,F,6,PE,15
2023,F,6,PI,8
2023,F,6,PR,5
2023,F,6,RJ,82
2023,F,6,RN,6
2023,F,6,RS,19
2023,F,6,SC,1
2023,F,6,SE,6
2023,F,6,SP,44
2023,F,6,TO,1
2023,M,1,AC,482
2023,M,1,AL,1824
2023,M,1,AM,1679
2023,M,1,AP,689
2023,M,1,BA,7995
2023,M,1,CE,8934
2023,M,1,DF,2006
2023,M,1,ES,1661
2023,M,1,GO,6400
2023,M,1,MA,5477
2023,M,1,MG,10887
2023,M,1,MS,1981
2023,M,1,MT,2044
2023,M,1,PA,6488
2023,M,1,PB,4626
2023,M,1,PE,7779
2023,M,1,PI,3611
2023,M,1,PR,6410
2023,M,1,RJ,6350
2023,M,1,RN,1876
2023,M,1,RO,922
2023,M,1,RR,348
2023,M,1,RS,2893
2023,M,1,SC,2816
2023,M,1,SE,2456
2023,M,1,SP,18709
2023,M,1,TO,1354
2023,M,2,AC,1240
2023,M,2,AL,4418
2023,M,2,AM,5816
2023,M,2,AP,1407
2023,M,2,BA,16246
2023,M,2,CE,22601
2023,M,2,DF,5278
2023,M,2,ES,4697
2023,M,2,GO,14565
2023,M,2,MA,10915
2023,M,2,MG,23272
2023,M,2,MS,4544
2023,M,2,MT,4977
2023,M,2,PA,11665
2023,M,2,PB,8012
2023,M,2,PE,15343
2023,M,2,PI,6782
2023,M,2,PR,20372
2023,M,2,RJ,17998
2023,M,2,RN,4707
2023,M,2,RO,2283
2023,M,2,RR,525
2023,M,2,RS,9715
2023,M,2,SC,8085
2023,M,2,SE,3877
2023,M,2,SP,56508
2023,M,2,TO,2744
2023,M,3,AC,1958
2023,M,3,AL,7245
2023,M,3,AM,9821
2023,M,3,AP,1980
2023,M,3,BA,20930
2023,M,3,CE,30298
2023,M,3,DF,6703
2023,M,3,ES,7732
2023,M,3,GO,17583
2023,M,3,MA,13706
2023,M,3,MG,31273
2023,M,3,MS,3780
2023,M,3,MT,6475
2023,M,3,PA,15138
2023,M,3,PB,9126
2023,M,3,PE,18603
2023,M,3,PI,8021
2023,M,3,PR,14300
2023,M,3,RJ,23018
2023,M,3,RN,6754
2023,M,3,RO,3836
2023,M,3,RR,910
2023,M,3,RS,15148
2023,M,3,SC,10512
2023,M,3,SE,4628
2023,M,3,SP,68607
2023,M,3,TO,3003
2023,M,4,AC,1129
2023,M,4,AL,4164
2023,M,4,AM,4490
2023,M,4,AP,1295
2023,M,4,BA,14215
2023,M,4,CE,11714
2023,M,4,DF,2941
2023,M,4,ES,3481
2023,M,4,GO,5759
2023,M,4,MA,8070
2023,M,4,MG,14906
2023,M,4,MS,1672
2023,M,4,MT,2407
2023,M,4,PA,10200
2023,M,4,PB,5678
2023,M,4,PE,9573
2023,M,4,PI,4828
2023,M,4,PR,5597
2023,M,4,RJ,13342
2023,M,4,RN,4817
2023,M,4,RO,1307
2023,M,4,RR,406
2023,M,4,RS,6810
2023,M,4,SC,3201
2023,M,4,SE,2889
2023,M,4,SP,22676
2023,M,4,TO,1341
2023,M,5,AC,791
2023,M,5,AL,2759
2023,M,5,AM,2680
2023,M,5,AP,950
2023,M,5,BA,9848
2023,M,5,CE,6421
2023,M,5,DF,1914
2023,M,5,ES,1892
2023,M,5,GO,3159
2023,M,5,MA,5047
2023,M,5,MG,9490
2023,M,5,MS,994
2023,M,5,MT,1344
2023,M,5,PA,7251
2023,M,5,PB,3914
2023,M,5,PE,6038
2023,M,5,PI,3163
2023,M,5,PR,3283
2023,M,5,RJ,8393
2023,M,5,RN,3602
2023,M,5,RO,778
2023,M,5,RR,236
2023,M,5,RS,4603
2023,M,5,SC,1688
2023,M,5,SE,2035
2023,M,5,SP,11988
2023,M,5,TO,809
2023,M,6,AC,574
2023,M,6,AL,1847
2023,M,6,AM,1803
2023,M,6,AP,642
2023,M,6,BA,7272
2023,M,6,CE,4144
2023,M,6,DF,1344
2023,M,6,ES,1333
2023,M,6,GO,1923
2023,M,6,MA,3221
2023,M,6,MG,6621
2023,M,6,MS,744
2023,M,6,MT,917
2023,M,6,PA,5139
2023,M,6,PB,2852
2023,M,6,PE,4177
2023,M,6,PI,2134
2023,M,6,PR,2233
2023,M,6,RJ,5680
2023,M,6,RN,2773
2023,M,6,RO,522
2023,M,6,RR,153
2023,M,6,RS,3094
2023,M,6,SC,1181
2023,M,6,SE,1352
2023,M,6,SP,7793
2023,M,6,TO,498
2023,M,6,AC,420
2023,M,6,AL,1354
2023,M,6,AM,1461
2023,M,6,AP,569
2023,M,6,BA,5492
2023,M,6,CE,2971
2023,M,6,DF,948
2023,M,6,ES,937
2023,M,6,GO,1378
2023,M,6,MA,2376
2023,M,6,MG,5082
2023,M,6,MS,571
2023,M,6,MT,719
2023,M,6,PA,3958
2023,M,6,PB,2284
2023,M,6,PE,3250
2023,M,6,PI,1552
2023,M,6,PR,1661
2023,M,6,RJ,4208
2023,M,6,RN,2095
2023,M,6,RO,433
2023,M,6,RR,119
2023,M,6,RS,2310
2023,M,6,SC,825
2023,M,6,SE,1169
2023,M,6,SP,5855
2023,M,6,TO,412
2023,M,6,AC,368
2023,M,6,AL,1088
2023,M,6,AM,1242
2023,M,6,AP,510
2023,M,6,BA,4552
2023,M,6,CE,2375
2023,M,6,DF,797
2023,M,6,ES,811
2023,M,6,GO,1147
2023,M,6,MA,2031
2023,M,6,MG,4214
2023,M,6,MS,452
2023,M,6,MT,557
2023,M,6,PA,3136
2023,M,6,PB,1799
2023,M,6,PE,2519
2023,M,6,PI,1236
2023,M,6,PR,1341
2023,M,6,RJ,3633
2023,M,6,RN,1736
2023,M,6,RO,394
2023,M,6,RR,118
2023,M,6,RS,1891
2023,M,6,SC,775
2023,M,6,SE,847
2023,M,6,SP,5011
2023,M,6,TO,263
2023,M,6,AC,327
2023,M,6,AL,911
2023,M,6,AM,1029
2023,M,6,AP,385
2023,M,6,BA,3663
2023,M,6,CE,1861
2023,M,6,DF,663
2023,M,6,ES,679
2023,M,6,GO,866
2023,M,6,MA,1567
2023,M,6,MG,3305
2023,M,6,MS,426
2023,M,6,MT,446
2023,M,6,PA,2594
2023,M,6,PB,1447
2023,M,6,PE,2131
2023,M,6,PI,940
2023,M,6,PR,1129
2023,M,6,RJ,2810
2023,M,6,RN,1429
2023,M,6,RO,304
2023,M,6,RR,94
2023,M,6,RS,1618
2023,M,6,SC,641
2023,M,6,SE,717
2023,M,6,SP,4059
2023,M,6,TO,258
2023,M,6,AC,265
2023,M,6,AL,721
2023,M,6,AM,850
2023,M,6,AP,300
2023,M,6,BA,2680
2023,M,6,CE,1527
2023,M,6,DF,563
2023,M,6,ES,556
2023,M,6,GO,751
2023,M,6,MA,1155
2023,M,6,MG,2789
2023,M,6,MS,324
2023,M,6,MT,460
2023,M,6,PA,2104
2023,M,6,PB,1133
2023,M,6,PE,1745
2023,M,6,PI,787
2023,M,6,PR,900
2023,M,6,RJ,2157
2023,M,6,RN,1243
2023,M,6,RO,248
2023,M,6,RR,57
2023,M,6,RS,1289
2023,M,6,SC,481
2023,M,6,SE,590
2023,M,6,SP,3340
2023,M,6,TO,174
2023,M,6,AC,791
2023,M,6,AL,2526
2023,M,6,AM,3087
2023,M,6,AP,1071
2023,M,6,BA,8465
2023,M,6,CE,5506
2023,M,6,DF,1990
2023,M,6,ES,1804
2023,M,6,GO,2546
2023,M,6,MA,3844
2023,M,6,MG,9074
2023,M,6,MS,1128
2023,M,6,MT,1459
2023,M,6,PA,7379
2023,M,6,PB,4062
2023,M,6,PE,5783
2023,M,6,PI,2371
2023,M,6,PR,3372
2023,M,6,RJ,7156
2023,M,6,RN,4100
2023,M,6,RO,999
2023,M,6,RR,213
2023,M,6,RS,4196
2023,M,6,SC,1910
2023,M,6,SE,1823
2023,M,6,SP,10737
2023,M,6,TO,570
2023,M,6,AC,436
2023,M,6,AL,1294
2023,M,6,AM,1633
2023,M,6,AP,729
2023,M,6,BA,3980
2023,M,6,CE,2939
2023,M,6,DF,1180
2023,M,6,ES,981
2023,M,6,GO,1309
2023,M,6,MA,2089
2023,M,6,MG,4845
2023,M,6,MS,649
2023,M,6,MT,889
2023,M,6,PA,4021
2023,M,6,PB,2278
2023,M,6,PE,3151
2023,M,6,PI,1250
2023,M,6,PR,1657
2023,M,6,RJ,3746
2023,M,6,RN,2312
2023,M,6,RO,608
2023,M,6,RR,138
2023,M,6,RS,2171
2023,M,6,SC,1004
2023,M,6,SE,935
2023,M,6,SP,5547
2023,M,6,TO,285
2023,M,6,AC,336
2023,M,6,AL,892
2023,M,6,AM,1161
2023,M,6,AP,614
2023,M,6,BA,3070
2023,M,6,CE,2003
2023,M,6,DF,844
2023,M,6,ES,733
2023,M,6,GO,875
2023,M,6,MA,1360
2023,M,6,MG,3072
2023,M,6,MS,461
2023,M,6,MT,652
2023,M,6,PA,2784
2023,M,6,PB,1630
2023,M,6,PE,2173
2023,M,6,PI,895
2023,M,6,PR,1046
2023,M,6,RJ,2487
2023,M,6,RN,1589
2023,M,6,RO,413
2023,M,6,RR,92
2023,M,6,RS,1499
2023,M,6,SC,616
2023,M,6,SE,629
2023,M,6,SP,3692
2023,M,6,TO,200
2023,M,6,AC,227
2023,M,6,AL,572
2023,M,6,AM,699
2023,M,6,AP,361
2023,M,6,BA,2113
2023,M,6,CE,1265
2023,M,6,DF,637
2023,M,6,ES,491
2023,M,6,GO,568
2023,M,6,MA,820
2023,M,6,MG,2162
2023,M,6,MS,338
2023,M,6,MT,446
2023,M,6,PA,1927
2023,M,6,PB,962
2023,M,6,PE,1565
2023,M,6,PI,606
2023,M,6,PR,663
2023,M,6,RJ,1929
2023,M,6,RN,1049
2023,M,6,RO,255
2023,M,6,RR,77
2023,M,6,RS,982
2023,M,6,SC,365
2023,M,6,SE,489
2023,M,6,SP,2565
2023,M,6,TO,93
2023,M,6,AC,110
2023,M,6,AL,335
2023,M,6,AM,430
2023,M,6,AP,172
2023,M,6,BA,1273
2023,M,6,CE,776
2023,M,6,DF,431
2023,M,6,ES,345
2023,M,6,GO,370
2023,M,6,MA,463
2023,M,6,MG,1340
2023,M,6,MS,179
2023,M,6,MT,276
2023,M,6,PA,1161
2023,M,6,PB,558
2023,M,6,PE,970
2023,M,6,PI,339
2023,M,6,PR,411
2023,M,6,RJ,1419
2023,M,6,RN,571
2023,M,6,RO,150
2023,M,6,RR,35
2023,M,6,RS,600
2023,M,6,SC,215
2023,M,6,SE,269
2023,M,6,SP,1556
2023,M,6,TO,66
2023,M,6,AC,41
2023,M,6,AL,205
2023,M,6,AM,223
2023,M,6,AP,88
2023,M,6,BA,742
2023,M,6,CE,442
2023,M,6,DF,275
2023,M,6,ES,200
2023,M,6,GO,206
2023,M,6,MA,243
2023,M,6,MG,898
2023,M,6,MS,96
2023,M,6,MT,172
2023,M,6,PA,656
2023,M,6,PB,323
2023,M,6,PE,660
2023,M,6,PI,187
2023,M,6,PR,232
2023,M,6,RJ,1022
2023,M,6,RN,356
2023,M,6,RO,75
2023,M,6,RR,22
2023,M,6,RS,422
2023,M,6,SC,129
2023,M,6,SE,140
2023,M,6,SP,1103
2023,M,6,TO,56
2023,M,6,AC,22
2023,M,6,AL,99
2023,M,6,AM,106
2023,M,6,AP,32
2023,M,6,BA,445
2023,M,6,CE,266
2023,M,6,DF,150
2023,M,6,ES,130
2023,M,6,GO,103
2023,M,6,MA,110
2023,M,6,MG,621
2023,M,6,MS,48
2023,M,6,MT,80
2023,M,6,PA,329
2023,M,6,PB,179
2023,M,6,PE,345
2023,M,6,PI,111
2023,M,6,PR,132
2023,M,6,RJ,773
2023,M,6,RN,207
2023,M,6,RO,42
2023,M,6,RR,12
2023,M,6,RS,254
2023,M,6,SC,78
2023,M,6,SE,100
2023,M,6,SP,663
2023,M,6,TO,13
2023,M,6,AC,4
2023,M,6,AL,48
2023,M,6,AM,50
2023,M,6,AP,8
2023,M,6,BA,189
2023,M,6,CE,125
2023,M,6,DF,72
2023,M,6,ES,61
2023,M,6,GO,47
2023,M,6,MA,61
2023,M,6,MG,256
2023,M,6,MS,25
2023,M,6,MT,53
2023,M,6,PA,121
2023,M,6,PB,64
2023,M,6,PE,165
2023,M,6,PI,44
2023,M,6,PR,63
2023,M,6,RJ,397
2023,M,6,RN,100
2023,M,6,RO,28
2023,M,6,RR,4
2023,M,6,RS,137
2023,M,6,SC,27
2023,M,6,SE,43
2023,M,6,SP,359
2023,M,6,TO,11
2023,M,6,AC,4
2023,M,6,AL,19
2023,M,6,AM,14
2023,M,6,AP,8
2023,M,6,BA,97
2023,M,6,CE,51
2023,M,6,DF,30
2023,M,6,ES,24
2023,M,6,GO,26
2023,M,6,MA,20
2023,M,6,MG,99
2023,M,6,MS,12
2023,M,6,MT,7
2023,M,6,PA,63
2023,M,6,PB,29
2023,M,6,PE,59
2023,M,6,PI,14
2023,M,6,PR,26
2023,M,6,RJ,215
2023,M,6,RN,42
2023,M,6,RO,4
2023,M,6,RR,1
2023,M,6,RS,44
2023,M,6,SC,16
2023,M,6,SE,12
2023,M,6,SP,149
2023,M,6,TO,4
2023,M,6,AC,3
2023,M,6,AL,5
2023,M,6,AM,8
2023,M,6,AP,4
2023,M,6,BA,43
2023,M,6,CE,20
2023,M,6,DF,16
2023,M,6,ES,12
2023,M,6,GO,9
2023,M,6,MA,10
2023,M,6,MG,69
2023,M,6,MS,3
2023,M,6,MT,10
2023,M,6,PA,28
2023,M,6,PB,12
2023,M,6,PE,19
2023,M,6,PI,13
2023,M,6,PR,13
2023,M,6,RJ,91
2023,M,6,RN,14
2023,M,6,RR,2
2023,M,6,RS,16
2023,M,6,SC,5
2023,M,6,SE,12
2023,M,6,SP,75
